<?xml version="1.0" encoding="UTF-8" standalone="yes"?>
<Properties xmlns="http://schemas.openxmlformats.org/officeDocument/2006/extended-properties" xmlns:vt="http://schemas.openxmlformats.org/officeDocument/2006/docPropsVTypes"><Template>Normal.dotm</Template><TotalTime>2</TotalTime><Pages>10</Pages><Words>45</Words><Characters>257</Characters><Application>Microsoft Office Word</Application><DocSecurity>0</DocSecurity><Lines>2</Lines><Paragraphs>1</Paragraphs><ScaleCrop>false</ScaleCrop><Company></Company><LinksUpToDate>false</LinksUpToDate><CharactersWithSpaces>301</CharactersWithSpaces><SharedDoc>false</SharedDoc><HyperlinksChanged>false</HyperlinksChanged><AppVersion>16.0000</AppVersion></Properties>