<?xml version="1.0" encoding="UTF-8" standalone="yes"?>
<w:document xmlns:wpc="http://schemas.microsoft.com/office/word/2010/wordprocessingCanvas" xmlns:cx="http://schemas.microsoft.com/office/drawing/2014/chartex" xmlns:cx1="http://schemas.microsoft.com/office/drawing/2015/9/8/chartex" xmlns:cx2="http://schemas.microsoft.com/office/drawing/2015/10/21/chartex" xmlns:cx3="http://schemas.microsoft.com/office/drawing/2016/5/9/chartex" xmlns:cx4="http://schemas.microsoft.com/office/drawing/2016/5/10/chartex" xmlns:cx5="http://schemas.microsoft.com/office/drawing/2016/5/11/chartex" xmlns:cx6="http://schemas.microsoft.com/office/drawing/2016/5/12/chartex" xmlns:cx7="http://schemas.microsoft.com/office/drawing/2016/5/13/chartex" xmlns:cx8="http://schemas.microsoft.com/office/drawing/2016/5/14/chartex" xmlns:mc="http://schemas.openxmlformats.org/markup-compatibility/2006" xmlns:aink="http://schemas.microsoft.com/office/drawing/2016/ink" xmlns:am3d="http://schemas.microsoft.com/office/drawing/2017/model3d" xmlns:o="urn:schemas-microsoft-com:office:office" xmlns:oel="http://schemas.microsoft.com/office/2019/extlst" xmlns:r="http://schemas.openxmlformats.org/officeDocument/2006/relationships" xmlns:m="http://schemas.openxmlformats.org/officeDocument/2006/math" xmlns:v="urn:schemas-microsoft-com:vml" xmlns:wp14="http://schemas.microsoft.com/office/word/2010/wordprocessingDrawing" xmlns:wp="http://schemas.openxmlformats.org/drawingml/2006/wordprocessingDrawing" xmlns:w10="urn:schemas-microsoft-com:office:word" xmlns:w="http://schemas.openxmlformats.org/wordprocessingml/2006/main" xmlns:w14="http://schemas.microsoft.com/office/word/2010/wordml" xmlns:w15="http://schemas.microsoft.com/office/word/2012/wordml" xmlns:w16cex="http://schemas.microsoft.com/office/word/2018/wordml/cex" xmlns:w16cid="http://schemas.microsoft.com/office/word/2016/wordml/cid" xmlns:w16="http://schemas.microsoft.com/office/word/2018/wordml" xmlns:w16du="http://schemas.microsoft.com/office/word/2023/wordml/word16du" xmlns:w16sdtdh="http://schemas.microsoft.com/office/word/2020/wordml/sdtdatahash" xmlns:w16sdtfl="http://schemas.microsoft.com/office/word/2024/wordml/sdtformatlock" xmlns:w16se="http://schemas.microsoft.com/office/word/2015/wordml/symex" xmlns:wpg="http://schemas.microsoft.com/office/word/2010/wordprocessingGroup" xmlns:wpi="http://schemas.microsoft.com/office/word/2010/wordprocessingInk" xmlns:wne="http://schemas.microsoft.com/office/word/2006/wordml" xmlns:wps="http://schemas.microsoft.com/office/word/2010/wordprocessingShape" mc:Ignorable="w14 w15 w16se w16cid w16 w16cex w16sdtdh w16sdtfl w16du wp14"><w:body><w:p w14:paraId="11F9C385" w14:textId="1D77E98D" w:rsidR="00CD6B5A" w:rsidRDefault="00A9733B"><w:r><w:t xml:space="preserve">The flag is not here… </w:t></w:r><w:r><w:rPr><mc:AlternateContent><mc:Choice Requires="w16se"/><mc:Fallback><w:rFonts w:ascii="Segoe UI Emoji" w:eastAsia="Segoe UI Emoji" w:hAnsi="Segoe UI Emoji" w:cs="Segoe UI Emoji"/></mc:Fallback></mc:AlternateContent></w:rPr><mc:AlternateContent><mc:Choice Requires="w16se"><w16se:symEx w16se:font="Segoe UI Emoji" w16se:char="2639"/></mc:Choice><mc:Fallback><w:t>☹</w:t></mc:Fallback></mc:AlternateContent></w:r></w:p><w:p w14:paraId="7F959CDB" w14:textId="77777777" w:rsidR="00A9733B" w:rsidRDefault="00A9733B"/><w:p w14:paraId="4CA95150" w14:textId="77777777" w:rsidR="00A9733B" w:rsidRDefault="00A9733B"/><w:p w14:paraId="44A55BDB" w14:textId="77777777" w:rsidR="00A9733B" w:rsidRDefault="00A9733B"/><w:p w14:paraId="218307F2" w14:textId="77777777" w:rsidR="00A9733B" w:rsidRDefault="00A9733B"/><w:p w14:paraId="05AF2719" w14:textId="77777777" w:rsidR="00A9733B" w:rsidRDefault="00A9733B"/><w:p w14:paraId="41B418F9" w14:textId="77777777" w:rsidR="00A9733B" w:rsidRDefault="00A9733B"/><w:p w14:paraId="629DEFED" w14:textId="77777777" w:rsidR="00A9733B" w:rsidRDefault="00A9733B"/><w:p w14:paraId="05097613" w14:textId="77777777" w:rsidR="00A9733B" w:rsidRDefault="00A9733B"/><w:p w14:paraId="399BF6D5" w14:textId="77777777" w:rsidR="00A9733B" w:rsidRDefault="00A9733B"/><w:p w14:paraId="094FD107" w14:textId="77777777" w:rsidR="00A9733B" w:rsidRDefault="00A9733B"/><w:p w14:paraId="2758F569" w14:textId="77777777" w:rsidR="00A9733B" w:rsidRDefault="00A9733B"/><w:p w14:paraId="0C6C95C1" w14:textId="77777777" w:rsidR="00A9733B" w:rsidRDefault="00A9733B"/><w:p w14:paraId="3B386862" w14:textId="77777777" w:rsidR="00A9733B" w:rsidRDefault="00A9733B"/><w:p w14:paraId="47580448" w14:textId="77777777" w:rsidR="00A9733B" w:rsidRDefault="00A9733B"/><w:p w14:paraId="70E4D97A" w14:textId="77777777" w:rsidR="00A9733B" w:rsidRDefault="00A9733B"/><w:p w14:paraId="180EBB12" w14:textId="77777777" w:rsidR="00A9733B" w:rsidRDefault="00A9733B"/><w:p w14:paraId="007AB6DD" w14:textId="77777777" w:rsidR="00A9733B" w:rsidRDefault="00A9733B"/><w:p w14:paraId="09FF03DA" w14:textId="77777777" w:rsidR="00A9733B" w:rsidRDefault="00A9733B"/><w:p w14:paraId="1536746E" w14:textId="77777777" w:rsidR="00A9733B" w:rsidRDefault="00A9733B"/><w:p w14:paraId="33D9E18C" w14:textId="77777777" w:rsidR="00A9733B" w:rsidRDefault="00A9733B"/><w:p w14:paraId="69946EAA" w14:textId="77777777" w:rsidR="00A9733B" w:rsidRDefault="00A9733B"/><w:p w14:paraId="3B2CBEAD" w14:textId="77777777" w:rsidR="00A9733B" w:rsidRDefault="00A9733B"/><w:p w14:paraId="7B27C0AC" w14:textId="77777777" w:rsidR="00A9733B" w:rsidRDefault="00A9733B"/><w:p w14:paraId="06010F65" w14:textId="77777777" w:rsidR="00A9733B" w:rsidRDefault="00A9733B"/><w:p w14:paraId="43C2407A" w14:textId="77777777" w:rsidR="00A9733B" w:rsidRDefault="00A9733B"/><w:p w14:paraId="71A58B64" w14:textId="77777777" w:rsidR="00A9733B" w:rsidRDefault="00A9733B"/><w:p w14:paraId="4186B696" w14:textId="77777777" w:rsidR="00A9733B" w:rsidRDefault="00A9733B"/><w:p w14:paraId="675EAEFB" w14:textId="77777777" w:rsidR="00A9733B" w:rsidRDefault="00A9733B"/><w:p w14:paraId="5C130E43" w14:textId="77777777" w:rsidR="00A9733B" w:rsidRDefault="00A9733B"/><w:p w14:paraId="2B5C90C6" w14:textId="77777777" w:rsidR="00A9733B" w:rsidRDefault="00A9733B"/><w:p w14:paraId="1A2CC5B1" w14:textId="77777777" w:rsidR="00A9733B" w:rsidRDefault="00A9733B"/><w:p w14:paraId="6163BB5C" w14:textId="77777777" w:rsidR="00A9733B" w:rsidRDefault="00A9733B"/><w:p w14:paraId="065B5A1E" w14:textId="77777777" w:rsidR="00A9733B" w:rsidRDefault="00A9733B"/><w:p w14:paraId="138D4191" w14:textId="77777777" w:rsidR="00A9733B" w:rsidRDefault="00A9733B"/><w:p w14:paraId="35E19C6D" w14:textId="77777777" w:rsidR="00A9733B" w:rsidRDefault="00A9733B"/><w:p w14:paraId="0A23FED5" w14:textId="77777777" w:rsidR="00A9733B" w:rsidRDefault="00A9733B"/><w:p w14:paraId="23970321" w14:textId="77777777" w:rsidR="00A9733B" w:rsidRDefault="00A9733B"/><w:p w14:paraId="3FCFF939" w14:textId="77777777" w:rsidR="00A9733B" w:rsidRDefault="00A9733B"/><w:p w14:paraId="0B519C5D" w14:textId="77777777" w:rsidR="00A9733B" w:rsidRDefault="00A9733B"/><w:p w14:paraId="6D6F6371" w14:textId="77777777" w:rsidR="00A9733B" w:rsidRDefault="00A9733B"/><w:p w14:paraId="6BC29FF2" w14:textId="77777777" w:rsidR="00A9733B" w:rsidRDefault="00A9733B"/><w:p w14:paraId="3455A8DB" w14:textId="77777777" w:rsidR="00A9733B" w:rsidRDefault="00A9733B"/><w:p w14:paraId="6D754C33" w14:textId="77777777" w:rsidR="00A9733B" w:rsidRDefault="00A9733B"/><w:p w14:paraId="3E6C0C2B" w14:textId="77777777" w:rsidR="00A9733B" w:rsidRDefault="00A9733B"/><w:p w14:paraId="0A58C704" w14:textId="77777777" w:rsidR="00A9733B" w:rsidRDefault="00A9733B"/><w:p w14:paraId="0D3CA801" w14:textId="77777777" w:rsidR="00A9733B" w:rsidRDefault="00A9733B"/><w:p w14:paraId="5E1FCAF9" w14:textId="77777777" w:rsidR="00A9733B" w:rsidRDefault="00A9733B"/><w:p w14:paraId="0309D845" w14:textId="77777777" w:rsidR="00A9733B" w:rsidRDefault="00A9733B"/><w:p w14:paraId="2BF86E24" w14:textId="77777777" w:rsidR="00A9733B" w:rsidRDefault="00A9733B"/><w:p w14:paraId="22A002B7" w14:textId="77777777" w:rsidR="00A9733B" w:rsidRDefault="00A9733B"/><w:p w14:paraId="3FC1B7EA" w14:textId="77777777" w:rsidR="00A9733B" w:rsidRDefault="00A9733B"/><w:p w14:paraId="325D2056" w14:textId="77777777" w:rsidR="00A9733B" w:rsidRDefault="00A9733B"/><w:p w14:paraId="6EFC99E8" w14:textId="77777777" w:rsidR="00A9733B" w:rsidRDefault="00A9733B"/><w:p w14:paraId="56966CF0" w14:textId="77777777" w:rsidR="00A9733B" w:rsidRDefault="00A9733B"/><w:p w14:paraId="589B17BB" w14:textId="77777777" w:rsidR="00A9733B" w:rsidRDefault="00A9733B"/><w:p w14:paraId="4744B3ED" w14:textId="77777777" w:rsidR="00A9733B" w:rsidRDefault="00A9733B"/><w:p w14:paraId="63A81CDC" w14:textId="77777777" w:rsidR="00A9733B" w:rsidRDefault="00A9733B"/><w:p w14:paraId="076DB44B" w14:textId="77777777" w:rsidR="00A9733B" w:rsidRDefault="00A9733B"/><w:p w14:paraId="1D64A732" w14:textId="77777777" w:rsidR="00A9733B" w:rsidRDefault="00A9733B"/><w:p w14:paraId="6E218517" w14:textId="77777777" w:rsidR="00A9733B" w:rsidRDefault="00A9733B"/><w:p w14:paraId="52E91DF0" w14:textId="77777777" w:rsidR="00A9733B" w:rsidRDefault="00A9733B"/><w:p w14:paraId="1251A3EF" w14:textId="77777777" w:rsidR="00A9733B" w:rsidRDefault="00A9733B"/><w:p w14:paraId="728138FF" w14:textId="77777777" w:rsidR="00A9733B" w:rsidRDefault="00A9733B"/><w:p w14:paraId="2C1745C0" w14:textId="77777777" w:rsidR="00A9733B" w:rsidRDefault="00A9733B"/><w:p w14:paraId="6963B874" w14:textId="77777777" w:rsidR="00A9733B" w:rsidRDefault="00A9733B"/><w:p w14:paraId="1C940200" w14:textId="77777777" w:rsidR="00A9733B" w:rsidRDefault="00A9733B"/><w:p w14:paraId="047C58D1" w14:textId="77777777" w:rsidR="00A9733B" w:rsidRDefault="00A9733B"/><w:p w14:paraId="7C6E75BA" w14:textId="77777777" w:rsidR="00A9733B" w:rsidRDefault="00A9733B"/><w:p w14:paraId="123E7471" w14:textId="77777777" w:rsidR="00A9733B" w:rsidRDefault="00A9733B"/><w:p w14:paraId="560E15AC" w14:textId="77777777" w:rsidR="00A9733B" w:rsidRDefault="00A9733B"/><w:p w14:paraId="5448D79C" w14:textId="77777777" w:rsidR="00A9733B" w:rsidRDefault="00A9733B"/><w:p w14:paraId="33EB5E9C" w14:textId="77777777" w:rsidR="00A9733B" w:rsidRDefault="00A9733B"/><w:p w14:paraId="7FB12EEF" w14:textId="77777777" w:rsidR="00A9733B" w:rsidRDefault="00A9733B"/><w:p w14:paraId="1DC06AD8" w14:textId="77777777" w:rsidR="00A9733B" w:rsidRDefault="00A9733B"/><w:p w14:paraId="2E0EFE32" w14:textId="77777777" w:rsidR="00A9733B" w:rsidRDefault="00A9733B"/><w:p w14:paraId="3256AED9" w14:textId="77777777" w:rsidR="00A9733B" w:rsidRDefault="00A9733B"/><w:p w14:paraId="0CD55F43" w14:textId="77777777" w:rsidR="00A9733B" w:rsidRDefault="00A9733B"/><w:p w14:paraId="5168FE18" w14:textId="77777777" w:rsidR="00A9733B" w:rsidRDefault="00A9733B"/><w:p w14:paraId="510BA27C" w14:textId="77777777" w:rsidR="00A9733B" w:rsidRDefault="00A9733B"/><w:p w14:paraId="36BB3D5D" w14:textId="77777777" w:rsidR="00A9733B" w:rsidRDefault="00A9733B"/><w:p w14:paraId="21FBE141" w14:textId="77777777" w:rsidR="00A9733B" w:rsidRDefault="00A9733B"/><w:p w14:paraId="4A56B498" w14:textId="77777777" w:rsidR="00A9733B" w:rsidRDefault="00A9733B"/><w:p w14:paraId="709B4290" w14:textId="77777777" w:rsidR="00A9733B" w:rsidRDefault="00A9733B"/><w:p w14:paraId="5F073E2F" w14:textId="77777777" w:rsidR="00A9733B" w:rsidRDefault="00A9733B"/><w:p w14:paraId="1DDF775D" w14:textId="77777777" w:rsidR="00A9733B" w:rsidRDefault="00A9733B"/><w:p w14:paraId="1FD5670F" w14:textId="77777777" w:rsidR="00A9733B" w:rsidRDefault="00A9733B"/><w:p w14:paraId="0D28B301" w14:textId="77777777" w:rsidR="00A9733B" w:rsidRDefault="00A9733B"/><w:p w14:paraId="4662BBAE" w14:textId="77777777" w:rsidR="00A9733B" w:rsidRDefault="00A9733B"/><w:p w14:paraId="6D929DC5" w14:textId="77777777" w:rsidR="00A9733B" w:rsidRDefault="00A9733B"/><w:p w14:paraId="2F9DCD21" w14:textId="77777777" w:rsidR="00A9733B" w:rsidRDefault="00A9733B"/><w:p w14:paraId="68B14575" w14:textId="77777777" w:rsidR="00A9733B" w:rsidRDefault="00A9733B"/><w:p w14:paraId="071A59C6" w14:textId="77777777" w:rsidR="00A9733B" w:rsidRDefault="00A9733B"/><w:p w14:paraId="2FE92382" w14:textId="77777777" w:rsidR="00A9733B" w:rsidRDefault="00A9733B"/><w:p w14:paraId="1C21BBEB" w14:textId="77777777" w:rsidR="00A9733B" w:rsidRDefault="00A9733B"/><w:p w14:paraId="1EECBCB1" w14:textId="77777777" w:rsidR="00A9733B" w:rsidRDefault="00A9733B"/><w:p w14:paraId="1E216E3E" w14:textId="77777777" w:rsidR="00A9733B" w:rsidRDefault="00A9733B"/><w:p w14:paraId="20895AC6" w14:textId="77777777" w:rsidR="00A9733B" w:rsidRDefault="00A9733B"/><w:p w14:paraId="609929C6" w14:textId="77777777" w:rsidR="00A9733B" w:rsidRDefault="00A9733B"/><w:p w14:paraId="4EFA358B" w14:textId="77777777" w:rsidR="00A9733B" w:rsidRDefault="00A9733B"/><w:p w14:paraId="3EB87127" w14:textId="77777777" w:rsidR="00A9733B" w:rsidRDefault="00A9733B"/><w:p w14:paraId="70FFFBB5" w14:textId="77777777" w:rsidR="00A9733B" w:rsidRDefault="00A9733B"/><w:p w14:paraId="636B4FA2" w14:textId="77777777" w:rsidR="00A9733B" w:rsidRDefault="00A9733B"/><w:p w14:paraId="386D2BA2" w14:textId="77777777" w:rsidR="00A9733B" w:rsidRDefault="00A9733B"/><w:p w14:paraId="7211068D" w14:textId="77777777" w:rsidR="00A9733B" w:rsidRDefault="00A9733B"/><w:p w14:paraId="234BADBA" w14:textId="77777777" w:rsidR="00A9733B" w:rsidRDefault="00A9733B"/><w:p w14:paraId="2A065466" w14:textId="77777777" w:rsidR="00A9733B" w:rsidRDefault="00A9733B"/><w:p w14:paraId="76DFE2D6" w14:textId="77777777" w:rsidR="00A9733B" w:rsidRDefault="00A9733B"/><w:p w14:paraId="6842DA09" w14:textId="77777777" w:rsidR="00A9733B" w:rsidRDefault="00A9733B"/><w:p w14:paraId="6C9322CB" w14:textId="77777777" w:rsidR="00A9733B" w:rsidRDefault="00A9733B"/><w:p w14:paraId="261D539F" w14:textId="77777777" w:rsidR="00A9733B" w:rsidRDefault="00A9733B"/><w:p w14:paraId="645044B8" w14:textId="77777777" w:rsidR="00A9733B" w:rsidRDefault="00A9733B"/><w:p w14:paraId="3A8D85F2" w14:textId="77777777" w:rsidR="00A9733B" w:rsidRDefault="00A9733B"/><w:p w14:paraId="733C4F33" w14:textId="77777777" w:rsidR="00A9733B" w:rsidRDefault="00A9733B"/><w:p w14:paraId="724EC275" w14:textId="77777777" w:rsidR="00A9733B" w:rsidRDefault="00A9733B"/><w:p w14:paraId="1C581B5B" w14:textId="77777777" w:rsidR="00A9733B" w:rsidRDefault="00A9733B"/><w:p w14:paraId="4E173000" w14:textId="77777777" w:rsidR="00A9733B" w:rsidRDefault="00A9733B"/><w:p w14:paraId="1933666E" w14:textId="77777777" w:rsidR="00A9733B" w:rsidRDefault="00A9733B"/><w:p w14:paraId="22126411" w14:textId="77777777" w:rsidR="00A9733B" w:rsidRDefault="00A9733B"/><w:p w14:paraId="2342BFDC" w14:textId="77777777" w:rsidR="00A9733B" w:rsidRDefault="00A9733B"/><w:p w14:paraId="3BE7550D" w14:textId="77777777" w:rsidR="00A9733B" w:rsidRDefault="00A9733B"/><w:p w14:paraId="5F2D3EFC" w14:textId="77777777" w:rsidR="00A9733B" w:rsidRDefault="00A9733B"/><w:p w14:paraId="63071F69" w14:textId="77777777" w:rsidR="00A9733B" w:rsidRDefault="00A9733B"/><w:p w14:paraId="59D06351" w14:textId="77777777" w:rsidR="00A9733B" w:rsidRDefault="00A9733B"/><w:p w14:paraId="647BDA37" w14:textId="77777777" w:rsidR="00A9733B" w:rsidRDefault="00A9733B"/><w:p w14:paraId="138E93FE" w14:textId="77777777" w:rsidR="00A9733B" w:rsidRDefault="00A9733B"/><w:p w14:paraId="501058E7" w14:textId="77777777" w:rsidR="00A9733B" w:rsidRDefault="00A9733B"/><w:p w14:paraId="2015522A" w14:textId="77777777" w:rsidR="00A9733B" w:rsidRDefault="00A9733B"/><w:p w14:paraId="60919461" w14:textId="77777777" w:rsidR="00A9733B" w:rsidRDefault="00A9733B"/><w:p w14:paraId="3F796297" w14:textId="77777777" w:rsidR="00A9733B" w:rsidRDefault="00A9733B"/><w:p w14:paraId="4C6D06BC" w14:textId="77777777" w:rsidR="00A9733B" w:rsidRDefault="00A9733B"/><w:p w14:paraId="06D40C30" w14:textId="77777777" w:rsidR="00A9733B" w:rsidRDefault="00A9733B"/><w:p w14:paraId="4130F2FA" w14:textId="77777777" w:rsidR="00A9733B" w:rsidRDefault="00A9733B"/><w:p w14:paraId="51A7D69F" w14:textId="77777777" w:rsidR="00A9733B" w:rsidRDefault="00A9733B"/><w:p w14:paraId="1A0EF76E" w14:textId="77777777" w:rsidR="00A9733B" w:rsidRDefault="00A9733B"/><w:p w14:paraId="14FA9A4B" w14:textId="77777777" w:rsidR="00A9733B" w:rsidRDefault="00A9733B"/><w:p w14:paraId="647C5308" w14:textId="77777777" w:rsidR="00A9733B" w:rsidRDefault="00A9733B"/><w:p w14:paraId="21E16D33" w14:textId="77777777" w:rsidR="00A9733B" w:rsidRDefault="00A9733B"/><w:p w14:paraId="50C4C75D" w14:textId="77777777" w:rsidR="00A9733B" w:rsidRDefault="00A9733B"/><w:p w14:paraId="17AE14F9" w14:textId="77777777" w:rsidR="00A9733B" w:rsidRDefault="00A9733B"/><w:p w14:paraId="72E31A9D" w14:textId="77777777" w:rsidR="00A9733B" w:rsidRDefault="00A9733B"/><w:p w14:paraId="23E718F3" w14:textId="77777777" w:rsidR="00A9733B" w:rsidRDefault="00A9733B"/><w:p w14:paraId="7DD7A37E" w14:textId="77777777" w:rsidR="00A9733B" w:rsidRDefault="00A9733B"/><w:p w14:paraId="51B02B19" w14:textId="77777777" w:rsidR="00A9733B" w:rsidRDefault="00A9733B"/><w:p w14:paraId="30C97409" w14:textId="77777777" w:rsidR="00A9733B" w:rsidRDefault="00A9733B"/><w:p w14:paraId="1C31C629" w14:textId="77777777" w:rsidR="00A9733B" w:rsidRDefault="00A9733B"/><w:p w14:paraId="5CFA9181" w14:textId="77777777" w:rsidR="00A9733B" w:rsidRDefault="00A9733B"/><w:p w14:paraId="6C8EB65E" w14:textId="77777777" w:rsidR="00A9733B" w:rsidRDefault="00A9733B"/><w:p w14:paraId="57D49E27" w14:textId="77777777" w:rsidR="00A9733B" w:rsidRDefault="00A9733B"/><w:p w14:paraId="0A9A16B8" w14:textId="77777777" w:rsidR="00A9733B" w:rsidRDefault="00A9733B"/><w:p w14:paraId="70720550" w14:textId="106F41BC" w:rsidR="00A9733B" w:rsidRDefault="00A9733B"/><w:p w14:paraId="130FEE22" w14:textId="77777777" w:rsidR="00A9733B" w:rsidRDefault="00A9733B"/><w:p w14:paraId="5F8A645E" w14:textId="77777777" w:rsidR="00A9733B" w:rsidRDefault="00A9733B"/><w:p w14:paraId="43CEBA96" w14:textId="77777777" w:rsidR="00A9733B" w:rsidRDefault="00A9733B"/><w:p w14:paraId="5503DF57" w14:textId="77777777" w:rsidR="00A9733B" w:rsidRDefault="00A9733B"/><w:p w14:paraId="473DBC96" w14:textId="77777777" w:rsidR="00A9733B" w:rsidRDefault="00A9733B"/><w:p w14:paraId="7DEDA010" w14:textId="77777777" w:rsidR="00A9733B" w:rsidRDefault="00A9733B"/><w:p w14:paraId="673CDC0B" w14:textId="77777777" w:rsidR="00A9733B" w:rsidRDefault="00A9733B"/><w:p w14:paraId="3A907F1C" w14:textId="77777777" w:rsidR="00A9733B" w:rsidRDefault="00A9733B"/><w:p w14:paraId="604C0E22" w14:textId="77777777" w:rsidR="00A9733B" w:rsidRDefault="00A9733B"/><w:p w14:paraId="51DC4B94" w14:textId="77777777" w:rsidR="00A9733B" w:rsidRDefault="00A9733B"/><w:p w14:paraId="0B3177F9" w14:textId="77777777" w:rsidR="00A9733B" w:rsidRDefault="00A9733B"/><w:p w14:paraId="7EFB19F4" w14:textId="77777777" w:rsidR="00A9733B" w:rsidRDefault="00A9733B"/><w:p w14:paraId="103BE30C" w14:textId="77777777" w:rsidR="00A9733B" w:rsidRDefault="00A9733B"/><w:p w14:paraId="6B235EAE" w14:textId="77777777" w:rsidR="00A9733B" w:rsidRDefault="00A9733B"/><w:p w14:paraId="1EB392A4" w14:textId="77777777" w:rsidR="00A9733B" w:rsidRDefault="00A9733B"/><w:p w14:paraId="1F0D53AE" w14:textId="77777777" w:rsidR="00A9733B" w:rsidRDefault="00A9733B"/><w:p w14:paraId="5E782972" w14:textId="77777777" w:rsidR="00A9733B" w:rsidRDefault="00A9733B"/><w:p w14:paraId="602D31DC" w14:textId="77777777" w:rsidR="00A9733B" w:rsidRDefault="00A9733B"/><w:p w14:paraId="3C209B1A" w14:textId="77777777" w:rsidR="00A9733B" w:rsidRDefault="00A9733B"/><w:p w14:paraId="57651126" w14:textId="77777777" w:rsidR="00A9733B" w:rsidRDefault="00A9733B"/><w:p w14:paraId="209013E5" w14:textId="77777777" w:rsidR="00A9733B" w:rsidRDefault="00A9733B"/><w:p w14:paraId="13FB59A6" w14:textId="77777777" w:rsidR="00A9733B" w:rsidRDefault="00A9733B"/><w:p w14:paraId="324F823D" w14:textId="77777777" w:rsidR="00A9733B" w:rsidRDefault="00A9733B"/><w:p w14:paraId="628D7E90" w14:textId="77777777" w:rsidR="00A9733B" w:rsidRDefault="00A9733B"/><w:p w14:paraId="715630AA" w14:textId="77777777" w:rsidR="00A9733B" w:rsidRDefault="00A9733B"/><w:p w14:paraId="1D42E86C" w14:textId="77777777" w:rsidR="00A9733B" w:rsidRDefault="00A9733B"/><w:p w14:paraId="385253A4" w14:textId="77777777" w:rsidR="00A9733B" w:rsidRDefault="00A9733B"/><w:p w14:paraId="6EC5ACF8" w14:textId="77777777" w:rsidR="00A9733B" w:rsidRDefault="00A9733B"/><w:p w14:paraId="292B410C" w14:textId="77777777" w:rsidR="00A9733B" w:rsidRDefault="00A9733B"/><w:p w14:paraId="5CB5F06E" w14:textId="77777777" w:rsidR="00A9733B" w:rsidRDefault="00A9733B"/><w:p w14:paraId="005D6E67" w14:textId="77777777" w:rsidR="00A9733B" w:rsidRDefault="00A9733B"/><w:p w14:paraId="75FC66C2" w14:textId="77777777" w:rsidR="00A9733B" w:rsidRDefault="00A9733B"/><w:p w14:paraId="4DFFB4AA" w14:textId="77777777" w:rsidR="00A9733B" w:rsidRDefault="00A9733B"/><w:p w14:paraId="77F3924E" w14:textId="77777777" w:rsidR="00A9733B" w:rsidRDefault="00A9733B"/><w:p w14:paraId="0C1313F4" w14:textId="77777777" w:rsidR="00A9733B" w:rsidRDefault="00A9733B"/><w:p w14:paraId="086C16F2" w14:textId="77777777" w:rsidR="00A9733B" w:rsidRDefault="00A9733B"/><w:p w14:paraId="144EA7A2" w14:textId="77777777" w:rsidR="00A9733B" w:rsidRDefault="00A9733B"/><w:p w14:paraId="0FEA021D" w14:textId="77777777" w:rsidR="00A9733B" w:rsidRDefault="00A9733B"/><w:p w14:paraId="3A897840" w14:textId="77777777" w:rsidR="00A9733B" w:rsidRDefault="00A9733B"/><w:p w14:paraId="4253AB3A" w14:textId="77777777" w:rsidR="00A9733B" w:rsidRDefault="00A9733B"/><w:p w14:paraId="115E0D9B" w14:textId="77777777" w:rsidR="00A9733B" w:rsidRDefault="00A9733B"/><w:p w14:paraId="12F3D1E4" w14:textId="77777777" w:rsidR="00A9733B" w:rsidRDefault="00A9733B"/><w:p w14:paraId="43D7899A" w14:textId="4A0A7427" w:rsidR="00A9733B" w:rsidRPr="00A9733B" w:rsidRDefault="00A9733B"><w:pPr><w:rPr><w:color w:val="FFFFFF" w:themeColor="background1"/></w:rPr></w:pPr><w:r w:rsidRPr="00A9733B"><w:rPr><w:color w:val="FFFFFF" w:themeColor="background1"/></w:rPr><w:t>Not here too… woops</w:t></w:r></w:p><w:p w14:paraId="6527D8D3" w14:textId="77777777" w:rsidR="00A9733B" w:rsidRDefault="00A9733B"/><w:p w14:paraId="12F1C249" w14:textId="77777777" w:rsidR="00A9733B" w:rsidRDefault="00A9733B"/><w:p w14:paraId="0F262FE4" w14:textId="77777777" w:rsidR="00A9733B" w:rsidRDefault="00A9733B"/><w:p w14:paraId="15A47BD0" w14:textId="77777777" w:rsidR="00A9733B" w:rsidRDefault="00A9733B"/><w:p w14:paraId="32A0DE0D" w14:textId="77777777" w:rsidR="00A9733B" w:rsidRDefault="00A9733B"/><w:p w14:paraId="4663C27A" w14:textId="77777777" w:rsidR="00A9733B" w:rsidRDefault="00A9733B"/><w:p w14:paraId="3EFE2B6B" w14:textId="77777777" w:rsidR="00A9733B" w:rsidRDefault="00A9733B"/><w:p w14:paraId="6D224490" w14:textId="77777777" w:rsidR="00A9733B" w:rsidRDefault="00A9733B"/><w:p w14:paraId="514DBB7E" w14:textId="77777777" w:rsidR="00A9733B" w:rsidRDefault="00A9733B"/><w:p w14:paraId="699839CD" w14:textId="77777777" w:rsidR="00A9733B" w:rsidRDefault="00A9733B"/><w:p w14:paraId="448E6A16" w14:textId="77777777" w:rsidR="00A9733B" w:rsidRDefault="00A9733B"/><w:p w14:paraId="638D08B2" w14:textId="77777777" w:rsidR="00A9733B" w:rsidRDefault="00A9733B"/><w:p w14:paraId="1A0859C0" w14:textId="77777777" w:rsidR="00A9733B" w:rsidRDefault="00A9733B"/><w:p w14:paraId="22E672AA" w14:textId="77777777" w:rsidR="00A9733B" w:rsidRDefault="00A9733B"/><w:p w14:paraId="3F224C43" w14:textId="77777777" w:rsidR="00A9733B" w:rsidRDefault="00A9733B"/><w:p w14:paraId="721DA12C" w14:textId="77777777" w:rsidR="00A9733B" w:rsidRDefault="00A9733B"/><w:p w14:paraId="6E450DD3" w14:textId="77777777" w:rsidR="00A9733B" w:rsidRDefault="00A9733B"/><w:p w14:paraId="5A488E15" w14:textId="77777777" w:rsidR="00A9733B" w:rsidRDefault="00A9733B"/><w:p w14:paraId="372B3C08" w14:textId="77777777" w:rsidR="00A9733B" w:rsidRDefault="00A9733B"/><w:p w14:paraId="0461138A" w14:textId="1EAF7BFE" w:rsidR="00A9733B" w:rsidRDefault="00A9733B"/><w:p w14:paraId="31204EE8" w14:textId="77777777" w:rsidR="00A9733B" w:rsidRDefault="00A9733B"/><w:p w14:paraId="2B29B669" w14:textId="77777777" w:rsidR="00A9733B" w:rsidRDefault="00A9733B"/><w:p w14:paraId="27612F4E" w14:textId="77777777" w:rsidR="00A9733B" w:rsidRDefault="00A9733B"/><w:p w14:paraId="5027BF4D" w14:textId="77777777" w:rsidR="00A9733B" w:rsidRDefault="00A9733B"/><w:p w14:paraId="58B5B976" w14:textId="77777777" w:rsidR="00A9733B" w:rsidRDefault="00A9733B"/><w:p w14:paraId="5393275C" w14:textId="77777777" w:rsidR="00A9733B" w:rsidRDefault="00A9733B"/><w:p w14:paraId="41BE03DC" w14:textId="77777777" w:rsidR="00A9733B" w:rsidRDefault="00A9733B"/><w:p w14:paraId="6A285EED" w14:textId="77777777" w:rsidR="00A9733B" w:rsidRDefault="00A9733B"/><w:p w14:paraId="74630BF1" w14:textId="77777777" w:rsidR="00A9733B" w:rsidRDefault="00A9733B"/><w:p w14:paraId="79018E96" w14:textId="77777777" w:rsidR="00A9733B" w:rsidRDefault="00A9733B"/><w:p w14:paraId="535B03D3" w14:textId="77777777" w:rsidR="00A9733B" w:rsidRDefault="00A9733B"/><w:p w14:paraId="7533C166" w14:textId="77777777" w:rsidR="00A9733B" w:rsidRDefault="00A9733B"/><w:p w14:paraId="602AB0F8" w14:textId="77777777" w:rsidR="00A9733B" w:rsidRDefault="00A9733B"/><w:p w14:paraId="3E8F8601" w14:textId="77777777" w:rsidR="00A9733B" w:rsidRDefault="00A9733B"/><w:p w14:paraId="6BED2CBE" w14:textId="77777777" w:rsidR="00A9733B" w:rsidRDefault="00A9733B"/><w:p w14:paraId="46F35BE4" w14:textId="77777777" w:rsidR="00A9733B" w:rsidRDefault="00A9733B"/><w:p w14:paraId="394E01B8" w14:textId="77777777" w:rsidR="00A9733B" w:rsidRDefault="00A9733B"/><w:p w14:paraId="4967A36A" w14:textId="77777777" w:rsidR="00A9733B" w:rsidRDefault="00A9733B"/><w:p w14:paraId="79C40A80" w14:textId="77777777" w:rsidR="00A9733B" w:rsidRDefault="00A9733B"/><w:p w14:paraId="098CF49F" w14:textId="77777777" w:rsidR="00A9733B" w:rsidRDefault="00A9733B"/><w:p w14:paraId="7E7C9D1B" w14:textId="77777777" w:rsidR="00A9733B" w:rsidRDefault="00A9733B"/><w:p w14:paraId="6A036EA1" w14:textId="77777777" w:rsidR="00A9733B" w:rsidRDefault="00A9733B"/><w:p w14:paraId="4E4618C3" w14:textId="77777777" w:rsidR="00A9733B" w:rsidRDefault="00A9733B"/><w:p w14:paraId="5432AE83" w14:textId="77777777" w:rsidR="00A9733B" w:rsidRDefault="00A9733B"/><w:p w14:paraId="224F84E8" w14:textId="77777777" w:rsidR="00A9733B" w:rsidRDefault="00A9733B"/><w:p w14:paraId="2D5E44D1" w14:textId="77777777" w:rsidR="00A9733B" w:rsidRDefault="00A9733B"/><w:p w14:paraId="7745E81F" w14:textId="77777777" w:rsidR="00A9733B" w:rsidRDefault="00A9733B"/><w:p w14:paraId="65AA2895" w14:textId="77777777" w:rsidR="00A9733B" w:rsidRDefault="00A9733B"/><w:p w14:paraId="7EF5E125" w14:textId="77777777" w:rsidR="00A9733B" w:rsidRDefault="00A9733B"/><w:p w14:paraId="439DF712" w14:textId="77777777" w:rsidR="00A9733B" w:rsidRDefault="00A9733B"/><w:p w14:paraId="3C10DB40" w14:textId="77777777" w:rsidR="00A9733B" w:rsidRDefault="00A9733B"/><w:p w14:paraId="4541B70A" w14:textId="77777777" w:rsidR="00A9733B" w:rsidRDefault="00A9733B"/><w:p w14:paraId="7CFD061C" w14:textId="77777777" w:rsidR="00A9733B" w:rsidRDefault="00A9733B"/><w:p w14:paraId="793BA964" w14:textId="338FF68A" w:rsidR="00A9733B" w:rsidRDefault="00A9733B"/><w:p w14:paraId="3E9A786F" w14:textId="77777777" w:rsidR="00A9733B" w:rsidRDefault="00A9733B"/><w:p w14:paraId="0B936927" w14:textId="77777777" w:rsidR="00A9733B" w:rsidRDefault="00A9733B"/><w:p w14:paraId="760E015B" w14:textId="77777777" w:rsidR="00A9733B" w:rsidRDefault="00A9733B"/><w:p w14:paraId="2FBD2FFC" w14:textId="77777777" w:rsidR="00A9733B" w:rsidRDefault="00A9733B"/><w:p w14:paraId="3806B7C4" w14:textId="77777777" w:rsidR="00A9733B" w:rsidRDefault="00A9733B"/><w:p w14:paraId="39C8B555" w14:textId="77777777" w:rsidR="00A9733B" w:rsidRDefault="00A9733B"/><w:p w14:paraId="555C919F" w14:textId="77777777" w:rsidR="00A9733B" w:rsidRDefault="00A9733B"/><w:p w14:paraId="7507D5CE" w14:textId="77777777" w:rsidR="00A9733B" w:rsidRDefault="00A9733B"/><w:p w14:paraId="1088B386" w14:textId="77777777" w:rsidR="00A9733B" w:rsidRDefault="00A9733B"/><w:p w14:paraId="4B320028" w14:textId="77777777" w:rsidR="00A9733B" w:rsidRDefault="00A9733B"/><w:p w14:paraId="4B57B00B" w14:textId="77777777" w:rsidR="00A9733B" w:rsidRDefault="00A9733B"/><w:p w14:paraId="685952F6" w14:textId="192258CB" w:rsidR="00A9733B" w:rsidRDefault="00A9733B"/><w:sectPr w:rsidR="00A9733B"><w:pgSz w:w="12240" w:h="15840"/><w:pgMar w:top="1440" w:right="1440" w:bottom="1440" w:left="1440" w:header="720" w:footer="720" w:gutter="0"/><w:cols w:space="720"/><w:docGrid w:linePitch="360"/></w:sectPr></w:body></w:document>