<?xml version="1.0" encoding="UTF-8" standalone="yes"?>
<w:fonts xmlns:mc="http://schemas.openxmlformats.org/markup-compatibility/2006" xmlns:r="http://schemas.openxmlformats.org/officeDocument/2006/relationships" xmlns:w="http://schemas.openxmlformats.org/wordprocessingml/2006/main" xmlns:w14="http://schemas.microsoft.com/office/word/2010/wordml" xmlns:w15="http://schemas.microsoft.com/office/word/2012/wordml" xmlns:w16cex="http://schemas.microsoft.com/office/word/2018/wordml/cex" xmlns:w16cid="http://schemas.microsoft.com/office/word/2016/wordml/cid" xmlns:w16="http://schemas.microsoft.com/office/word/2018/wordml" xmlns:w16du="http://schemas.microsoft.com/office/word/2023/wordml/word16du" xmlns:w16sdtdh="http://schemas.microsoft.com/office/word/2020/wordml/sdtdatahash" xmlns:w16sdtfl="http://schemas.microsoft.com/office/word/2024/wordml/sdtformatlock" xmlns:w16se="http://schemas.microsoft.com/office/word/2015/wordml/symex" mc:Ignorable="w14 w15 w16se w16cid w16 w16cex w16sdtdh w16sdtfl w16du"><w:font w:name="Aptos"><w:charset w:val="00"/><w:family w:val="swiss"/><w:pitch w:val="variable"/><w:sig w:usb0="20000287" w:usb1="00000003" w:usb2="00000000" w:usb3="00000000" w:csb0="0000019F" w:csb1="00000000"/></w:font><w:font w:name="Times New Roman"><w:panose1 w:val="02020603050405020304"/><w:charset w:val="00"/><w:family w:val="roman"/><w:pitch w:val="variable"/><w:sig w:usb0="E0002EFF" w:usb1="C000785B" w:usb2="00000009" w:usb3="00000000" w:csb0="000001FF" w:csb1="00000000"/></w:font><w:font w:name="Aptos Display"><w:charset w:val="00"/><w:family w:val="swiss"/><w:pitch w:val="variable"/><w:sig w:usb0="20000287" w:usb1="00000003" w:usb2="00000000" w:usb3="00000000" w:csb0="0000019F" w:csb1="00000000"/></w:font><w:font w:name="Segoe UI Emoji"><w:panose1 w:val="020B0502040204020203"/><w:charset w:val="00"/><w:family w:val="swiss"/><w:pitch w:val="variable"/><w:sig w:usb0="00000003" w:usb1="02000000" w:usb2="08000000" w:usb3="00000000" w:csb0="00000001" w:csb1="00000000"/></w:font></w:fonts>