"id","user_id","address_line","city","postal_code"
"1","1","Jl Pahlawan No 638","Banjarmasin","77790"
"2","2","Jl Juanda No 787","Surabaya","58935"
"3","3","Jl Merdeka No 969","Bandung","77177"
"4","4","Jl Juanda No 937","Jayapura","29730"
"5","5","Jl Thamrin No 680","Palembang","79778"
"6","6","Jl Pahlawan No 57","Padang","05998"
"7","7","Jl Merdeka No 563","Palembang","07571"
"8","8","Jl Asia Afrika No 525","Makassar","19455"
"9","9","Jl Gatot Subroto No 8","Pontianak","48651"
"10","10","Jl Thamrin No 642","Bogor","41067"
"11","11","Jl Juanda No 439","Bogor","69076"
"12","12","Jl Juanda No 421","Malang","15405"
"13","13","Jl Gatot Subroto No 762","Pontianak","53336"
"14","14","Jl Gatot Subroto No 84","Pontianak","40707"
"15","15","Jl Diponegoro No 376","Palembang","84361"
"16","16","Jl Pahlawan No 642","Cirebon","65053"
"17","17","Jl Asia Afrika No 237","Yogyakarta","12291"
"18","18","Jl Sisingamangaraja No 552","Surabaya","60034"
"19","19","Jl Sisingamangaraja No 133","Pekanbaru","09564"
"20","20","Jl Asia Afrika No 350","Yogyakarta","06223"
"21","21","Jl Sisingamangaraja No 977","Jayapura","95054"
"22","22","Jl Sudirman No 51","Banjarmasin","31695"
"23","23","Jl Gatot Subroto No 487","Pontianak","05917"
"24","24","Jl Juanda No 665","Manado","50153"
"25","25","Jl Asia Afrika No 916","Cilacap","05776"
"26","26","Jl Pahlawan No 101","Padang","28933"
"27","27","Jl Gatot Subroto No 748","Semarang","85991"
"28","28","Jl Diponegoro No 818","Tasikmalaya","47038"
"29","29","Jl Sudirman No 683","Bogor","95069"
"30","30","Jl Diponegoro No 189","Tasikmalaya","49262"
"31","31","Jl Merdeka No 568","Tasikmalaya","78590"
"32","32","Jl Sisingamangaraja No 315","Denpasar","30716"
"33","33","Jl Sisingamangaraja No 761","Cirebon","37803"
"34","34","Jl Diponegoro No 748","Mataram","25013"
"35","35","Jl Juanda No 492","Cilacap","84668"
"36","36","Jl Diponegoro No 871","Pekanbaru","75035"
"37","37","Jl Sisingamangaraja No 208","Ambon","92082"
"38","38","Jl Gatot Subroto No 990","Denpasar","49837"
"39","39","Jl Juanda No 484","Tasikmalaya","96072"
"40","40","Jl Sudirman No 269","Medan","62809"
"41","41","Jl Juanda No 568","Malang","36080"
"42","42","Jl Sisingamangaraja No 695","Padang","62689"
"43","43","Jl Juanda No 87","Surabaya","56339"
"44","44","Jl Diponegoro No 928","Manado","45261"
"45","45","Jl Thamrin No 142","Manado","53793"
"46","46","Jl Juanda No 296","Palembang","40072"
"47","47","Jl Juanda No 662","Padang","90158"
"48","48","Jl Diponegoro No 277","Denpasar","84451"
"49","49","Jl Juanda No 374","Pekanbaru","99986"
"50","50","Jl Sudirman No 387","Pekanbaru","02365"
"51","51","Jl Gatot Subroto No 730","Bogor","80004"
"52","52","Jl Gatot Subroto No 300","Palembang","04483"
"53","53","Jl Diponegoro No 85","Bandung","28187"
"54","54","Jl Diponegoro No 829","Bandung","23457"
"55","55","Jl Diponegoro No 417","Cilacap","44223"
"56","56","Jl Sudirman No 1","Denpasar","36358"
"57","57","Jl Sisingamangaraja No 279","Pontianak","97032"
"58","58","Jl Juanda No 901","Mataram","43942"
"59","59","Jl Pahlawan No 111","Manado","96069"
"60","60","Jl Asia Afrika No 807","Kupang","80554"
"61","61","Jl Asia Afrika No 367","Bandung","38927"
"62","62","Jl Pahlawan No 985","Jayapura","39507"
"63","63","Jl Diponegoro No 180","Medan","59330"
"64","64","Jl Pahlawan No 958","Makassar","02548"
"65","65","Jl Merdeka No 473","Semarang","28143"
"66","66","Jl Asia Afrika No 888","Mataram","89739"
"67","67","Jl Pahlawan No 765","Pekanbaru","19064"
"68","68","Jl Merdeka No 405","Mataram","10368"
"69","69","Jl Juanda No 792","Tasikmalaya","49962"
"70","70","Jl Gatot Subroto No 682","Denpasar","60480"
"71","71","Jl Sudirman No 118","Padang","37666"
"72","72","Jl Gatot Subroto No 313","Surabaya","98840"
"73","73","Jl Gatot Subroto No 356","Samarinda","15992"
"74","74","Jl Merdeka No 864","Palembang","51427"
"75","75","Jl Juanda No 354","Medan","62358"
"76","76","Jl Pahlawan No 961","Padang","37390"
"77","77","Jl Sudirman No 304","Malang","42387"
"78","78","Jl Sisingamangaraja No 159","Medan","97728"
"79","79","Jl Merdeka No 463","Medan","11187"
"80","80","Jl Thamrin No 614","Medan","40185"
"81","81","Jl Juanda No 180","Palembang","97847"
"82","82","Jl Asia Afrika No 170","Pekanbaru","54403"
"83","83","Jl Sisingamangaraja No 626","Tasikmalaya","28845"
"84","84","Jl Sudirman No 902","Bandung","87565"
"85","85","Jl Juanda No 497","Bogor","53113"
"86","86","Jl Asia Afrika No 803","Cirebon","72536"
"87","87","Jl Juanda No 409","Cilacap","84352"
"88","88","Jl Sudirman No 532","Manado","63457"
"89","89","Jl Asia Afrika No 747","Palembang","08058"
"90","90","Jl Thamrin No 252","Jayapura","90777"
"91","91","Jl Thamrin No 779","Bogor","91900"
"92","92","Jl Sudirman No 423","Pekanbaru","70092"
"93","93","Jl Diponegoro No 582","Tasikmalaya","64309"
"94","94","Jl Asia Afrika No 221","Pontianak","17716"
"95","95","Jl Thamrin No 292","Pontianak","86199"
"96","96","Jl Sudirman No 821","Denpasar","91544"
"97","97","Jl Juanda No 474","Cilacap","19113"
"98","98","Jl Thamrin No 879","Mataram","98930"
"99","99","Jl Asia Afrika No 370","Medan","35625"
"100","100","Jl Pahlawan No 611","Cilacap","68283"
"101","101","Jl Pahlawan No 221","Cirebon","95732"
"102","102","Jl Gatot Subroto No 368","Surabaya","40323"
"103","103","Jl Diponegoro No 277","Semarang","18441"
"104","104","Jl Merdeka No 511","Malang","40437"
"105","105","Jl Sisingamangaraja No 243","Tasikmalaya","15606"
"106","106","Jl Pahlawan No 352","Yogyakarta","57606"
"107","107","Jl Merdeka No 664","Pontianak","15747"
"108","108","Jl Juanda No 758","Makassar","91552"
"109","109","Jl Sisingamangaraja No 39","Mataram","17820"
"110","110","Jl Thamrin No 762","Bandung","66505"
"111","111","Jl Diponegoro No 30","Makassar","76636"
"112","112","Jl Thamrin No 946","Medan","45210"
"113","113","Jl Asia Afrika No 39","Jayapura","27842"
"114","114","Jl Thamrin No 679","Ambon","38989"
"115","115","Jl Diponegoro No 40","Malang","38249"
"116","116","Jl Diponegoro No 606","Ambon","35798"
"117","117","Jl Asia Afrika No 862","Surabaya","39843"
"118","118","Jl Merdeka No 31","Kupang","62111"
"119","119","Jl Pahlawan No 190","Yogyakarta","68810"
"120","120","Jl Sudirman No 660","Palembang","89819"
"121","121","Jl Sisingamangaraja No 667","Kupang","22585"
"122","122","Jl Gatot Subroto No 215","Medan","31980"
"123","123","Jl Asia Afrika No 781","Bogor","94458"
"124","124","Jl Merdeka No 22","Semarang","27656"
"125","125","Jl Merdeka No 328","Padang","06052"
"126","126","Jl Sudirman No 637","Samarinda","67958"
"127","127","Jl Sudirman No 861","Bogor","30307"
"128","128","Jl Pahlawan No 368","Manado","94904"
"129","129","Jl Gatot Subroto No 76","Banjarmasin","37923"
"130","130","Jl Asia Afrika No 855","Malang","20055"
"131","131","Jl Thamrin No 932","Malang","55830"
"132","132","Jl Merdeka No 886","Padang","54865"
"133","133","Jl Pahlawan No 732","Jayapura","22168"
"134","134","Jl Thamrin No 588","Medan","89146"
"135","135","Jl Gatot Subroto No 850","Ambon","45369"
"136","136","Jl Sisingamangaraja No 620","Cirebon","43006"
"137","137","Jl Sisingamangaraja No 788","Kupang","62240"
"138","138","Jl Sudirman No 729","Padang","25532"
"139","139","Jl Asia Afrika No 894","Kupang","57900"
"140","140","Jl Juanda No 407","Tasikmalaya","36111"
"141","141","Jl Asia Afrika No 441","Makassar","58228"
"142","142","Jl Merdeka No 153","Palembang","97173"
"143","143","Jl Asia Afrika No 844","Bandung","39855"
"144","144","Jl Sudirman No 465","Mataram","87627"
"145","145","Jl Sudirman No 124","Cilacap","33890"
"146","146","Jl Merdeka No 917","Padang","15611"
"147","147","Jl Pahlawan No 647","Yogyakarta","58276"
"148","148","Jl Juanda No 793","Denpasar","17986"
"149","149","Jl Juanda No 883","Jakarta","03351"
"150","150","Jl Asia Afrika No 217","Balikpapan","05153"
"151","151","Jl Sisingamangaraja No 752","Cilacap","15194"
"152","152","Jl Asia Afrika No 226","Malang","61003"
"153","153","Jl Sisingamangaraja No 139","Samarinda","09761"
"154","154","Jl Diponegoro No 829","Balikpapan","26414"
"155","155","Jl Sudirman No 725","Malang","22008"
"156","156","Jl Gatot Subroto No 210","Manado","65262"
"157","157","Jl Pahlawan No 370","Palembang","35861"
"158","158","Jl Juanda No 842","Padang","61634"
"159","159","Jl Gatot Subroto No 114","Ambon","68157"
"160","160","Jl Diponegoro No 180","Yogyakarta","81803"
"161","161","Jl Sisingamangaraja No 511","Bogor","03390"
"162","162","Jl Gatot Subroto No 139","Pekanbaru","68374"
"163","163","Jl Sisingamangaraja No 391","Jayapura","38947"
"164","164","Jl Diponegoro No 464","Bandung","61822"
"165","165","Jl Thamrin No 327","Cirebon","06585"
"166","166","Jl Gatot Subroto No 380","Bogor","35424"
"167","167","Jl Merdeka No 806","Surabaya","21873"
"168","168","Jl Sisingamangaraja No 103","Kupang","34146"
"169","169","Jl Merdeka No 140","Pontianak","63837"
"170","170","Jl Asia Afrika No 488","Medan","18542"
"171","171","Jl Sisingamangaraja No 367","Mataram","64367"
"172","172","Jl Diponegoro No 291","Surabaya","26697"
"173","173","Jl Sudirman No 79","Jayapura","91396"
"174","174","Jl Gatot Subroto No 934","Palembang","88548"
"175","175","Jl Sudirman No 746","Manado","43480"
"176","176","Jl Diponegoro No 77","Denpasar","87785"
"177","177","Jl Thamrin No 494","Ambon","45007"
"178","178","Jl Asia Afrika No 591","Tasikmalaya","46137"
"179","179","Jl Merdeka No 853","Bandung","44133"
"180","180","Jl Thamrin No 419","Medan","13176"
"181","181","Jl Gatot Subroto No 100","Denpasar","07121"
"182","182","Jl Asia Afrika No 864","Bogor","75650"
"183","183","Jl Sisingamangaraja No 252","Mataram","68505"
"184","184","Jl Sudirman No 657","Manado","50358"
"185","185","Jl Pahlawan No 830","Manado","30828"
"186","186","Jl Thamrin No 280","Denpasar","50266"
"187","187","Jl Sudirman No 740","Palembang","74430"
"188","188","Jl Pahlawan No 892","Padang","15058"
"189","189","Jl Juanda No 223","Cirebon","92663"
"190","190","Jl Sisingamangaraja No 296","Ambon","43877"
"191","191","Jl Gatot Subroto No 884","Banjarmasin","94456"
"192","192","Jl Thamrin No 389","Kupang","09520"
"193","193","Jl Sudirman No 841","Denpasar","41055"
"194","194","Jl Pahlawan No 956","Pekanbaru","15773"
"195","195","Jl Juanda No 662","Samarinda","86821"
"196","196","Jl Diponegoro No 592","Banjarmasin","11616"
"197","197","Jl Sisingamangaraja No 113","Tasikmalaya","74237"
"198","198","Jl Asia Afrika No 429","Balikpapan","44901"
"199","199","Jl Asia Afrika No 947","Yogyakarta","34141"
"200","200","Jl Juanda No 984","Denpasar","25301"
"201","201","Jl Sisingamangaraja No 361","Jayapura","35666"
"202","202","Jl Merdeka No 82","Palembang","90620"
"203","203","Jl Diponegoro No 753","Padang","45752"
"204","204","Jl Merdeka No 376","Cirebon","68957"
"205","205","Jl Pahlawan No 531","Medan","64485"
"206","206","Jl Sudirman No 33","Padang","29068"
"207","207","Jl Thamrin No 363","Kupang","92716"
"208","208","Jl Juanda No 989","Kupang","36230"
"209","209","Jl Juanda No 161","Banjarmasin","38887"
"210","210","Jl Gatot Subroto No 411","Bandung","39698"
"211","211","Jl Sudirman No 335","Surabaya","98306"
"212","212","Jl Pahlawan No 260","Pekanbaru","34937"
"213","213","Jl Thamrin No 147","Kupang","04527"
"214","214","Jl Sudirman No 690","Bandung","16835"
"215","215","Jl Merdeka No 183","Surabaya","54498"
"216","216","Jl Sudirman No 425","Ambon","15564"
"217","217","Jl Juanda No 298","Pontianak","35164"
"218","218","Jl Thamrin No 2","Pekanbaru","00651"
"219","219","Jl Merdeka No 341","Manado","85538"
"220","220","Jl Diponegoro No 67","Bandung","01133"
"221","221","Jl Pahlawan No 161","Banjarmasin","00806"
"222","222","Jl Pahlawan No 13","Balikpapan","05317"
"223","223","Jl Merdeka No 572","Balikpapan","44197"
"224","224","Jl Asia Afrika No 12","Mataram","90019"
"225","225","Jl Gatot Subroto No 666","Tasikmalaya","35294"
"226","226","Jl Merdeka No 603","Bandung","83801"
"227","227","Jl Thamrin No 761","Yogyakarta","39586"
"228","228","Jl Sudirman No 568","Surabaya","58566"
"229","229","Jl Merdeka No 713","Malang","46674"
"230","230","Jl Diponegoro No 708","Pekanbaru","95091"
"231","231","Jl Juanda No 349","Bandung","95455"
"232","232","Jl Sisingamangaraja No 528","Bandung","36183"
"233","233","Jl Diponegoro No 861","Pontianak","78440"
"234","234","Jl Gatot Subroto No 945","Tasikmalaya","14448"
"235","235","Jl Diponegoro No 455","Medan","93507"
"236","236","Jl Diponegoro No 544","Manado","82195"
"237","237","Jl Juanda No 79","Surabaya","37220"
"238","238","Jl Sudirman No 683","Banjarmasin","66268"
"239","239","Jl Thamrin No 523","Bandung","25369"
"240","240","Jl Sisingamangaraja No 984","Denpasar","01555"
"241","241","Jl Sisingamangaraja No 446","Samarinda","41638"
"242","242","Jl Thamrin No 322","Palembang","78983"
"243","243","Jl Asia Afrika No 65","Kupang","58305"
"244","244","Jl Sisingamangaraja No 459","Kupang","46413"
"245","245","Jl Gatot Subroto No 470","Balikpapan","91169"
"246","246","Jl Merdeka No 65","Surabaya","27346"
"247","247","Jl Merdeka No 224","Jakarta","04250"
"248","248","Jl Merdeka No 736","Cirebon","33563"
"249","249","Jl Asia Afrika No 148","Balikpapan","21761"
"250","250","Jl Asia Afrika No 593","Ambon","13333"
"251","251","Jl Thamrin No 291","Pontianak","22609"
"252","252","Jl Diponegoro No 633","Yogyakarta","35722"
"253","253","Jl Sisingamangaraja No 137","Bandung","45260"
"254","254","Jl Diponegoro No 989","Ambon","06399"
"255","255","Jl Diponegoro No 608","Kupang","27088"
"256","256","Jl Asia Afrika No 732","Bandung","61719"
"257","257","Jl Juanda No 18","Medan","94830"
"258","258","Jl Pahlawan No 392","Manado","16869"
"259","259","Jl Thamrin No 852","Tasikmalaya","89526"
"260","260","Jl Diponegoro No 121","Cilacap","10226"
"261","261","Jl Gatot Subroto No 615","Surabaya","49362"
"262","262","Jl Pahlawan No 142","Semarang","55233"
"263","263","Jl Sudirman No 885","Bogor","04228"
"264","264","Jl Thamrin No 223","Ambon","19124"
"265","265","Jl Juanda No 33","Pekanbaru","50186"
"266","266","Jl Sisingamangaraja No 849","Pontianak","27081"
"267","267","Jl Juanda No 710","Cirebon","54492"
"268","268","Jl Sisingamangaraja No 379","Palembang","49264"
"269","269","Jl Diponegoro No 332","Manado","00813"
"270","270","Jl Thamrin No 927","Padang","60865"
"271","271","Jl Juanda No 597","Yogyakarta","99821"
"272","272","Jl Diponegoro No 158","Jayapura","65910"
"273","273","Jl Diponegoro No 728","Bogor","26129"
"274","274","Jl Gatot Subroto No 106","Bogor","43495"
"275","275","Jl Pahlawan No 684","Pontianak","27466"
"276","276","Jl Juanda No 560","Balikpapan","61913"
"277","277","Jl Gatot Subroto No 466","Tasikmalaya","04345"
"278","278","Jl Merdeka No 454","Tasikmalaya","13029"
"279","279","Jl Sisingamangaraja No 346","Semarang","37899"
"280","280","Jl Juanda No 941","Padang","92116"
"281","281","Jl Pahlawan No 442","Pontianak","18263"
"282","282","Jl Gatot Subroto No 578","Kupang","59505"
"283","283","Jl Juanda No 730","Jakarta","10745"
"284","284","Jl Pahlawan No 110","Manado","09162"
"285","285","Jl Thamrin No 230","Denpasar","83460"
"286","286","Jl Sudirman No 431","Banjarmasin","80641"
"287","287","Jl Asia Afrika No 505","Ambon","86035"
"288","288","Jl Pahlawan No 947","Palembang","48871"
"289","289","Jl Juanda No 983","Banjarmasin","22006"
"290","290","Jl Asia Afrika No 731","Padang","74683"
"291","291","Jl Diponegoro No 680","Palembang","37523"
"292","292","Jl Sudirman No 943","Padang","45403"
"293","293","Jl Diponegoro No 935","Samarinda","74938"
"294","294","Jl Sisingamangaraja No 195","Malang","48538"
"295","295","Jl Diponegoro No 517","Malang","34373"
"296","296","Jl Asia Afrika No 866","Palembang","45974"
"297","297","Jl Sisingamangaraja No 563","Manado","53800"
"298","298","Jl Gatot Subroto No 923","Balikpapan","86986"
"299","299","Jl Thamrin No 388","Malang","61899"
"300","300","Jl Asia Afrika No 974","Palembang","36686"
"301","301","Jl Merdeka No 559","Padang","76487"
"302","302","Jl Thamrin No 958","Surabaya","21131"
"303","303","Jl Merdeka No 435","Surabaya","34614"
"304","304","Jl Thamrin No 751","Samarinda","33801"
"305","305","Jl Juanda No 676","Kupang","68963"
"306","306","Jl Sisingamangaraja No 527","Makassar","15546"
"307","307","Jl Gatot Subroto No 384","Medan","76435"
"308","308","Jl Sudirman No 21","Jakarta","06004"
"309","309","Jl Gatot Subroto No 690","Bogor","49535"
"310","310","Jl Asia Afrika No 477","Balikpapan","13536"
"311","311","Jl Thamrin No 753","Manado","53163"
"312","312","Jl Sisingamangaraja No 727","Manado","89439"
"313","313","Jl Merdeka No 592","Cirebon","08621"
"314","314","Jl Asia Afrika No 668","Ambon","67951"
"315","315","Jl Diponegoro No 793","Bogor","11539"
"316","316","Jl Pahlawan No 702","Yogyakarta","62000"
"317","317","Jl Gatot Subroto No 832","Pontianak","44201"
"318","318","Jl Diponegoro No 1","Padang","64553"
"319","319","Jl Diponegoro No 714","Cilacap","80917"
"320","320","Jl Asia Afrika No 652","Pekanbaru","61592"
"321","321","Jl Sudirman No 245","Surabaya","20950"
"322","322","Jl Thamrin No 145","Jakarta","82899"
"323","323","Jl Sisingamangaraja No 189","Jayapura","47060"
"324","324","Jl Juanda No 51","Kupang","25499"
"325","325","Jl Sudirman No 146","Denpasar","27800"
"326","326","Jl Pahlawan No 77","Pekanbaru","94651"
"327","327","Jl Juanda No 288","Manado","11391"
"328","328","Jl Diponegoro No 874","Jayapura","86047"
"329","329","Jl Asia Afrika No 203","Medan","06229"
"330","330","Jl Sudirman No 759","Mataram","83287"
"331","331","Jl Merdeka No 973","Bogor","82178"
"332","332","Jl Merdeka No 230","Pekanbaru","45119"
"333","333","Jl Juanda No 427","Pontianak","73589"
"334","334","Jl Gatot Subroto No 906","Balikpapan","92566"
"335","335","Jl Juanda No 152","Balikpapan","58409"
"336","336","Jl Gatot Subroto No 925","Cirebon","83480"
"337","337","Jl Juanda No 416","Pontianak","21598"
"338","338","Jl Juanda No 632","Manado","44304"
"339","339","Jl Pahlawan No 870","Banjarmasin","94621"
"340","340","Jl Sudirman No 807","Cilacap","42871"
"341","341","Jl Sudirman No 39","Pontianak","81281"
"342","342","Jl Sudirman No 104","Malang","10490"
"343","343","Jl Pahlawan No 296","Malang","30560"
"344","344","Jl Sisingamangaraja No 910","Makassar","33214"
"345","345","Jl Sudirman No 403","Banjarmasin","85115"
"346","346","Jl Sudirman No 25","Palembang","00294"
"347","347","Jl Gatot Subroto No 941","Cirebon","26004"
"348","348","Jl Asia Afrika No 673","Cirebon","04672"
"349","349","Jl Merdeka No 873","Bogor","86905"
"350","350","Jl Diponegoro No 113","Pekanbaru","92661"
"351","351","Jl Gatot Subroto No 140","Makassar","38273"
"352","352","Jl Merdeka No 864","Medan","96650"
"353","353","Jl Pahlawan No 909","Semarang","02660"
"354","354","Jl Diponegoro No 471","Pontianak","52460"
"355","355","Jl Juanda No 615","Cirebon","31793"
"356","356","Jl Juanda No 625","Jayapura","05720"
"357","357","Jl Thamrin No 467","Samarinda","04865"
"358","358","Jl Merdeka No 94","Medan","92015"
"359","359","Jl Pahlawan No 445","Balikpapan","78301"
"360","360","Jl Merdeka No 13","Padang","10349"
"361","361","Jl Thamrin No 523","Padang","01540"
"362","362","Jl Gatot Subroto No 905","Ambon","98965"
"363","363","Jl Pahlawan No 83","Bogor","98461"
"364","364","Jl Gatot Subroto No 375","Samarinda","51058"
"365","365","Jl Thamrin No 114","Cilacap","29322"
"366","366","Jl Asia Afrika No 281","Malang","89281"
"367","367","Jl Gatot Subroto No 944","Palembang","78065"
"368","368","Jl Merdeka No 261","Samarinda","65938"
"369","369","Jl Sisingamangaraja No 508","Mataram","00003"
"370","370","Jl Pahlawan No 695","Surabaya","57530"
"371","371","Jl Juanda No 839","Makassar","78076"
"372","372","Jl Sudirman No 726","Makassar","31639"
"373","373","Jl Diponegoro No 928","Balikpapan","64049"
"374","374","Jl Juanda No 726","Tasikmalaya","84714"
"375","375","Jl Sudirman No 782","Jakarta","78025"
"376","376","Jl Thamrin No 834","Makassar","58770"
"377","377","Jl Asia Afrika No 678","Balikpapan","53107"
"378","378","Jl Gatot Subroto No 771","Ambon","62589"
"379","379","Jl Sudirman No 614","Malang","84326"
"380","380","Jl Merdeka No 601","Jakarta","11708"
"381","381","Jl Diponegoro No 232","Bogor","90938"
"382","382","Jl Merdeka No 95","Yogyakarta","99673"
"383","383","Jl Gatot Subroto No 40","Yogyakarta","52954"
"384","384","Jl Diponegoro No 528","Cirebon","67473"
"385","385","Jl Sudirman No 417","Surabaya","72532"
"386","386","Jl Pahlawan No 3","Padang","25561"
"387","387","Jl Diponegoro No 512","Samarinda","50925"
"388","388","Jl Diponegoro No 240","Cilacap","06005"
"389","389","Jl Asia Afrika No 75","Ambon","63238"
"390","390","Jl Sisingamangaraja No 516","Bogor","24364"
"391","391","Jl Diponegoro No 683","Tasikmalaya","61382"
"392","392","Jl Merdeka No 631","Balikpapan","75286"
"393","393","Jl Gatot Subroto No 792","Ambon","51953"
"394","394","Jl Juanda No 733","Balikpapan","33601"
"395","395","Jl Sisingamangaraja No 743","Palembang","94396"
"396","396","Jl Diponegoro No 142","Tasikmalaya","84120"
"397","397","Jl Asia Afrika No 990","Bogor","93583"
"398","398","Jl Asia Afrika No 978","Yogyakarta","26144"
"399","399","Jl Juanda No 953","Mataram","96456"
"400","400","Jl Sudirman No 465","Semarang","43759"
"401","401","Jl Juanda No 451","Banjarmasin","80229"
"402","402","Jl Thamrin No 496","Padang","55705"
"403","403","Jl Juanda No 114","Balikpapan","33443"
"404","404","Jl Merdeka No 224","Pekanbaru","67243"
"405","405","Jl Pahlawan No 229","Semarang","08678"
"406","406","Jl Sudirman No 663","Semarang","80936"
"407","407","Jl Asia Afrika No 970","Malang","30910"
"408","408","Jl Sisingamangaraja No 624","Makassar","21946"
"409","409","Jl Thamrin No 613","Samarinda","64244"
"410","410","Jl Merdeka No 93","Jayapura","66284"
"411","411","Jl Diponegoro No 326","Tasikmalaya","72937"
"412","412","Jl Sisingamangaraja No 821","Balikpapan","78129"
"413","413","Jl Juanda No 16","Pontianak","75629"
"414","414","Jl Sisingamangaraja No 637","Manado","73910"
"415","415","Jl Pahlawan No 523","Kupang","18708"
"416","416","Jl Diponegoro No 746","Samarinda","96738"
"417","417","Jl Sisingamangaraja No 858","Bogor","59946"
"418","418","Jl Pahlawan No 233","Pekanbaru","09587"
"419","419","Jl Thamrin No 218","Yogyakarta","99770"
"420","420","Jl Sudirman No 203","Bandung","63180"
"421","421","Jl Pahlawan No 82","Manado","43373"
"422","422","Jl Gatot Subroto No 938","Jakarta","18950"
"423","423","Jl Gatot Subroto No 439","Cilacap","71199"
"424","424","Jl Thamrin No 545","Manado","18928"
"425","425","Jl Merdeka No 716","Mataram","51147"
"426","426","Jl Juanda No 44","Cilacap","11028"
"427","427","Jl Diponegoro No 762","Pontianak","72284"
"428","428","Jl Merdeka No 419","Manado","65566"
"429","429","Jl Sudirman No 891","Manado","59597"
"430","430","Jl Juanda No 395","Yogyakarta","45482"
"431","431","Jl Thamrin No 259","Jayapura","51956"
"432","432","Jl Gatot Subroto No 573","Bogor","31153"
"433","433","Jl Sisingamangaraja No 554","Bogor","86871"
"434","434","Jl Sisingamangaraja No 125","Semarang","97935"
"435","435","Jl Asia Afrika No 597","Balikpapan","56047"
"436","436","Jl Pahlawan No 844","Denpasar","13854"
"437","437","Jl Pahlawan No 847","Balikpapan","69093"
"438","438","Jl Pahlawan No 541","Medan","93327"
"439","439","Jl Sisingamangaraja No 749","Balikpapan","74292"
"440","440","Jl Sisingamangaraja No 35","Palembang","87138"
"441","441","Jl Juanda No 136","Manado","72449"
"442","442","Jl Asia Afrika No 364","Kupang","03105"
"443","443","Jl Merdeka No 375","Medan","50501"
"444","444","Jl Thamrin No 823","Denpasar","46517"
"445","445","Jl Asia Afrika No 944","Balikpapan","42051"
"446","446","Jl Sisingamangaraja No 875","Padang","42677"
"447","447","Jl Juanda No 900","Denpasar","30792"
"448","448","Jl Sudirman No 882","Makassar","31856"
"449","449","Jl Gatot Subroto No 990","Bandung","36282"
"450","450","Jl Sudirman No 593","Pekanbaru","31560"
"451","451","Jl Pahlawan No 926","Malang","17268"
"452","452","Jl Sudirman No 368","Tasikmalaya","11575"
"453","453","Jl Sisingamangaraja No 164","Semarang","72801"
"454","454","Jl Merdeka No 136","Medan","73134"
"455","455","Jl Sisingamangaraja No 738","Denpasar","06249"
"456","456","Jl Asia Afrika No 737","Bandung","80488"
"457","457","Jl Sisingamangaraja No 264","Makassar","40045"
"458","458","Jl Gatot Subroto No 843","Pekanbaru","75035"
"459","459","Jl Gatot Subroto No 394","Surabaya","54731"
"460","460","Jl Sisingamangaraja No 787","Denpasar","02618"
"461","461","Jl Juanda No 713","Manado","05960"
"462","462","Jl Pahlawan No 589","Surabaya","64592"
"463","463","Jl Juanda No 517","Medan","89086"
"464","464","Jl Juanda No 274","Cirebon","54248"
"465","465","Jl Juanda No 135","Malang","67382"
"466","466","Jl Sisingamangaraja No 61","Palembang","85731"
"467","467","Jl Asia Afrika No 832","Manado","97147"
"468","468","Jl Gatot Subroto No 633","Mataram","12328"
"469","469","Jl Thamrin No 190","Pontianak","24391"
"470","470","Jl Merdeka No 113","Denpasar","87388"
"471","471","Jl Gatot Subroto No 854","Pontianak","48523"
"472","472","Jl Juanda No 848","Mataram","63326"
"473","473","Jl Diponegoro No 860","Pontianak","36764"
"474","474","Jl Merdeka No 232","Padang","21752"
"475","475","Jl Juanda No 978","Balikpapan","11255"
"476","476","Jl Juanda No 881","Pontianak","88667"
"477","477","Jl Juanda No 829","Padang","50920"
"478","478","Jl Sisingamangaraja No 677","Cirebon","65142"
"479","479","Jl Sudirman No 612","Jakarta","70565"
"480","480","Jl Sisingamangaraja No 854","Pekanbaru","96210"
"481","481","Jl Juanda No 112","Malang","58115"
"482","482","Jl Sudirman No 41","Jakarta","38172"
"483","483","Jl Juanda No 279","Jayapura","58467"
"484","484","Jl Diponegoro No 349","Pontianak","63767"
"485","485","Jl Gatot Subroto No 963","Padang","60929"
"486","486","Jl Juanda No 561","Jakarta","85694"
"487","487","Jl Diponegoro No 213","Jayapura","30005"
"488","488","Jl Sudirman No 866","Makassar","82214"
"489","489","Jl Juanda No 969","Pekanbaru","83028"
"490","490","Jl Diponegoro No 251","Surabaya","89337"
"491","491","Jl Juanda No 701","Makassar","38501"
"492","492","Jl Merdeka No 197","Bandung","94832"
"493","493","Jl Asia Afrika No 600","Tasikmalaya","29595"
"494","494","Jl Merdeka No 918","Semarang","86830"
"495","495","Jl Diponegoro No 360","Medan","32364"
"496","496","Jl Sudirman No 974","Surabaya","74841"
"497","497","Jl Asia Afrika No 484","Pekanbaru","74357"
"498","498","Jl Sisingamangaraja No 72","Padang","25943"
"499","499","Jl Asia Afrika No 488","Makassar","78550"
"500","500","Jl Sisingamangaraja No 205","Jayapura","35923"
"501","501","Jl Juanda No 331","Banjarmasin","61061"
"502","502","Jl Merdeka No 639","Banjarmasin","34438"
"503","503","Jl Juanda No 297","Banjarmasin","05685"
"504","504","Jl Gatot Subroto No 151","Makassar","77104"
"505","505","Jl Asia Afrika No 886","Padang","00538"
"506","506","Jl Asia Afrika No 674","Padang","02712"
"507","507","Jl Asia Afrika No 755","Malang","15854"
"508","508","Jl Sudirman No 662","Pekanbaru","62406"
"509","509","Jl Juanda No 518","Manado","61913"
"510","510","Jl Sisingamangaraja No 639","Ambon","43988"
"511","511","Jl Gatot Subroto No 315","Surabaya","12568"
"512","512","Jl Sisingamangaraja No 463","Cilacap","38720"
"513","513","Jl Sisingamangaraja No 135","Pekanbaru","35351"
"514","514","Jl Thamrin No 169","Manado","12079"
"515","515","Jl Juanda No 206","Palembang","50139"
"516","516","Jl Thamrin No 184","Pontianak","51525"
"517","517","Jl Sisingamangaraja No 492","Padang","31668"
"518","518","Jl Diponegoro No 735","Malang","62327"
"519","519","Jl Sudirman No 265","Jakarta","99394"
"520","520","Jl Merdeka No 775","Pekanbaru","61324"
"521","521","Jl Asia Afrika No 91","Pekanbaru","65965"
"522","522","Jl Sudirman No 58","Pontianak","72054"
"523","523","Jl Pahlawan No 124","Jayapura","96542"
"524","524","Jl Merdeka No 286","Malang","30113"
"525","525","Jl Thamrin No 488","Cirebon","00853"
"526","526","Jl Diponegoro No 189","Malang","37627"
"527","527","Jl Thamrin No 39","Pekanbaru","69829"
"528","528","Jl Juanda No 708","Bogor","08338"
"529","529","Jl Gatot Subroto No 724","Yogyakarta","13323"
"530","530","Jl Diponegoro No 101","Balikpapan","34764"
"531","531","Jl Gatot Subroto No 394","Tasikmalaya","81876"
"532","532","Jl Sisingamangaraja No 348","Denpasar","20484"
"533","533","Jl Pahlawan No 877","Mataram","19993"
"534","534","Jl Sudirman No 326","Balikpapan","61054"
"535","535","Jl Gatot Subroto No 100","Semarang","61736"
"536","536","Jl Sudirman No 830","Samarinda","86447"
"537","537","Jl Sisingamangaraja No 159","Padang","95296"
"538","538","Jl Gatot Subroto No 919","Palembang","50050"
"539","539","Jl Sudirman No 64","Bogor","00206"
"540","540","Jl Asia Afrika No 771","Makassar","13037"
"541","541","Jl Asia Afrika No 686","Ambon","32694"
"542","542","Jl Asia Afrika No 206","Mataram","13807"
"543","543","Jl Gatot Subroto No 823","Ambon","82888"
"544","544","Jl Juanda No 6","Manado","56840"
"545","545","Jl Sisingamangaraja No 289","Mataram","12594"
"546","546","Jl Asia Afrika No 308","Mataram","96311"
"547","547","Jl Asia Afrika No 11","Samarinda","43442"
"548","548","Jl Gatot Subroto No 288","Tasikmalaya","24807"
"549","549","Jl Sudirman No 375","Mataram","18627"
"550","550","Jl Thamrin No 89","Mataram","60697"
"551","551","Jl Diponegoro No 395","Palembang","70533"
"552","552","Jl Diponegoro No 321","Mataram","19669"
"553","553","Jl Thamrin No 735","Tasikmalaya","86627"
"554","554","Jl Diponegoro No 979","Bandung","59703"
"555","555","Jl Diponegoro No 719","Kupang","56979"
"556","556","Jl Sudirman No 296","Pontianak","81517"
"557","557","Jl Diponegoro No 750","Samarinda","55115"
"558","558","Jl Sisingamangaraja No 77","Jakarta","77314"
"559","559","Jl Gatot Subroto No 53","Semarang","02876"
"560","560","Jl Asia Afrika No 790","Bandung","13948"
"561","561","Jl Gatot Subroto No 662","Cirebon","94877"
"562","562","Jl Merdeka No 289","Jayapura","83480"
"563","563","Jl Sudirman No 156","Manado","58768"
"564","564","Jl Sudirman No 729","Bandung","72703"
"565","565","Jl Sisingamangaraja No 987","Manado","78257"
"566","566","Jl Sudirman No 273","Samarinda","18173"
"567","567","Jl Merdeka No 365","Cirebon","40080"
"568","568","Jl Juanda No 874","Tasikmalaya","05216"
"569","569","Jl Diponegoro No 426","Denpasar","22207"
"570","570","Jl Gatot Subroto No 249","Bogor","44167"
"571","571","Jl Gatot Subroto No 466","Palembang","85211"
"572","572","Jl Pahlawan No 179","Bandung","60049"
"573","573","Jl Diponegoro No 189","Mataram","75065"
"574","574","Jl Thamrin No 236","Pontianak","97253"
"575","575","Jl Sisingamangaraja No 429","Makassar","40986"
"576","576","Jl Juanda No 388","Pontianak","49415"
"577","577","Jl Thamrin No 55","Samarinda","05157"
"578","578","Jl Asia Afrika No 95","Samarinda","16088"
"579","579","Jl Sisingamangaraja No 911","Malang","86733"
"580","580","Jl Diponegoro No 139","Medan","87263"
"581","581","Jl Sisingamangaraja No 440","Cilacap","87017"
"582","582","Jl Diponegoro No 533","Makassar","34009"
"583","583","Jl Sisingamangaraja No 61","Bandung","08551"
"584","584","Jl Thamrin No 289","Jakarta","23613"
"585","585","Jl Gatot Subroto No 236","Tasikmalaya","41533"
"586","586","Jl Merdeka No 16","Tasikmalaya","81409"
"587","587","Jl Sisingamangaraja No 154","Manado","74312"
"588","588","Jl Merdeka No 22","Pontianak","48972"
"589","589","Jl Sudirman No 387","Denpasar","91486"
"590","590","Jl Gatot Subroto No 618","Cirebon","00532"
"591","591","Jl Sisingamangaraja No 238","Medan","19646"
"592","592","Jl Asia Afrika No 224","Balikpapan","21116"
"593","593","Jl Asia Afrika No 864","Semarang","48217"
"594","594","Jl Asia Afrika No 347","Yogyakarta","50310"
"595","595","Jl Gatot Subroto No 657","Balikpapan","87516"
"596","596","Jl Asia Afrika No 332","Ambon","89365"
"597","597","Jl Gatot Subroto No 657","Padang","84444"
"598","598","Jl Diponegoro No 203","Banjarmasin","03267"
"599","599","Jl Gatot Subroto No 892","Kupang","09085"
"600","600","Jl Gatot Subroto No 79","Tasikmalaya","72080"
"601","601","Jl Diponegoro No 974","Surabaya","13987"
"602","602","Jl Diponegoro No 175","Mataram","86986"
"603","603","Jl Merdeka No 24","Jakarta","00338"
"604","604","Jl Asia Afrika No 275","Samarinda","18876"
"605","605","Jl Diponegoro No 476","Banjarmasin","50231"
"606","606","Jl Gatot Subroto No 761","Jayapura","75777"
"607","607","Jl Sisingamangaraja No 216","Mataram","86329"
"608","608","Jl Sisingamangaraja No 95","Bogor","09854"
"609","609","Jl Merdeka No 30","Manado","61041"
"610","610","Jl Asia Afrika No 129","Makassar","48030"
"611","611","Jl Thamrin No 374","Padang","77326"
"612","612","Jl Sisingamangaraja No 152","Surabaya","56934"
"613","613","Jl Sisingamangaraja No 226","Yogyakarta","18044"
"614","614","Jl Sudirman No 760","Banjarmasin","63641"
"615","615","Jl Diponegoro No 194","Makassar","25847"
"616","616","Jl Sudirman No 788","Medan","15276"
"617","617","Jl Gatot Subroto No 53","Semarang","32903"
"618","618","Jl Sisingamangaraja No 922","Medan","75499"
"619","619","Jl Gatot Subroto No 639","Malang","81663"
"620","620","Jl Thamrin No 96","Mataram","19562"
"621","621","Jl Merdeka No 688","Medan","59011"
"622","622","Jl Asia Afrika No 988","Pekanbaru","24463"
"623","623","Jl Diponegoro No 591","Ambon","77370"
"624","624","Jl Gatot Subroto No 471","Mataram","76505"
"625","625","Jl Gatot Subroto No 259","Banjarmasin","24878"
"626","626","Jl Merdeka No 114","Padang","67921"
"627","627","Jl Pahlawan No 208","Banjarmasin","34565"
"628","628","Jl Asia Afrika No 43","Jayapura","48698"
"629","629","Jl Merdeka No 374","Ambon","01969"
"630","630","Jl Merdeka No 370","Bandung","52588"
"631","631","Jl Sudirman No 327","Bandung","39852"
"632","632","Jl Juanda No 894","Kupang","65464"
"633","633","Jl Merdeka No 121","Jayapura","72111"
"634","634","Jl Diponegoro No 723","Surabaya","75222"
"635","635","Jl Pahlawan No 861","Palembang","52226"
"636","636","Jl Juanda No 956","Malang","90453"
"637","637","Jl Gatot Subroto No 58","Kupang","25050"
"638","638","Jl Sudirman No 120","Pekanbaru","98202"
"639","639","Jl Juanda No 206","Jayapura","83885"
"640","640","Jl Asia Afrika No 787","Cirebon","09445"
"641","641","Jl Diponegoro No 981","Padang","99740"
"642","642","Jl Diponegoro No 870","Cilacap","59587"
"643","643","Jl Juanda No 970","Samarinda","48087"
"644","644","Jl Juanda No 4","Balikpapan","70934"
"645","645","Jl Thamrin No 504","Manado","59182"
"646","646","Jl Thamrin No 524","Semarang","84422"
"647","647","Jl Gatot Subroto No 820","Medan","18060"
"648","648","Jl Juanda No 661","Tasikmalaya","93915"
"649","649","Jl Asia Afrika No 538","Cilacap","15685"
"650","650","Jl Diponegoro No 472","Denpasar","61399"
"651","651","Jl Thamrin No 432","Padang","95288"
"652","652","Jl Thamrin No 447","Jayapura","03123"
"653","653","Jl Pahlawan No 412","Yogyakarta","92371"
"654","654","Jl Sisingamangaraja No 365","Manado","68493"
"655","655","Jl Asia Afrika No 55","Malang","76346"
"656","656","Jl Pahlawan No 790","Medan","81070"
"657","657","Jl Juanda No 566","Tasikmalaya","14028"
"658","658","Jl Diponegoro No 703","Palembang","20410"
"659","659","Jl Gatot Subroto No 876","Tasikmalaya","60007"
"660","660","Jl Asia Afrika No 601","Medan","26357"
"661","661","Jl Sisingamangaraja No 330","Yogyakarta","53600"
"662","662","Jl Diponegoro No 970","Mataram","42719"
"663","663","Jl Gatot Subroto No 422","Kupang","78317"
"664","664","Jl Diponegoro No 370","Padang","01397"
"665","665","Jl Gatot Subroto No 412","Bandung","19092"
"666","666","Jl Sudirman No 440","Palembang","65137"
"667","667","Jl Juanda No 952","Bogor","77972"
"668","668","Jl Merdeka No 294","Cirebon","00847"
"669","669","Jl Diponegoro No 772","Pontianak","76604"
"670","670","Jl Thamrin No 456","Pekanbaru","36207"
"671","671","Jl Juanda No 593","Malang","71627"
"672","672","Jl Diponegoro No 988","Jayapura","01652"
"673","673","Jl Juanda No 93","Padang","03577"
"674","674","Jl Thamrin No 250","Jayapura","64200"
"675","675","Jl Pahlawan No 69","Kupang","57648"
"676","676","Jl Sudirman No 218","Pontianak","72917"
"677","677","Jl Sisingamangaraja No 917","Surabaya","42360"
"678","678","Jl Sisingamangaraja No 523","Bogor","94389"
"679","679","Jl Asia Afrika No 27","Tasikmalaya","62561"
"680","680","Jl Gatot Subroto No 811","Cirebon","36438"
"681","681","Jl Gatot Subroto No 834","Jakarta","19884"
"682","682","Jl Sisingamangaraja No 336","Pontianak","26778"
"683","683","Jl Merdeka No 984","Manado","05854"
"684","684","Jl Pahlawan No 459","Kupang","60904"
"685","685","Jl Sudirman No 35","Pekanbaru","47650"
"686","686","Jl Diponegoro No 799","Pekanbaru","55230"
"687","687","Jl Juanda No 951","Cilacap","64595"
"688","688","Jl Pahlawan No 464","Semarang","12114"
"689","689","Jl Gatot Subroto No 382","Pontianak","74342"
"690","690","Jl Merdeka No 89","Bandung","86837"
"691","691","Jl Gatot Subroto No 865","Mataram","21795"
"692","692","Jl Asia Afrika No 504","Kupang","31903"
"693","693","Jl Sisingamangaraja No 175","Denpasar","62898"
"694","694","Jl Juanda No 725","Kupang","89664"
"695","695","Jl Asia Afrika No 735","Manado","74184"
"696","696","Jl Sudirman No 123","Banjarmasin","10282"
"697","697","Jl Pahlawan No 961","Malang","12722"
"698","698","Jl Gatot Subroto No 926","Palembang","90248"
"699","699","Jl Diponegoro No 323","Pekanbaru","54226"
"700","700","Jl Asia Afrika No 863","Samarinda","57099"
"701","701","Jl Pahlawan No 529","Tasikmalaya","19480"
"702","702","Jl Merdeka No 422","Samarinda","32167"
"703","703","Jl Merdeka No 245","Semarang","21898"
"704","704","Jl Diponegoro No 975","Kupang","05526"
"705","705","Jl Merdeka No 654","Manado","49677"
"706","706","Jl Sudirman No 69","Denpasar","12152"
"707","707","Jl Asia Afrika No 358","Jayapura","49136"
"708","708","Jl Juanda No 809","Kupang","20705"
"709","709","Jl Diponegoro No 950","Kupang","54305"
"710","710","Jl Juanda No 518","Surabaya","30379"
"711","711","Jl Merdeka No 607","Tasikmalaya","41168"
"712","712","Jl Gatot Subroto No 524","Kupang","64304"
"713","713","Jl Sisingamangaraja No 157","Malang","57833"
"714","714","Jl Merdeka No 463","Pekanbaru","48559"
"715","715","Jl Sisingamangaraja No 166","Makassar","07971"
"716","716","Jl Juanda No 503","Malang","98566"
"717","717","Jl Pahlawan No 864","Cilacap","65535"
"718","718","Jl Sudirman No 870","Jayapura","17803"
"719","719","Jl Sisingamangaraja No 765","Pontianak","47176"
"720","720","Jl Sisingamangaraja No 328","Jayapura","12340"
"721","721","Jl Juanda No 83","Banjarmasin","85213"
"722","722","Jl Gatot Subroto No 793","Jayapura","24124"
"723","723","Jl Diponegoro No 860","Denpasar","74172"
"724","724","Jl Diponegoro No 577","Palembang","88900"
"725","725","Jl Merdeka No 329","Surabaya","25712"
"726","726","Jl Juanda No 802","Padang","41105"
"727","727","Jl Juanda No 767","Ambon","40933"
"728","728","Jl Merdeka No 688","Cilacap","18577"
"729","729","Jl Sudirman No 939","Cilacap","63941"
"730","730","Jl Asia Afrika No 423","Pontianak","71899"
"731","731","Jl Thamrin No 566","Cirebon","60144"
"732","732","Jl Asia Afrika No 929","Cirebon","65604"
"733","733","Jl Diponegoro No 208","Medan","71834"
"734","734","Jl Thamrin No 31","Bogor","70742"
"735","735","Jl Sudirman No 715","Padang","56316"
"736","736","Jl Pahlawan No 229","Kupang","04043"
"737","737","Jl Sisingamangaraja No 767","Balikpapan","17567"
"738","738","Jl Sisingamangaraja No 181","Makassar","92888"
"739","739","Jl Diponegoro No 513","Palembang","67010"
"740","740","Jl Pahlawan No 870","Bogor","92200"
"741","741","Jl Pahlawan No 934","Makassar","23688"
"742","742","Jl Sisingamangaraja No 378","Semarang","87954"
"743","743","Jl Thamrin No 627","Padang","00840"
"744","744","Jl Thamrin No 256","Palembang","48624"
"745","745","Jl Gatot Subroto No 601","Samarinda","92728"
"746","746","Jl Thamrin No 961","Ambon","29614"
"747","747","Jl Thamrin No 459","Denpasar","31984"
"748","748","Jl Sudirman No 538","Manado","87654"
"749","749","Jl Gatot Subroto No 587","Pontianak","60062"
"750","750","Jl Juanda No 451","Balikpapan","32077"
"751","751","Jl Diponegoro No 950","Mataram","17222"
"752","752","Jl Merdeka No 183","Jakarta","86081"
"753","753","Jl Asia Afrika No 808","Manado","76880"
"754","754","Jl Asia Afrika No 898","Manado","39606"
"755","755","Jl Juanda No 14","Surabaya","14812"
"756","756","Jl Sisingamangaraja No 402","Padang","15797"
"757","757","Jl Pahlawan No 740","Mataram","12170"
"758","758","Jl Asia Afrika No 608","Balikpapan","86470"
"759","759","Jl Asia Afrika No 847","Cilacap","78281"
"760","760","Jl Merdeka No 723","Yogyakarta","23136"
"761","761","Jl Thamrin No 467","Bandung","10021"
"762","762","Jl Sisingamangaraja No 871","Makassar","71132"
"763","763","Jl Merdeka No 10","Semarang","62445"
"764","764","Jl Thamrin No 415","Jakarta","20009"
"765","765","Jl Pahlawan No 973","Denpasar","15065"
"766","766","Jl Sisingamangaraja No 701","Pekanbaru","26231"
"767","767","Jl Sudirman No 520","Bogor","02925"
"768","768","Jl Sudirman No 410","Palembang","94730"
"769","769","Jl Thamrin No 424","Ambon","43983"
"770","770","Jl Diponegoro No 453","Medan","54213"
"771","771","Jl Asia Afrika No 150","Surabaya","34513"
"772","772","Jl Diponegoro No 138","Pontianak","25895"
"773","773","Jl Thamrin No 293","Cirebon","73648"
"774","774","Jl Pahlawan No 113","Bandung","22499"
"775","775","Jl Merdeka No 433","Denpasar","83896"
"776","776","Jl Thamrin No 509","Yogyakarta","39455"
"777","777","Jl Sisingamangaraja No 803","Jakarta","50438"
"778","778","Jl Merdeka No 602","Yogyakarta","94087"
"779","779","Jl Gatot Subroto No 516","Pontianak","10071"
"780","780","Jl Asia Afrika No 783","Banjarmasin","80302"
"781","781","Jl Sisingamangaraja No 722","Cilacap","21724"
"782","782","Jl Merdeka No 788","Makassar","75461"
"783","783","Jl Asia Afrika No 895","Palembang","05286"
"784","784","Jl Asia Afrika No 765","Tasikmalaya","92538"
"785","785","Jl Gatot Subroto No 178","Palembang","16390"
"786","786","Jl Merdeka No 711","Kupang","53289"
"787","787","Jl Juanda No 103","Manado","15866"
"788","788","Jl Sudirman No 861","Tasikmalaya","48685"
"789","789","Jl Merdeka No 705","Cilacap","03189"
"790","790","Jl Juanda No 227","Ambon","34524"
"791","791","Jl Merdeka No 713","Jayapura","66061"
"792","792","Jl Thamrin No 560","Pontianak","63352"
"793","793","Jl Merdeka No 703","Cilacap","38090"
"794","794","Jl Pahlawan No 877","Samarinda","66340"
"795","795","Jl Diponegoro No 556","Malang","29209"
"796","796","Jl Merdeka No 952","Palembang","56085"
"797","797","Jl Sisingamangaraja No 470","Jayapura","05131"
"798","798","Jl Sudirman No 760","Tasikmalaya","77212"
"799","799","Jl Gatot Subroto No 372","Cirebon","03997"
"800","800","Jl Juanda No 169","Bogor","33391"
"801","801","Jl Juanda No 73","Samarinda","65379"
"802","802","Jl Gatot Subroto No 874","Mataram","90275"
"803","803","Jl Sisingamangaraja No 724","Mataram","62722"
"804","804","Jl Gatot Subroto No 857","Pontianak","46307"
"805","805","Jl Asia Afrika No 404","Tasikmalaya","42744"
"806","806","Jl Asia Afrika No 869","Malang","50534"
"807","807","Jl Sudirman No 463","Kupang","21257"
"808","808","Jl Asia Afrika No 571","Palembang","42225"
"809","809","Jl Merdeka No 50","Bandung","63826"
"810","810","Jl Merdeka No 691","Pontianak","11215"
"811","811","Jl Asia Afrika No 787","Jayapura","02227"
"812","812","Jl Sisingamangaraja No 369","Samarinda","19102"
"813","813","Jl Merdeka No 368","Cilacap","30947"
"814","814","Jl Pahlawan No 957","Cilacap","67126"
"815","815","Jl Juanda No 183","Manado","97811"
"816","816","Jl Asia Afrika No 499","Bogor","57120"
"817","817","Jl Juanda No 231","Kupang","38310"
"818","818","Jl Asia Afrika No 373","Balikpapan","80225"
"819","819","Jl Juanda No 983","Manado","33996"
"820","820","Jl Diponegoro No 506","Padang","29664"
"821","821","Jl Sudirman No 86","Tasikmalaya","32833"
"822","822","Jl Sudirman No 173","Palembang","59604"
"823","823","Jl Pahlawan No 562","Manado","00743"
"824","824","Jl Sudirman No 953","Cirebon","58147"
"825","825","Jl Merdeka No 185","Makassar","98656"
"826","826","Jl Merdeka No 406","Mataram","64929"
"827","827","Jl Pahlawan No 768","Tasikmalaya","43611"
"828","828","Jl Gatot Subroto No 812","Bandung","83628"
"829","829","Jl Pahlawan No 339","Pontianak","31980"
"830","830","Jl Merdeka No 118","Jakarta","94285"
"831","831","Jl Sisingamangaraja No 60","Banjarmasin","57273"
"832","832","Jl Gatot Subroto No 794","Padang","65257"
"833","833","Jl Pahlawan No 343","Padang","20225"
"834","834","Jl Thamrin No 389","Bandung","95898"
"835","835","Jl Pahlawan No 216","Semarang","17503"
"836","836","Jl Juanda No 968","Bandung","92484"
"837","837","Jl Thamrin No 113","Bogor","94001"
"838","838","Jl Merdeka No 734","Pontianak","51253"
"839","839","Jl Thamrin No 753","Bogor","27863"
"840","840","Jl Thamrin No 733","Bogor","19400"
"841","841","Jl Thamrin No 150","Bandung","43758"
"842","842","Jl Thamrin No 960","Semarang","11453"
"843","843","Jl Thamrin No 483","Pontianak","45078"
"844","844","Jl Diponegoro No 648","Jayapura","38814"
"845","845","Jl Diponegoro No 467","Denpasar","12014"
"846","846","Jl Pahlawan No 369","Surabaya","81926"
"847","847","Jl Pahlawan No 433","Medan","68388"
"848","848","Jl Juanda No 483","Pekanbaru","85987"
"849","849","Jl Merdeka No 502","Malang","04648"
"850","850","Jl Diponegoro No 178","Tasikmalaya","80958"
"851","851","Jl Sudirman No 762","Bogor","55223"
"852","852","Jl Sudirman No 592","Yogyakarta","89988"
"853","853","Jl Diponegoro No 183","Pontianak","74333"
"854","854","Jl Merdeka No 399","Pontianak","29913"
"855","855","Jl Sudirman No 62","Mataram","59189"
"856","856","Jl Sisingamangaraja No 786","Samarinda","27723"
"857","857","Jl Pahlawan No 266","Jayapura","25962"
"858","858","Jl Gatot Subroto No 54","Jayapura","71359"
"859","859","Jl Pahlawan No 65","Jakarta","17061"
"860","860","Jl Sudirman No 151","Cilacap","32851"
"861","861","Jl Sisingamangaraja No 434","Padang","72996"
"862","862","Jl Merdeka No 568","Ambon","87175"
"863","863","Jl Diponegoro No 882","Malang","04398"
"864","864","Jl Juanda No 452","Medan","13841"
"865","865","Jl Sudirman No 457","Yogyakarta","57876"
"866","866","Jl Asia Afrika No 533","Cilacap","86190"
"867","867","Jl Thamrin No 688","Surabaya","50433"
"868","868","Jl Thamrin No 970","Ambon","48257"
"869","869","Jl Sisingamangaraja No 577","Denpasar","40013"
"870","870","Jl Juanda No 598","Bogor","68140"
"871","871","Jl Sisingamangaraja No 871","Balikpapan","16233"
"872","872","Jl Sisingamangaraja No 707","Surabaya","44231"
"873","873","Jl Juanda No 38","Yogyakarta","58795"
"874","874","Jl Pahlawan No 140","Bandung","47428"
"875","875","Jl Sudirman No 662","Tasikmalaya","26375"
"876","876","Jl Sudirman No 161","Tasikmalaya","82397"
"877","877","Jl Gatot Subroto No 451","Pontianak","51874"
"878","878","Jl Merdeka No 585","Denpasar","40451"
"879","879","Jl Sudirman No 388","Jakarta","11323"
"880","880","Jl Juanda No 979","Palembang","83463"
"881","881","Jl Juanda No 384","Cirebon","06308"
"882","882","Jl Juanda No 816","Cilacap","60123"
"883","883","Jl Juanda No 693","Surabaya","11825"
"884","884","Jl Asia Afrika No 563","Tasikmalaya","27021"
"885","885","Jl Gatot Subroto No 906","Padang","89833"
"886","886","Jl Diponegoro No 205","Tasikmalaya","35603"
"887","887","Jl Gatot Subroto No 330","Pekanbaru","68905"
"888","888","Jl Sisingamangaraja No 584","Samarinda","38907"
"889","889","Jl Diponegoro No 663","Tasikmalaya","79277"
"890","890","Jl Sudirman No 903","Balikpapan","26032"
"891","891","Jl Sisingamangaraja No 108","Jakarta","50971"
"892","892","Jl Merdeka No 832","Yogyakarta","67683"
"893","893","Jl Pahlawan No 733","Denpasar","93719"
"894","894","Jl Juanda No 88","Bogor","44613"
"895","895","Jl Diponegoro No 778","Jayapura","20233"
"896","896","Jl Sisingamangaraja No 249","Denpasar","22275"
"897","897","Jl Gatot Subroto No 854","Medan","48891"
"898","898","Jl Pahlawan No 59","Makassar","25684"
"899","899","Jl Diponegoro No 353","Bogor","57193"
"900","900","Jl Merdeka No 869","Makassar","25523"
"901","901","Jl Juanda No 82","Padang","47228"
"902","902","Jl Thamrin No 673","Makassar","15455"
"903","903","Jl Merdeka No 9","Denpasar","23833"
"904","904","Jl Pahlawan No 653","Palembang","80415"
"905","905","Jl Sisingamangaraja No 300","Kupang","63815"
"906","906","Jl Pahlawan No 223","Samarinda","41318"
"907","907","Jl Merdeka No 343","Surabaya","60301"
"908","908","Jl Asia Afrika No 884","Semarang","66981"
"909","909","Jl Thamrin No 753","Semarang","76910"
"910","910","Jl Pahlawan No 558","Medan","80833"
"911","911","Jl Merdeka No 894","Semarang","74897"
"912","912","Jl Diponegoro No 771","Bogor","22847"
"913","913","Jl Diponegoro No 929","Jayapura","69332"
"914","914","Jl Sisingamangaraja No 186","Tasikmalaya","62164"
"915","915","Jl Asia Afrika No 660","Bogor","87927"
"916","916","Jl Asia Afrika No 738","Cilacap","32187"
"917","917","Jl Juanda No 819","Kupang","00488"
"918","918","Jl Pahlawan No 917","Mataram","87375"
"919","919","Jl Gatot Subroto No 494","Bandung","11514"
"920","920","Jl Merdeka No 987","Denpasar","94678"
"921","921","Jl Asia Afrika No 393","Mataram","17943"
"922","922","Jl Thamrin No 749","Pekanbaru","92668"
"923","923","Jl Diponegoro No 851","Ambon","09325"
"924","924","Jl Sisingamangaraja No 422","Cilacap","26953"
"925","925","Jl Thamrin No 75","Cilacap","82559"
"926","926","Jl Gatot Subroto No 749","Bogor","83148"
"927","927","Jl Asia Afrika No 947","Makassar","39368"
"928","928","Jl Gatot Subroto No 377","Semarang","40559"
"929","929","Jl Juanda No 555","Samarinda","90767"
"930","930","Jl Sudirman No 796","Medan","45859"
"931","931","Jl Diponegoro No 707","Medan","94432"
"932","932","Jl Juanda No 310","Pekanbaru","24921"
"933","933","Jl Merdeka No 487","Pekanbaru","86386"
"934","934","Jl Juanda No 554","Pekanbaru","13954"
"935","935","Jl Diponegoro No 344","Cirebon","42418"
"936","936","Jl Sisingamangaraja No 861","Pekanbaru","94282"
"937","937","Jl Thamrin No 6","Palembang","98398"
"938","938","Jl Merdeka No 734","Semarang","87274"
"939","939","Jl Thamrin No 181","Bandung","36289"
"940","940","Jl Gatot Subroto No 849","Bandung","21835"
"941","941","Jl Sisingamangaraja No 607","Jayapura","50091"
"942","942","Jl Sisingamangaraja No 891","Balikpapan","85609"
"943","943","Jl Diponegoro No 60","Cilacap","70009"
"944","944","Jl Sisingamangaraja No 660","Pontianak","24586"
"945","945","Jl Sisingamangaraja No 312","Pekanbaru","23144"
"946","946","Jl Sisingamangaraja No 526","Yogyakarta","86344"
"947","947","Jl Sudirman No 884","Palembang","20691"
"948","948","Jl Merdeka No 645","Mataram","87609"
"949","949","Jl Diponegoro No 616","Bandung","82525"
"950","950","Jl Asia Afrika No 139","Balikpapan","81927"
"951","951","Jl Merdeka No 813","Surabaya","84582"
"952","952","Jl Asia Afrika No 73","Bandung","35134"
"953","953","Jl Pahlawan No 204","Manado","14348"
"954","954","Jl Pahlawan No 928","Yogyakarta","04981"
"955","955","Jl Asia Afrika No 423","Surabaya","40339"
"956","956","Jl Gatot Subroto No 600","Semarang","73270"
"957","957","Jl Gatot Subroto No 723","Kupang","44139"
"958","958","Jl Pahlawan No 668","Yogyakarta","76100"
"959","959","Jl Thamrin No 131","Samarinda","21075"
"960","960","Jl Pahlawan No 847","Ambon","99095"
"961","961","Jl Thamrin No 344","Palembang","31807"
"962","962","Jl Juanda No 480","Bogor","77725"
"963","963","Jl Sisingamangaraja No 82","Semarang","18422"
"964","964","Jl Gatot Subroto No 160","Jakarta","74421"
"965","965","Jl Pahlawan No 63","Bandung","79926"
"966","966","Jl Sudirman No 236","Cirebon","11258"
"967","967","Jl Pahlawan No 164","Medan","73645"
"968","968","Jl Asia Afrika No 147","Jakarta","24521"
"969","969","Jl Diponegoro No 878","Tasikmalaya","49937"
"970","970","Jl Merdeka No 120","Tasikmalaya","35959"
"971","971","Jl Sisingamangaraja No 378","Makassar","11245"
"972","972","Jl Juanda No 429","Banjarmasin","45870"
"973","973","Jl Sudirman No 867","Cirebon","89880"
"974","974","Jl Merdeka No 761","Padang","40771"
"975","975","Jl Gatot Subroto No 812","Yogyakarta","26890"
"976","976","Jl Sisingamangaraja No 342","Manado","81967"
"977","977","Jl Sudirman No 186","Medan","16101"
"978","978","Jl Juanda No 16","Manado","14091"
"979","979","Jl Gatot Subroto No 567","Kupang","10731"
"980","980","Jl Sisingamangaraja No 478","Semarang","41205"
"981","981","Jl Merdeka No 390","Cilacap","56675"
"982","982","Jl Sudirman No 676","Palembang","17495"
"983","983","Jl Merdeka No 139","Mataram","32978"
"984","984","Jl Pahlawan No 441","Medan","11182"
"985","985","Jl Asia Afrika No 65","Ambon","32729"
"986","986","Jl Diponegoro No 903","Jakarta","30164"
"987","987","Jl Pahlawan No 471","Cilacap","54267"
"988","988","Jl Diponegoro No 424","Medan","93622"
"989","989","Jl Juanda No 933","Malang","98437"
"990","990","Jl Merdeka No 242","Mataram","40642"
"991","991","Jl Sisingamangaraja No 405","Balikpapan","26645"
"992","992","Jl Thamrin No 683","Makassar","22806"
"993","993","Jl Sudirman No 905","Pontianak","02616"
"994","994","Jl Diponegoro No 855","Cirebon","55706"
"995","995","Jl Thamrin No 438","Balikpapan","06165"
"996","996","Jl Sudirman No 261","Ambon","58380"
"997","997","Jl Sudirman No 727","Balikpapan","41898"
"998","998","Jl Sudirman No 341","Samarinda","02571"
"999","999","Jl Gatot Subroto No 206","Banjarmasin","62951"
"1000","1000","Jl Merdeka No 344","Cirebon","85735"