"id","user_id","order_date","total_price","coupon_id","status","payment_method","payment_status"
"1","746","2025-06-28 22:00:06","2845864","72","awaiting_shipment","bank_mandiri","partial"
"2","627","2025-03-12 00:39:55","3491402","735","pending","debit_card","overpaid"
"3","367","2025-05-09 09:50:31","2283154","287","shipped","transfer","overpaid"
"4","722","2025-07-21 10:41:48","9148198","420","processing","cash","failed"
"5","821","2025-07-20 22:33:05","8213184","743","delivered","bank_bca","pending"
"6","159","2025-07-23 04:33:05","2373940","13","cancelled","bank_bni","refunded"
"7","422","2025-05-27 00:34:02","7408565","551","on_hold","cash","chargeback"
"8","463","2025-06-25 13:11:56","6919480","29","cancelled","ovo","refunded"
"9","971","2025-03-02 22:07:14","5155887","757","shipped","credit_card","overpaid"
"10","873","2025-02-11 12:48:04","8465714","795","returned","credit_card","failed"
"11","839","2025-02-23 09:08:30","6238410","172","refunded","bank_mandiri","chargeback"
"12","150","2025-06-15 05:04:17","3080942","891","awaiting_payment","gopay","refunded"
"13","411","2025-03-19 16:45:52","224591","347","on_hold","bank_bni","refunded"
"14","118","2025-06-18 17:32:29","3897169","980","refunded","bank_bca","partial"
"15","208","2025-07-26 06:45:05","5369767","969","on_hold","dana","chargeback"
"16","304","2025-04-18 12:56:51","7831961","455","shipped","dana","failed"
"17","417","2025-04-27 01:48:35","6388326","231","refunded","e-wallet","pending"
"18","297","2025-03-02 01:09:07","5930391","104","on_hold","ovo","paid"
"19","240","2025-03-11 20:27:04","2145298","157","shipped","gopay","chargeback"
"20","654","2025-02-27 19:51:28","648381","681","refunded","gopay","paid"
"21","246","2025-06-18 11:31:00","2356291","407","awaiting_payment","gopay","refunded"
"22","361","2025-07-13 20:18:53","6060230","269","shipped","bank_mandiri","paid"
"23","97","2025-02-13 01:57:39","9631247","51","on_hold","bank_bni","overpaid"
"24","160","2025-03-22 11:10:51","5815421","890","processing","transfer","pending"
"25","221","2025-03-30 21:51:03","3902268","504","refunded","bank_bca","overpaid"
"26","227","2025-07-15 17:15:20","8344733","271","refunded","transfer","failed"
"27","753","2025-07-15 19:28:30","6354300","959","returned","bank_bca","chargeback"
"28","733","2025-04-21 18:02:20","5449322","282","returned","dana","failed"
"29","350","2025-07-25 00:45:18","9233585","381","on_hold","cash","pending"
"30","989","2025-03-04 19:13:36","7531849","468","returned","dana","refunded"
"31","149","2025-07-21 09:24:02","7346935","131","refunded","debit_card","paid"
"32","881","2025-05-07 03:45:10","4459444","769","cancelled","bank_mandiri","failed"
"33","762","2025-05-18 23:26:48","1944385","322","returned","debit_card","failed"
"34","422","2025-07-09 07:25:24","3375782","640","processing","gopay","refunded"
"35","52","2025-07-10 00:47:24","231322","848","processing","dana","pending"
"36","426","2025-03-26 12:07:35","9672005","909","on_hold","ovo","failed"
"37","784","2025-03-17 01:13:43","8383984","293","cancelled","debit_card","chargeback"
"38","932","2025-06-14 13:16:39","5300967","648","awaiting_payment","credit_card","chargeback"
"39","360","2025-06-16 23:47:24","1362899","693","pending","bank_mandiri","pending"
"40","299","2025-07-19 19:37:43","4399736","714","shipped","gopay","refunded"
"41","548","2025-03-24 12:58:18","1478033","367","refunded","paypal","failed"
"42","700","2025-03-25 18:55:01","4066281","390","delivered","paypal","failed"
"43","294","2025-07-22 06:17:19","2872186","31","processing","cash","pending"
"44","865","2025-05-10 01:43:02","5506208","48","returned","bank_bca","partial"
"45","410","2025-05-19 19:35:00","2638366","281","shipped","transfer","partial"
"46","705","2025-03-31 20:48:39","2228194","596","awaiting_payment","cash","overpaid"
"47","156","2025-04-30 19:21:37","1897323","973","delivered","ovo","failed"
"48","322","2025-05-03 10:21:21","4655592","621","cancelled","cash","refunded"
"49","433","2025-03-14 21:26:22","9760735","208","delivered","cash","failed"
"50","662","2025-02-21 02:13:33","9752741","582","processing","bank_mandiri","pending"
"51","902","2025-05-27 14:22:04","8838915","137","on_hold","bank_bni","chargeback"
"52","315","2025-03-03 20:56:07","166493","220","awaiting_payment","transfer","overpaid"
"53","639","2025-05-17 14:32:20","4091870","219","refunded","cash","paid"
"54","497","2025-03-01 19:42:51","1730953","508","on_hold","bank_mandiri","partial"
"55","734","2025-03-08 19:08:32","1007336","33","on_hold","gopay","overpaid"
"56","164","2025-02-23 10:29:16","6336346","385","on_hold","bank_bni","failed"
"57","275","2025-02-19 23:26:49","7033973","558","pending","credit_card","partial"
"58","214","2025-04-23 23:01:05","5693132","716","pending","bank_mandiri","paid"
"59","986","2025-06-24 20:35:04","8816017","899","returned","debit_card","paid"
"60","716","2025-08-01 03:45:21","7114458","28","on_hold","bank_bni","refunded"
"61","199","2025-02-15 09:19:39","6167580","932","returned","debit_card","failed"
"62","338","2025-05-27 17:19:56","8522115","638","awaiting_payment","bank_bni","paid"
"63","409","2025-06-29 05:27:26","5452960","112","processing","debit_card","chargeback"
"64","676","2025-07-20 15:49:37","5136613","30","awaiting_payment","bank_mandiri","pending"
"65","505","2025-05-16 17:48:25","6322927","452","returned","debit_card","paid"
"66","377","2025-07-22 18:28:39","9252796","71","awaiting_payment","credit_card","overpaid"
"67","220","2025-03-13 23:51:40","3253232","555","refunded","transfer","failed"
"68","103","2025-02-20 04:45:59","2086812","669","pending","dana","pending"
"69","350","2025-06-09 14:09:36","1712445","647","pending","bank_mandiri","refunded"
"70","122","2025-05-17 21:30:48","4334876","684","delivered","bank_mandiri","partial"
"71","726","2025-04-23 23:26:32","6887351","451","awaiting_payment","bank_bni","paid"
"72","689","2025-06-17 12:42:49","6192917","768","awaiting_payment","transfer","partial"
"73","107","2025-07-21 00:06:17","8581737","748","cancelled","bank_bca","partial"
"74","243","2025-05-01 23:08:34","1178044","649","processing","transfer","pending"
"75","718","2025-02-25 03:38:01","4651865","722","awaiting_shipment","ovo","pending"
"76","137","2025-05-29 14:27:01","7535181","360","processing","ovo","paid"
"77","644","2025-05-24 10:25:48","4589102","799","cancelled","paypal","paid"
"78","645","2025-04-28 04:22:30","4151134","460","awaiting_payment","bank_bca","refunded"
"79","450","2025-08-09 15:25:18","8808420","612","refunded","ovo","partial"
"80","803","2025-03-31 23:01:03","4336746","490","awaiting_shipment","bank_bca","refunded"
"81","380","2025-04-11 16:17:43","7170008","267","awaiting_shipment","paypal","partial"
"82","269","2025-08-01 18:55:34","9195617","121","cancelled","bank_bca","chargeback"
"83","380","2025-08-09 05:00:19","7556939","842","on_hold","e-wallet","refunded"
"84","749","2025-05-17 12:17:52","5683681","472","pending","bank_bni","partial"
"85","779","2025-05-20 12:21:51","4342352","899","cancelled","transfer","partial"
"86","959","2025-05-03 05:35:24","7597605","223","awaiting_payment","dana","chargeback"
"87","387","2025-05-01 11:26:35","4472805","560","processing","debit_card","overpaid"
"88","696","2025-03-21 15:19:28","9142688","622","cancelled","gopay","paid"
"89","582","2025-03-22 05:04:55","8894926","142","awaiting_payment","dana","refunded"
"90","562","2025-08-06 08:27:31","6096260","245","awaiting_shipment","e-wallet","paid"
"91","560","2025-07-04 14:28:33","2681729","245","returned","credit_card","pending"
"92","538","2025-02-18 17:23:28","9658328","642","on_hold","cash","chargeback"
"93","626","2025-04-10 04:23:08","9640172","542","shipped","bank_mandiri","partial"
"94","902","2025-05-21 21:29:42","7722513","858","refunded","bank_bca","refunded"
"95","441","2025-08-01 18:57:07","9235838","451","delivered","cash","chargeback"
"96","89","2025-05-15 03:18:50","8078397","524","awaiting_payment","cash","pending"
"97","8","2025-05-02 05:44:55","3553861","47","returned","e-wallet","chargeback"
"98","678","2025-04-03 13:47:38","1410272","420","returned","transfer","failed"
"99","490","2025-02-14 18:37:59","5781431","284","processing","bank_bca","overpaid"
"100","401","2025-03-13 20:12:07","3300547","397","cancelled","debit_card","overpaid"
"101","860","2025-06-25 11:55:35","157806","982","returned","bank_bca","failed"
"102","636","2025-07-20 11:05:07","6882902","698","returned","bank_mandiri","refunded"
"103","335","2025-02-13 08:06:00","7417605","938","processing","debit_card","overpaid"
"104","702","2025-08-08 00:25:42","2437930","234","returned","dana","chargeback"
"105","576","2025-05-08 12:40:33","1472635","12","processing","cash","paid"
"106","707","2025-03-07 16:42:20","2475600","138","pending","dana","chargeback"
"107","525","2025-07-24 13:54:02","6179759","754","shipped","credit_card","partial"
"108","298","2025-03-16 09:30:10","3806920","83","awaiting_shipment","transfer","failed"
"109","615","2025-04-15 14:07:27","3086070","966","processing","cash","partial"
"110","646","2025-03-15 08:05:02","9285986","788","cancelled","bank_mandiri","refunded"
"111","786","2025-03-29 02:36:32","817642","673","awaiting_payment","transfer","paid"
"112","688","2025-05-23 21:25:45","2271996","482","processing","dana","pending"
"113","27","2025-05-08 09:30:15","8221861","425","cancelled","dana","overpaid"
"114","924","2025-04-29 15:57:17","4678993","280","returned","paypal","overpaid"
"115","296","2025-07-17 07:48:59","6294041","643","pending","bank_bni","failed"
"116","193","2025-07-02 14:31:53","1223759","219","delivered","bank_mandiri","refunded"
"117","583","2025-07-31 08:49:06","4553770","679","shipped","dana","paid"
"118","706","2025-03-19 23:26:36","1137672","735","awaiting_shipment","gopay","partial"
"119","10","2025-03-09 20:18:09","286989","392","processing","gopay","chargeback"
"120","753","2025-02-28 23:31:13","2885367","29","delivered","paypal","refunded"
"121","901","2025-04-27 08:37:33","5954903","971","on_hold","credit_card","refunded"
"122","768","2025-07-14 14:48:20","9694339","467","delivered","gopay","overpaid"
"123","642","2025-07-24 03:34:33","6193928","984","refunded","bank_mandiri","refunded"
"124","272","2025-06-01 18:52:37","9546901","445","processing","e-wallet","partial"
"125","576","2025-07-13 09:07:23","4458890","723","shipped","transfer","partial"
"126","541","2025-08-02 22:59:11","3332951","430","shipped","gopay","chargeback"
"127","612","2025-08-06 03:00:31","4019262","580","cancelled","credit_card","refunded"
"128","600","2025-04-28 03:07:46","1671273","691","shipped","bank_bca","overpaid"
"129","354","2025-04-12 03:22:33","2745054","552","returned","gopay","failed"
"130","975","2025-04-15 21:57:13","9316283","601","cancelled","debit_card","paid"
"131","38","2025-06-05 23:14:03","5349490","434","awaiting_shipment","bank_bni","paid"
"132","60","2025-05-25 10:14:49","2805071","170","on_hold","credit_card","partial"
"133","774","2025-06-11 17:28:07","5154957","523","on_hold","paypal","failed"
"134","733","2025-05-08 05:30:04","9098612","283","returned","dana","refunded"
"135","635","2025-07-20 01:09:04","8098605","848","returned","e-wallet","pending"
"136","914","2025-03-10 03:15:33","7691108","886","processing","gopay","paid"
"137","837","2025-04-24 07:08:55","1115388","532","cancelled","dana","partial"
"138","998","2025-08-09 15:11:38","287766","353","on_hold","bank_mandiri","chargeback"
"139","209","2025-04-09 08:21:44","1905557","482","on_hold","debit_card","paid"
"140","783","2025-03-29 11:50:29","2189587","543","awaiting_payment","cash","refunded"
"141","73","2025-05-30 16:12:42","4138104","750","delivered","dana","paid"
"142","248","2025-05-17 21:29:11","1206664","180","cancelled","dana","pending"
"143","864","2025-04-04 23:15:25","1515562","697","on_hold","dana","chargeback"
"144","611","2025-06-28 15:45:16","3508311","73","awaiting_shipment","debit_card","paid"
"145","494","2025-04-14 11:01:08","7427332","155","pending","dana","failed"
"146","800","2025-04-12 13:46:39","6852071","315","awaiting_payment","transfer","partial"
"147","272","2025-06-19 03:07:52","9930059","133","shipped","paypal","partial"
"148","551","2025-07-01 20:40:37","2110791","39","processing","ovo","chargeback"
"149","625","2025-08-04 22:05:52","6723732","941","refunded","transfer","pending"
"150","408","2025-03-13 14:41:16","2487768","539","processing","dana","refunded"
"151","501","2025-08-06 00:13:05","8155787","50","refunded","bank_mandiri","failed"
"152","820","2025-06-25 09:15:55","2669398","354","awaiting_payment","transfer","overpaid"
"153","936","2025-06-03 11:45:21","471557","175","awaiting_payment","ovo","partial"
"154","403","2025-03-20 02:13:46","9429660","904","returned","debit_card","partial"
"155","535","2025-04-25 16:59:56","4318335","1000","processing","bank_bni","paid"
"156","881","2025-04-11 04:02:37","1526608","492","refunded","dana","partial"
"157","726","2025-04-20 13:19:43","6301506","880","shipped","ovo","partial"
"158","651","2025-06-25 20:27:29","5993169","188","awaiting_shipment","bank_bni","overpaid"
"159","490","2025-07-19 18:07:10","5043625","160","on_hold","bank_bni","refunded"
"160","574","2025-05-02 19:06:50","4115732","231","delivered","debit_card","chargeback"
"161","369","2025-04-17 18:32:09","6631208","778","awaiting_shipment","dana","refunded"
"162","251","2025-04-13 23:25:46","1537395","231","cancelled","transfer","pending"
"163","654","2025-07-23 16:12:03","3410407","767","shipped","e-wallet","overpaid"
"164","387","2025-05-07 23:58:19","9374272","286","delivered","debit_card","pending"
"165","575","2025-07-19 13:42:54","7798846","751","on_hold","paypal","paid"
"166","237","2025-05-17 00:59:44","3534342","717","awaiting_payment","debit_card","partial"
"167","794","2025-05-09 02:19:26","2149441","573","shipped","credit_card","pending"
"168","818","2025-03-12 18:16:44","8431657","931","refunded","credit_card","refunded"
"169","663","2025-03-28 12:31:32","8217041","961","returned","transfer","pending"
"170","571","2025-04-06 21:04:13","7752491","229","pending","bank_mandiri","chargeback"
"171","788","2025-06-16 02:59:58","7624034","990","awaiting_shipment","bank_bca","chargeback"
"172","811","2025-05-29 02:43:32","7544739","572","pending","dana","overpaid"
"173","164","2025-06-05 03:41:56","8020347","231","pending","dana","partial"
"174","889","2025-06-13 15:34:33","4351082","340","awaiting_payment","e-wallet","failed"
"175","190","2025-02-26 22:10:49","6274928","320","returned","credit_card","overpaid"
"176","754","2025-07-01 06:18:06","6801808","419","on_hold","bank_bni","overpaid"
"177","13","2025-08-01 06:52:57","3825044","123","cancelled","debit_card","partial"
"178","450","2025-08-06 08:14:26","2599332","850","refunded","credit_card","paid"
"179","588","2025-05-24 02:32:51","6329265","230","processing","debit_card","chargeback"
"180","475","2025-08-08 05:02:53","8470144","224","processing","e-wallet","refunded"
"181","852","2025-04-14 00:40:39","2275396","288","awaiting_payment","ovo","refunded"
"182","467","2025-05-01 16:54:35","4946114","852","cancelled","gopay","partial"
"183","904","2025-02-26 16:32:10","7772326","991","refunded","cash","refunded"
"184","196","2025-07-26 18:12:44","6920673","403","on_hold","dana","overpaid"
"185","563","2025-08-05 03:42:56","9123959","807","returned","bank_bni","chargeback"
"186","680","2025-05-11 01:26:07","8436059","830","on_hold","cash","refunded"
"187","479","2025-05-16 22:26:14","5504723","485","returned","bank_bni","failed"
"188","734","2025-05-03 07:41:59","194848","514","awaiting_shipment","debit_card","chargeback"
"189","429","2025-04-04 17:39:16","159521","264","delivered","e-wallet","overpaid"
"190","261","2025-04-17 16:56:14","2648238","370","cancelled","bank_mandiri","chargeback"
"191","308","2025-05-28 17:16:56","7131137","553","pending","cash","failed"
"192","862","2025-07-16 03:43:37","2191892","868","returned","transfer","paid"
"193","827","2025-05-14 06:47:39","3277351","849","shipped","ovo","failed"
"194","448","2025-04-23 17:04:15","2663438","459","returned","bank_mandiri","paid"
"195","119","2025-04-03 18:42:39","7222788","380","refunded","bank_bni","paid"
"196","812","2025-06-14 20:51:01","918917","99","refunded","dana","overpaid"
"197","244","2025-03-30 04:44:08","5680090","402","cancelled","debit_card","pending"
"198","300","2025-08-07 06:59:42","6896878","763","awaiting_shipment","debit_card","chargeback"
"199","993","2025-08-03 11:29:05","4640713","904","awaiting_payment","e-wallet","chargeback"
"200","248","2025-07-09 23:49:06","8655118","175","awaiting_shipment","paypal","pending"
"201","269","2025-07-09 08:18:48","3279015","452","refunded","dana","pending"
"202","695","2025-03-24 14:01:47","4035599","115","awaiting_shipment","cash","chargeback"
"203","450","2025-04-11 09:27:48","6209496","762","shipped","paypal","failed"
"204","577","2025-06-20 01:45:10","8311633","329","cancelled","dana","chargeback"
"205","91","2025-04-17 23:36:12","8043517","417","delivered","ovo","chargeback"
"206","861","2025-03-13 20:26:05","1129547","139","pending","paypal","partial"
"207","323","2025-02-26 02:09:25","2280247","87","refunded","ovo","refunded"
"208","52","2025-05-03 06:22:04","880864","548","delivered","e-wallet","overpaid"
"209","328","2025-04-12 12:09:22","9889812","346","awaiting_payment","gopay","partial"
"210","743","2025-07-30 19:39:35","3600277","667","cancelled","cash","pending"
"211","899","2025-06-22 15:12:19","966896","90","shipped","bank_mandiri","chargeback"
"212","792","2025-06-27 10:31:34","6554667","105","refunded","bank_bca","refunded"
"213","448","2025-05-04 06:20:16","3573645","462","delivered","bank_mandiri","overpaid"
"214","88","2025-04-11 04:08:20","494697","643","pending","paypal","pending"
"215","731","2025-06-19 22:45:17","2507548","945","processing","cash","chargeback"
"216","7","2025-07-16 17:25:04","7503549","455","awaiting_shipment","paypal","refunded"
"217","168","2025-03-25 13:03:33","9665468","142","awaiting_shipment","bank_mandiri","partial"
"218","516","2025-07-16 12:18:05","6534689","50","awaiting_payment","transfer","pending"
"219","977","2025-06-05 08:53:47","1921137","999","awaiting_payment","bank_bni","partial"
"220","230","2025-07-03 22:07:59","3223893","67","on_hold","bank_mandiri","chargeback"
"221","119","2025-06-03 16:08:37","8861424","140","processing","gopay","paid"
"222","619","2025-03-20 11:59:37","5668872","796","processing","ovo","overpaid"
"223","890","2025-04-28 04:24:01","7207635","435","returned","gopay","overpaid"
"224","53","2025-08-03 17:18:58","8762774","85","returned","cash","overpaid"
"225","900","2025-06-30 07:59:21","1675846","335","awaiting_shipment","paypal","partial"
"226","289","2025-07-19 09:49:42","7547040","70","on_hold","gopay","failed"
"227","273","2025-04-26 13:14:55","3585699","87","returned","transfer","refunded"
"228","523","2025-02-21 14:11:06","9118853","130","pending","ovo","refunded"
"229","365","2025-04-27 12:26:04","1658944","569","refunded","cash","refunded"
"230","7","2025-03-18 12:42:11","9402389","167","returned","dana","pending"
"231","303","2025-03-01 13:44:38","9950680","515","processing","debit_card","partial"
"232","460","2025-05-15 09:55:13","2860827","781","delivered","bank_bca","partial"
"233","813","2025-04-30 11:04:47","3257515","829","pending","ovo","failed"
"234","747","2025-06-05 06:37:59","6198082","326","shipped","ovo","paid"
"235","517","2025-06-03 20:03:59","4796844","480","delivered","dana","chargeback"
"236","909","2025-07-24 22:48:15","253711","29","on_hold","paypal","chargeback"
"237","742","2025-05-09 06:33:01","538715","787","awaiting_payment","ovo","failed"
"238","712","2025-05-08 14:07:13","4360787","789","shipped","e-wallet","chargeback"
"239","139","2025-05-12 15:59:53","2328647","925","cancelled","ovo","chargeback"
"240","494","2025-05-13 22:25:40","8856436","646","returned","cash","paid"
"241","540","2025-06-01 07:29:07","9658593","69","awaiting_payment","bank_bca","overpaid"
"242","138","2025-06-24 10:26:50","1717828","25","on_hold","bank_bni","paid"
"243","660","2025-05-30 12:29:00","2149457","518","returned","debit_card","paid"
"244","599","2025-08-01 00:57:45","8607249","3","awaiting_shipment","credit_card","partial"
"245","522","2025-04-19 02:25:35","4760901","388","processing","bank_bni","overpaid"
"246","697","2025-02-28 12:30:21","3602566","341","awaiting_payment","bank_bca","partial"
"247","556","2025-05-29 00:45:12","9399608","750","delivered","bank_bni","chargeback"
"248","778","2025-07-29 20:30:02","1938827","275","processing","ovo","failed"
"249","33","2025-02-23 00:43:42","9075607","393","cancelled","credit_card","partial"
"250","287","2025-04-19 04:36:26","6567560","922","shipped","e-wallet","refunded"
"251","747","2025-06-30 13:28:58","2079579","703","delivered","dana","overpaid"
"252","561","2025-04-15 00:31:35","7678910","610","awaiting_payment","paypal","paid"
"253","206","2025-06-16 10:01:32","5361332","233","awaiting_shipment","paypal","failed"
"254","961","2025-05-24 07:41:19","171850","991","processing","transfer","chargeback"
"255","356","2025-07-21 05:27:51","4408997","218","shipped","cash","overpaid"
"256","766","2025-04-03 14:09:07","8185862","855","processing","bank_mandiri","chargeback"
"257","826","2025-03-24 06:08:50","5464204","646","delivered","e-wallet","refunded"
"258","781","2025-08-01 14:00:34","594074","259","shipped","gopay","chargeback"
"259","997","2025-03-26 11:12:21","9867142","349","processing","ovo","partial"
"260","428","2025-07-07 15:26:00","1065517","483","on_hold","dana","failed"
"261","707","2025-03-19 08:17:56","4208497","277","awaiting_payment","ovo","refunded"
"262","174","2025-03-31 11:36:31","5423159","924","delivered","dana","refunded"
"263","102","2025-05-13 18:07:36","2863627","567","shipped","debit_card","overpaid"
"264","44","2025-06-22 00:38:20","1997177","796","awaiting_payment","e-wallet","partial"
"265","628","2025-06-17 04:54:26","3106905","335","awaiting_shipment","transfer","failed"
"266","765","2025-04-21 13:54:38","8378296","269","processing","paypal","chargeback"
"267","277","2025-08-10 07:03:32","2862603","697","awaiting_payment","credit_card","paid"
"268","213","2025-05-29 13:05:09","1590146","994","shipped","transfer","refunded"
"269","990","2025-07-22 13:28:58","6856328","170","returned","cash","pending"
"270","666","2025-06-03 18:00:07","7142780","411","pending","bank_bni","failed"
"271","132","2025-03-12 17:34:15","2673233","859","on_hold","credit_card","pending"
"272","313","2025-06-25 15:37:37","6586398","294","awaiting_payment","gopay","overpaid"
"273","448","2025-04-06 21:19:51","431598","48","returned","dana","partial"
"274","499","2025-07-23 15:42:58","4316175","669","shipped","credit_card","paid"
"275","194","2025-06-19 18:30:47","8006423","136","processing","bank_mandiri","failed"
"276","439","2025-05-26 02:57:38","2505065","91","awaiting_shipment","cash","refunded"
"277","624","2025-05-16 10:10:24","2762048","636","cancelled","bank_bca","failed"
"278","64","2025-03-29 10:58:48","3931045","626","processing","e-wallet","pending"
"279","7","2025-06-14 22:00:47","3568077","198","shipped","bank_bca","partial"
"280","289","2025-05-18 17:43:21","9472452","997","awaiting_shipment","dana","chargeback"
"281","18","2025-07-16 00:55:02","6101070","178","refunded","bank_bca","pending"
"282","397","2025-04-20 05:40:57","4307934","944","processing","gopay","pending"
"283","711","2025-06-17 09:47:33","6544123","90","on_hold","ovo","chargeback"
"284","11","2025-06-20 23:11:19","8000401","549","pending","cash","failed"
"285","619","2025-03-25 13:48:53","6829232","148","awaiting_shipment","bank_bni","failed"
"286","528","2025-07-18 03:39:04","7958981","946","awaiting_shipment","bank_bni","refunded"
"287","396","2025-03-11 04:19:21","6751967","712","on_hold","debit_card","refunded"
"288","69","2025-08-09 03:51:13","2315046","268","delivered","ovo","pending"
"289","443","2025-03-09 08:27:33","1608915","577","returned","ovo","pending"
"290","118","2025-03-09 14:25:49","3863470","957","shipped","dana","failed"
"291","612","2025-06-15 05:07:39","2638111","208","pending","gopay","chargeback"
"292","684","2025-03-03 03:08:23","1049428","536","shipped","bank_bca","overpaid"
"293","519","2025-02-17 06:57:00","2831846","5","refunded","cash","failed"
"294","382","2025-02-19 19:22:04","152064","721","awaiting_payment","debit_card","partial"
"295","933","2025-06-05 04:31:37","1826855","458","delivered","paypal","pending"
"296","801","2025-02-26 13:11:54","6850620","193","refunded","paypal","failed"
"297","3","2025-06-23 07:53:29","2649182","819","on_hold","paypal","overpaid"
"298","259","2025-03-30 10:09:07","1304007","628","pending","bank_bca","partial"
"299","194","2025-03-19 01:47:44","6837114","282","pending","ovo","failed"
"300","796","2025-05-22 04:41:15","6323449","556","cancelled","dana","pending"
"301","74","2025-07-08 18:22:29","4152471","503","shipped","debit_card","paid"
"302","198","2025-05-12 03:20:47","3242483","365","processing","bank_bni","paid"
"303","23","2025-03-04 14:16:14","8238241","570","on_hold","paypal","failed"
"304","543","2025-06-30 10:45:34","3445936","636","on_hold","transfer","overpaid"
"305","120","2025-07-07 22:51:14","1554507","267","shipped","credit_card","partial"
"306","515","2025-06-22 00:28:46","6142093","663","delivered","e-wallet","paid"
"307","380","2025-05-26 18:46:49","9370387","59","returned","debit_card","refunded"
"308","271","2025-06-21 00:15:27","3369939","763","shipped","bank_bca","paid"
"309","67","2025-02-15 04:24:21","3486983","939","returned","ovo","chargeback"
"310","154","2025-06-30 10:54:06","8705723","287","returned","bank_bni","paid"
"311","284","2025-03-08 12:46:42","184561","442","processing","transfer","pending"
"312","410","2025-07-30 13:09:33","8250709","634","returned","bank_bca","partial"
"313","522","2025-05-12 00:51:17","8771415","302","pending","bank_bca","partial"
"314","948","2025-03-23 15:39:58","7459794","789","returned","ovo","refunded"
"315","550","2025-03-16 10:43:46","6018850","49","delivered","cash","paid"
"316","550","2025-04-21 13:25:56","4661443","191","awaiting_shipment","cash","overpaid"
"317","606","2025-05-12 12:31:20","1557779","791","cancelled","transfer","pending"
"318","174","2025-02-22 13:43:08","8196825","501","returned","debit_card","failed"
"319","795","2025-04-07 06:19:37","782934","21","shipped","transfer","paid"
"320","977","2025-07-02 09:28:14","9807235","842","returned","gopay","partial"
"321","228","2025-07-16 00:17:32","8578674","null","returned","cash","pending"
"322","12","2025-05-03 17:15:02","1736056","905","on_hold","e-wallet","chargeback"
"323","53","2025-06-25 02:51:31","1089698","755","awaiting_shipment","ovo","chargeback"
"324","930","2025-04-12 13:37:51","2020152","823","awaiting_payment","e-wallet","overpaid"
"325","262","2025-03-17 10:46:26","4277403","50","awaiting_payment","cash","refunded"
"326","895","2025-06-11 20:15:34","5078240","706","processing","bank_bni","pending"
"327","241","2025-03-16 04:05:06","6606309","578","cancelled","credit_card","pending"
"328","778","2025-03-22 11:49:23","4438722","756","on_hold","credit_card","chargeback"
"329","206","2025-05-13 03:24:04","6642580","427","delivered","paypal","refunded"
"330","786","2025-04-17 13:53:41","1478928","148","returned","transfer","pending"
"331","975","2025-06-17 19:03:16","6461046","177","returned","ovo","partial"
"332","492","2025-07-18 00:01:43","520497","714","on_hold","gopay","chargeback"
"333","572","2025-07-25 08:48:02","8861571","80","awaiting_payment","gopay","partial"
"334","857","2025-04-16 03:34:46","1441603","68","pending","e-wallet","chargeback"
"335","138","2025-04-10 14:08:03","9164130","820","shipped","bank_bni","overpaid"
"336","644","2025-07-13 03:26:50","53996","726","pending","transfer","failed"
"337","24","2025-03-22 09:06:38","4304778","667","pending","e-wallet","chargeback"
"338","208","2025-07-09 23:48:33","6668749","978","shipped","e-wallet","overpaid"
"339","90","2025-04-10 17:34:58","3799555","551","refunded","cash","chargeback"
"340","618","2025-03-25 05:27:14","375580","982","returned","credit_card","failed"
"341","14","2025-06-09 15:08:29","3865383","991","awaiting_shipment","gopay","chargeback"
"342","804","2025-06-13 04:57:26","4045980","276","delivered","gopay","chargeback"
"343","982","2025-07-29 22:00:49","604703","145","awaiting_shipment","transfer","overpaid"
"344","898","2025-06-28 14:31:01","9663736","884","awaiting_shipment","dana","overpaid"
"345","446","2025-07-24 17:15:18","1620625","224","awaiting_payment","gopay","partial"
"346","715","2025-04-09 22:21:43","6513788","983","pending","bank_bca","overpaid"
"347","675","2025-03-10 14:21:48","2519940","360","refunded","ovo","partial"
"348","430","2025-07-21 04:36:12","4201537","145","pending","debit_card","chargeback"
"349","322","2025-04-26 11:18:29","3005201","1","processing","paypal","paid"
"350","394","2025-05-20 12:57:48","1487013","670","on_hold","transfer","refunded"
"351","434","2025-02-13 19:45:11","1157190","534","processing","bank_mandiri","paid"
"352","608","2025-07-25 14:48:19","970891","757","pending","cash","overpaid"
"353","607","2025-07-03 07:39:57","2173259","658","awaiting_shipment","bank_mandiri","partial"
"354","437","2025-05-07 05:37:49","8932817","674","returned","debit_card","failed"
"355","302","2025-02-24 02:32:23","4621739","521","pending","bank_bni","paid"
"356","965","2025-06-04 16:37:28","6681266","826","pending","cash","failed"
"357","533","2025-04-01 12:22:16","4891253","264","awaiting_shipment","debit_card","refunded"
"358","48","2025-02-13 16:10:07","8525442","821","pending","bank_bni","pending"
"359","138","2025-03-28 11:27:09","4273744","977","awaiting_payment","transfer","overpaid"
"360","288","2025-07-24 00:15:16","1900758","394","awaiting_shipment","paypal","chargeback"
"361","840","2025-07-16 21:42:32","5922571","202","cancelled","dana","failed"
"362","880","2025-07-16 09:52:48","3919642","543","awaiting_payment","cash","paid"
"363","610","2025-04-17 02:34:41","448226","997","on_hold","transfer","paid"
"364","234","2025-05-14 01:38:11","3294140","331","pending","ovo","pending"
"365","32","2025-02-13 06:01:50","3837760","836","cancelled","transfer","paid"
"366","844","2025-07-19 06:07:16","2847184","653","awaiting_shipment","bank_bni","refunded"
"367","903","2025-05-27 13:59:22","9211339","651","processing","paypal","overpaid"
"368","526","2025-07-31 20:54:45","4102899","257","pending","ovo","partial"
"369","977","2025-04-16 19:55:30","1228491","720","shipped","bank_mandiri","overpaid"
"370","699","2025-08-01 15:22:15","3545722","820","on_hold","credit_card","refunded"
"371","433","2025-05-30 17:20:12","8270536","847","refunded","ovo","paid"
"372","95","2025-04-25 02:48:02","8259648","565","shipped","bank_bni","overpaid"
"373","659","2025-04-06 13:36:38","3353027","911","shipped","bank_bca","chargeback"
"374","139","2025-05-28 05:53:31","797556","367","refunded","paypal","refunded"
"375","240","2025-06-01 02:40:31","6755699","983","cancelled","gopay","failed"
"376","322","2025-06-24 21:06:42","506430","898","refunded","paypal","refunded"
"377","30","2025-05-04 11:44:12","1048967","787","processing","bank_bni","failed"
"378","627","2025-08-01 02:06:21","7388145","198","returned","bank_bni","refunded"
"379","285","2025-03-14 04:45:50","7455568","598","delivered","credit_card","overpaid"
"380","449","2025-06-16 22:08:41","727655","33","awaiting_shipment","transfer","chargeback"
"381","155","2025-04-23 10:30:25","9615653","690","delivered","bank_bni","overpaid"
"382","29","2025-03-28 02:34:01","7574445","270","refunded","paypal","partial"
"383","636","2025-05-30 19:32:24","3836992","520","refunded","ovo","overpaid"
"384","633","2025-02-18 16:57:25","3202601","136","shipped","ovo","failed"
"385","108","2025-03-21 05:06:39","2177724","795","returned","transfer","partial"
"386","643","2025-05-21 10:02:40","7406381","510","cancelled","bank_bca","refunded"
"387","45","2025-04-15 11:37:57","9238308","903","shipped","paypal","chargeback"
"388","76","2025-04-28 20:37:50","2511366","737","refunded","paypal","pending"
"389","416","2025-02-22 17:15:29","1389870","41","refunded","transfer","paid"
"390","720","2025-03-06 23:38:51","5513147","548","cancelled","cash","refunded"
"391","934","2025-08-01 05:31:04","3033603","595","pending","bank_bni","failed"
"392","60","2025-04-10 02:06:49","3377563","558","on_hold","credit_card","pending"
"393","315","2025-07-26 17:55:35","8534382","286","processing","e-wallet","overpaid"
"394","61","2025-05-16 02:36:11","9628574","757","awaiting_payment","ovo","overpaid"
"395","907","2025-06-23 06:02:42","4124391","522","processing","bank_bni","refunded"
"396","253","2025-04-10 01:24:50","3149846","304","processing","dana","chargeback"
"397","89","2025-02-18 19:34:28","7213188","311","refunded","paypal","refunded"
"398","497","2025-03-16 22:44:37","2185739","765","cancelled","credit_card","chargeback"
"399","959","2025-03-27 13:32:45","7929317","767","pending","cash","pending"
"400","23","2025-04-19 05:50:41","2749459","518","delivered","e-wallet","partial"
"401","27","2025-05-14 20:51:16","9342585","367","awaiting_payment","cash","chargeback"
"402","570","2025-07-05 14:10:44","6445962","603","on_hold","cash","pending"
"403","767","2025-04-02 14:08:13","4262746","861","awaiting_shipment","paypal","paid"
"404","78","2025-07-05 12:20:20","6703589","671","processing","debit_card","paid"
"405","971","2025-06-25 14:43:02","8920946","336","on_hold","paypal","failed"
"406","558","2025-06-11 06:14:26","6840083","381","cancelled","cash","chargeback"
"407","291","2025-08-04 14:34:53","496475","428","returned","credit_card","refunded"
"408","434","2025-02-24 22:58:52","8767764","748","cancelled","ovo","partial"
"409","839","2025-08-07 20:12:31","1325834","439","awaiting_shipment","e-wallet","failed"
"410","523","2025-05-26 11:47:19","3108075","429","shipped","bank_bca","partial"
"411","768","2025-02-24 19:19:35","8993127","777","delivered","cash","chargeback"
"412","46","2025-05-31 13:24:44","8860433","700","delivered","e-wallet","chargeback"
"413","346","2025-03-21 11:09:34","8532772","820","cancelled","cash","paid"
"414","905","2025-03-26 15:11:15","3209362","486","on_hold","e-wallet","pending"
"415","652","2025-06-18 06:00:11","3056985","360","awaiting_payment","bank_bca","partial"
"416","416","2025-06-20 09:17:17","6672299","191","refunded","dana","refunded"
"417","766","2025-03-29 22:52:12","4851005","73","shipped","credit_card","overpaid"
"418","605","2025-04-23 09:09:09","1051292","250","cancelled","credit_card","partial"
"419","338","2025-05-07 02:13:47","5821496","33","awaiting_payment","paypal","failed"
"420","788","2025-06-25 01:48:01","7729471","600","shipped","paypal","pending"
"421","33","2025-04-15 21:33:20","4580301","441","refunded","cash","refunded"
"422","744","2025-05-14 18:49:55","377148","261","processing","bank_bca","chargeback"
"423","160","2025-05-26 10:41:28","3112586","406","cancelled","debit_card","partial"
"424","372","2025-04-10 09:34:58","8952112","451","awaiting_payment","bank_bni","overpaid"
"425","36","2025-05-02 09:41:27","9683679","981","cancelled","paypal","pending"
"426","857","2025-07-26 19:59:37","429257","207","awaiting_shipment","debit_card","failed"
"427","162","2025-05-08 13:33:52","5374941","347","on_hold","cash","partial"
"428","14","2025-05-11 00:19:17","5548496","840","awaiting_shipment","transfer","overpaid"
"429","29","2025-06-07 11:04:39","297573","539","awaiting_shipment","dana","overpaid"
"430","267","2025-06-01 03:12:19","6529494","421","pending","bank_bca","chargeback"
"431","159","2025-03-26 02:06:43","3691107","633","awaiting_payment","debit_card","failed"
"432","12","2025-03-12 12:12:38","1741734","363","processing","transfer","failed"
"433","50","2025-06-20 09:50:52","2437443","60","processing","dana","refunded"
"434","490","2025-07-14 15:37:06","1400847","509","refunded","bank_bca","partial"
"435","955","2025-04-12 17:41:11","3996976","117","refunded","cash","overpaid"
"436","515","2025-04-03 22:55:44","8469532","623","cancelled","bank_bni","partial"
"437","62","2025-06-04 19:34:06","6466681","537","processing","gopay","partial"
"438","51","2025-06-06 07:39:18","2479688","459","shipped","paypal","partial"
"439","962","2025-07-26 10:09:16","1329250","595","awaiting_payment","ovo","failed"
"440","135","2025-02-21 06:17:30","567197","299","pending","debit_card","chargeback"
"441","229","2025-03-17 23:56:00","7131826","794","shipped","debit_card","overpaid"
"442","186","2025-08-05 06:04:41","9539920","191","awaiting_shipment","debit_card","failed"
"443","892","2025-04-10 05:39:09","328278","682","pending","gopay","refunded"
"444","598","2025-05-11 08:39:37","2929373","339","cancelled","debit_card","failed"
"445","104","2025-05-09 07:52:01","5338059","838","delivered","cash","refunded"
"446","145","2025-04-14 00:49:33","7425346","828","cancelled","ovo","paid"
"447","140","2025-07-23 12:53:41","976599","390","refunded","credit_card","paid"
"448","477","2025-07-04 04:32:28","4591289","394","pending","bank_bca","overpaid"
"449","201","2025-02-14 17:08:51","1457001","761","on_hold","gopay","partial"
"450","865","2025-04-22 15:52:09","6743443","680","returned","credit_card","paid"
"451","879","2025-06-27 09:31:32","5571699","976","processing","credit_card","pending"
"452","181","2025-04-24 17:43:47","2062628","978","awaiting_payment","bank_bca","failed"
"453","892","2025-08-07 09:08:34","5693771","110","awaiting_payment","dana","partial"
"454","329","2025-07-05 14:12:31","9360487","508","awaiting_shipment","transfer","refunded"
"455","902","2025-03-12 15:52:38","4621614","431","cancelled","cash","failed"
"456","522","2025-04-27 10:20:04","880542","220","delivered","gopay","chargeback"
"457","236","2025-05-21 22:01:49","1686894","240","awaiting_payment","bank_mandiri","failed"
"458","152","2025-04-30 13:07:32","302207","11","pending","debit_card","paid"
"459","228","2025-03-15 18:48:58","1924197","288","processing","debit_card","paid"
"460","654","2025-04-15 21:37:24","9256229","435","pending","ovo","pending"
"461","61","2025-07-16 18:54:44","859841","29","pending","e-wallet","partial"
"462","567","2025-06-23 15:03:41","2010223","240","returned","debit_card","paid"
"463","904","2025-03-27 08:54:24","3892910","934","refunded","bank_bca","paid"
"464","111","2025-04-21 02:28:43","2738740","109","on_hold","ovo","chargeback"
"465","167","2025-06-04 18:48:56","5281213","187","delivered","bank_mandiri","refunded"
"466","160","2025-02-20 23:55:44","1187957","635","pending","ovo","refunded"
"467","819","2025-03-24 12:05:55","7731396","528","on_hold","cash","refunded"
"468","346","2025-03-20 11:34:34","6706898","573","refunded","bank_bca","refunded"
"469","130","2025-06-08 13:33:05","4708991","509","awaiting_shipment","debit_card","paid"
"470","879","2025-07-14 03:08:04","9866061","404","awaiting_shipment","debit_card","chargeback"
"471","791","2025-02-13 11:16:27","4305719","206","on_hold","ovo","overpaid"
"472","421","2025-07-09 13:39:18","1732110","552","on_hold","bank_mandiri","chargeback"
"473","346","2025-02-23 01:48:18","605366","950","awaiting_shipment","paypal","failed"
"474","754","2025-08-05 14:16:47","7148149","822","on_hold","paypal","partial"
"475","261","2025-06-23 15:34:00","5179504","966","returned","credit_card","overpaid"
"476","444","2025-06-16 15:59:59","1727658","660","on_hold","transfer","pending"
"477","397","2025-07-18 12:40:34","776245","950","processing","bank_bni","pending"
"478","482","2025-06-18 14:48:46","5783981","694","refunded","gopay","pending"
"479","54","2025-05-29 11:10:51","8447284","909","awaiting_payment","gopay","failed"
"480","492","2025-04-07 15:13:26","8542706","162","awaiting_shipment","credit_card","partial"
"481","734","2025-03-02 17:56:00","5443076","117","awaiting_shipment","transfer","refunded"
"482","964","2025-03-03 15:14:21","7939273","394","cancelled","bank_mandiri","failed"
"483","667","2025-07-25 04:53:35","5166271","572","cancelled","gopay","paid"
"484","862","2025-06-18 18:43:07","335619","228","refunded","bank_bni","pending"
"485","978","2025-02-16 20:10:11","8997518","586","awaiting_payment","gopay","overpaid"
"486","516","2025-06-29 14:36:57","8426235","511","pending","bank_bca","paid"
"487","596","2025-03-14 11:54:35","7349221","38","pending","gopay","overpaid"
"488","559","2025-07-23 02:07:41","7985758","31","awaiting_payment","debit_card","pending"
"489","196","2025-04-05 04:05:59","8367101","730","returned","credit_card","overpaid"
"490","534","2025-08-07 00:34:19","7368704","390","processing","dana","failed"
"491","918","2025-04-07 10:38:20","2239532","668","cancelled","cash","partial"
"492","577","2025-07-10 19:06:43","4850337","186","delivered","ovo","refunded"
"493","709","2025-05-28 03:21:48","6942125","27","refunded","transfer","partial"
"494","439","2025-03-23 23:55:56","2494581","968","awaiting_shipment","ovo","partial"
"495","992","2025-03-05 14:35:08","1955698","289","awaiting_payment","bank_mandiri","pending"
"496","947","2025-04-20 19:11:30","1005355","877","refunded","ovo","pending"
"497","815","2025-02-17 07:56:48","2984529","441","refunded","bank_bca","chargeback"
"498","378","2025-07-09 02:45:06","5418243","696","awaiting_payment","e-wallet","failed"
"499","459","2025-05-19 23:23:09","9441535","100","refunded","transfer","failed"
"500","338","2025-06-03 08:24:21","1593942","479","refunded","dana","chargeback"
"501","206","2025-03-18 21:28:51","8657201","885","awaiting_payment","bank_bni","chargeback"
"502","74","2025-07-07 14:10:11","2127541","610","delivered","bank_bca","overpaid"
"503","975","2025-07-26 08:14:03","850350","272","processing","bank_bni","chargeback"
"504","835","2025-03-09 05:05:15","2784998","322","on_hold","cash","pending"
"505","336","2025-03-13 07:24:13","9668617","844","awaiting_shipment","transfer","overpaid"
"506","456","2025-04-09 17:32:32","8771653","942","shipped","e-wallet","pending"
"507","206","2025-05-28 06:15:35","8263130","59","awaiting_payment","bank_bca","paid"
"508","182","2025-03-24 22:57:00","1703690","691","pending","bank_bni","partial"
"509","828","2025-05-16 23:55:48","8010639","419","on_hold","gopay","failed"
"510","742","2025-03-07 09:33:16","4501067","712","returned","dana","partial"
"511","392","2025-06-18 09:07:33","7574726","112","returned","ovo","refunded"
"512","157","2025-05-14 07:35:26","9873139","407","cancelled","debit_card","failed"
"513","110","2025-06-03 19:00:24","1825988","598","refunded","bank_bni","partial"
"514","502","2025-03-21 09:41:49","7635312","161","cancelled","bank_bca","overpaid"
"515","557","2025-07-02 17:18:41","9677801","286","returned","gopay","refunded"
"516","501","2025-07-20 17:04:16","3001079","60","refunded","bank_mandiri","chargeback"
"517","498","2025-03-26 04:19:23","7367141","825","refunded","paypal","failed"
"518","776","2025-05-09 18:58:10","2690363","706","awaiting_shipment","debit_card","overpaid"
"519","958","2025-08-02 07:38:49","5619390","490","cancelled","cash","partial"
"520","960","2025-08-07 15:16:01","983487","340","processing","gopay","overpaid"
"521","566","2025-06-25 12:17:15","9090756","202","cancelled","bank_bni","chargeback"
"522","952","2025-04-02 06:55:57","2930846","67","refunded","bank_bca","overpaid"
"523","396","2025-05-30 11:37:32","4659215","285","pending","ovo","partial"
"524","892","2025-03-07 08:46:01","5602699","58","processing","transfer","paid"
"525","539","2025-06-02 21:30:30","5041189","662","delivered","debit_card","refunded"
"526","460","2025-04-01 20:26:30","3310670","220","refunded","credit_card","paid"
"527","458","2025-02-11 14:38:35","6026627","939","shipped","bank_mandiri","overpaid"
"528","863","2025-03-10 03:19:53","3887842","355","processing","bank_bni","partial"
"529","364","2025-06-21 07:07:05","5468205","274","cancelled","gopay","paid"
"530","806","2025-07-02 09:12:31","2386520","764","delivered","bank_bni","pending"
"531","538","2025-06-25 18:40:57","8647132","955","cancelled","debit_card","chargeback"
"532","290","2025-04-05 00:57:05","7519638","381","delivered","e-wallet","overpaid"
"533","711","2025-06-20 21:54:32","4526914","307","awaiting_shipment","e-wallet","chargeback"
"534","305","2025-04-28 07:21:47","5207808","290","awaiting_payment","debit_card","paid"
"535","616","2025-03-10 23:45:39","8997228","924","delivered","dana","pending"
"536","471","2025-02-19 08:34:40","3714027","388","awaiting_shipment","cash","chargeback"
"537","585","2025-07-27 22:08:34","6900044","808","delivered","gopay","pending"
"538","812","2025-02-17 17:17:27","9806237","455","processing","credit_card","refunded"
"539","599","2025-04-12 09:45:15","1259371","925","delivered","paypal","refunded"
"540","961","2025-08-03 20:15:11","7624349","159","shipped","cash","pending"
"541","842","2025-05-18 14:59:57","7457205","384","returned","bank_bca","pending"
"542","898","2025-06-28 16:36:56","3842441","858","processing","transfer","paid"
"543","358","2025-04-19 12:40:52","2297202","846","delivered","transfer","partial"
"544","448","2025-04-17 08:59:18","3052398","311","processing","debit_card","pending"
"545","724","2025-05-17 13:54:40","7135902","602","returned","bank_bni","refunded"
"546","666","2025-05-31 19:47:51","9154211","274","shipped","bank_bni","pending"
"547","320","2025-05-13 02:26:53","301632","491","refunded","dana","refunded"
"548","821","2025-07-07 09:14:22","9402856","838","shipped","cash","paid"
"549","361","2025-06-07 15:35:31","6396686","123","pending","bank_bni","refunded"
"550","336","2025-05-20 11:23:17","6753644","843","processing","transfer","refunded"
"551","361","2025-08-07 14:31:47","942492","491","cancelled","debit_card","paid"
"552","969","2025-06-04 13:13:14","3705963","513","cancelled","e-wallet","refunded"
"553","339","2025-05-04 15:06:55","8788383","608","processing","bank_bca","pending"
"554","104","2025-03-11 01:30:41","8028171","967","awaiting_shipment","paypal","failed"
"555","674","2025-05-27 21:07:13","1169128","140","returned","e-wallet","paid"
"556","443","2025-07-02 08:42:17","3816355","768","delivered","ovo","refunded"
"557","62","2025-08-03 13:32:08","1905634","257","delivered","credit_card","partial"
"558","586","2025-03-03 13:53:34","875598","719","on_hold","ovo","partial"
"559","557","2025-07-01 23:59:20","4863152","595","shipped","bank_mandiri","pending"
"560","740","2025-02-17 07:02:41","9313916","836","refunded","dana","overpaid"
"561","48","2025-07-12 18:07:15","7480078","779","awaiting_payment","bank_mandiri","refunded"
"562","473","2025-07-25 18:39:19","3350850","463","refunded","gopay","refunded"
"563","728","2025-05-18 20:28:06","9676949","975","pending","bank_bca","refunded"
"564","852","2025-07-11 02:05:00","8990582","719","shipped","cash","pending"
"565","228","2025-05-19 01:23:01","8620471","165","pending","credit_card","partial"
"566","329","2025-06-10 18:13:33","8720103","160","refunded","bank_bca","failed"
"567","67","2025-06-20 18:35:36","9961454","305","shipped","transfer","overpaid"
"568","301","2025-06-12 10:57:21","2577200","228","processing","debit_card","failed"
"569","558","2025-02-20 08:10:06","8881390","733","returned","bank_bni","pending"
"570","28","2025-02-27 16:31:50","5510978","308","pending","credit_card","partial"
"571","543","2025-07-22 17:27:28","3011886","202","awaiting_shipment","debit_card","partial"
"572","960","2025-04-02 08:13:29","8987655","222","pending","ovo","pending"
"573","28","2025-03-25 11:58:01","9479235","985","awaiting_payment","credit_card","chargeback"
"574","711","2025-02-27 06:07:57","5508229","220","delivered","bank_mandiri","paid"
"575","533","2025-03-09 13:36:10","3696416","163","refunded","bank_bni","refunded"
"576","55","2025-06-17 14:42:39","5571422","326","returned","ovo","failed"
"577","602","2025-02-18 10:37:42","4205294","262","awaiting_payment","bank_bni","failed"
"578","679","2025-03-29 01:01:42","7946504","391","on_hold","bank_bca","chargeback"
"579","789","2025-08-09 02:11:54","1539606","832","pending","debit_card","refunded"
"580","487","2025-06-02 16:42:24","8360579","205","returned","ovo","refunded"
"581","782","2025-02-15 01:17:40","2412780","512","pending","credit_card","partial"
"582","974","2025-02-23 10:08:46","7452041","319","awaiting_payment","ovo","failed"
"583","213","2025-04-14 22:49:49","7335398","553","shipped","paypal","paid"
"584","987","2025-05-30 09:45:11","8805226","141","on_hold","bank_bca","overpaid"
"585","126","2025-06-02 08:07:22","2806656","580","on_hold","ovo","pending"
"586","204","2025-04-20 15:58:42","8535401","501","pending","transfer","pending"
"587","960","2025-03-30 09:45:33","4083062","956","cancelled","cash","failed"
"588","408","2025-03-05 22:16:13","3324643","990","on_hold","e-wallet","pending"
"589","886","2025-03-03 03:19:04","916036","835","returned","ovo","refunded"
"590","189","2025-02-13 13:59:44","6903547","412","awaiting_payment","bank_bca","pending"
"591","573","2025-07-11 20:08:36","4930007","126","pending","bank_bca","refunded"
"592","142","2025-06-30 19:23:02","2692974","917","refunded","bank_mandiri","chargeback"
"593","658","2025-06-24 17:40:49","1690690","516","pending","cash","chargeback"
"594","401","2025-02-15 21:05:27","1622936","983","returned","bank_mandiri","overpaid"
"595","982","2025-03-16 02:07:14","3789956","910","shipped","cash","failed"
"596","798","2025-06-08 04:20:28","6783058","709","cancelled","bank_bca","failed"
"597","212","2025-04-02 04:34:45","6295890","837","returned","e-wallet","failed"
"598","718","2025-07-31 09:28:46","6238735","705","awaiting_payment","bank_bni","pending"
"599","472","2025-03-10 04:18:14","757222","185","cancelled","dana","pending"
"600","427","2025-02-17 06:45:04","8546896","520","cancelled","dana","overpaid"
"601","455","2025-04-13 23:42:08","7769294","399","awaiting_shipment","dana","failed"
"602","204","2025-08-05 11:47:07","6811876","121","on_hold","bank_bca","refunded"
"603","240","2025-06-07 13:23:47","2717322","447","delivered","debit_card","overpaid"
"604","200","2025-02-19 16:09:22","5438881","82","shipped","bank_bca","refunded"
"605","918","2025-04-22 01:47:36","1482745","704","cancelled","gopay","failed"
"606","16","2025-07-22 00:56:49","789203","63","cancelled","transfer","paid"
"607","715","2025-05-22 10:16:36","6954965","86","awaiting_shipment","credit_card","pending"
"608","100","2025-07-23 19:49:26","1198755","460","on_hold","debit_card","failed"
"609","470","2025-02-13 07:39:00","4866059","743","shipped","transfer","partial"
"610","739","2025-03-22 03:17:34","5403378","870","awaiting_shipment","e-wallet","chargeback"
"611","172","2025-04-22 00:23:23","5248897","701","awaiting_payment","gopay","refunded"
"612","165","2025-05-08 18:12:23","9126660","67","returned","paypal","pending"
"613","582","2025-06-17 06:16:15","5222307","464","delivered","transfer","pending"
"614","204","2025-03-10 18:54:55","2764994","557","returned","transfer","chargeback"
"615","863","2025-03-30 23:27:38","9460255","60","returned","dana","failed"
"616","616","2025-02-11 14:53:52","8364277","950","pending","bank_mandiri","overpaid"
"617","352","2025-04-17 22:04:29","2536948","193","on_hold","credit_card","chargeback"
"618","405","2025-07-25 01:53:39","5100197","70","awaiting_shipment","e-wallet","overpaid"
"619","257","2025-04-24 16:04:24","1828895","562","awaiting_shipment","bank_bca","partial"
"620","648","2025-04-16 14:15:08","6559662","810","returned","e-wallet","failed"
"621","25","2025-07-05 15:23:54","5324079","923","returned","bank_bca","failed"
"622","843","2025-06-28 03:09:46","8612513","391","on_hold","ovo","pending"
"623","604","2025-03-14 03:20:53","1059820","404","shipped","gopay","refunded"
"624","907","2025-06-07 18:32:12","3227249","181","delivered","cash","chargeback"
"625","12","2025-04-25 07:58:28","703445","398","cancelled","ovo","partial"
"626","163","2025-05-15 09:47:48","3581677","32","shipped","credit_card","chargeback"
"627","546","2025-03-28 08:47:34","9429503","275","cancelled","cash","partial"
"628","181","2025-04-15 10:09:20","9505123","136","cancelled","dana","chargeback"
"629","353","2025-03-12 09:24:03","6659242","990","refunded","cash","chargeback"
"630","66","2025-03-13 19:06:41","7766911","907","pending","dana","partial"
"631","761","2025-04-27 12:37:03","6788489","768","awaiting_payment","bank_bca","pending"
"632","947","2025-02-25 12:01:35","421014","555","shipped","gopay","pending"
"633","518","2025-03-17 08:09:09","1537307","82","returned","ovo","failed"
"634","780","2025-06-24 17:11:21","5186845","218","shipped","cash","refunded"
"635","506","2025-05-26 22:45:29","7545341","850","shipped","ovo","chargeback"
"636","869","2025-08-08 20:50:46","2754134","216","returned","debit_card","pending"
"637","888","2025-05-11 02:15:22","750325","525","delivered","gopay","refunded"
"638","125","2025-06-15 20:19:17","4729301","16","refunded","gopay","chargeback"
"639","683","2025-02-15 15:45:33","4454083","749","processing","dana","refunded"
"640","184","2025-02-15 19:12:39","6204075","714","cancelled","e-wallet","paid"
"641","385","2025-07-05 11:00:40","4673125","755","shipped","e-wallet","refunded"
"642","58","2025-04-06 15:04:46","8730635","636","refunded","bank_mandiri","pending"
"643","588","2025-07-11 21:16:17","8887965","554","on_hold","ovo","partial"
"644","904","2025-07-01 00:41:54","5251165","164","returned","cash","overpaid"
"645","762","2025-02-22 10:53:19","6270746","202","pending","e-wallet","pending"
"646","415","2025-05-21 12:22:37","5202971","323","cancelled","credit_card","chargeback"
"647","757","2025-03-28 17:31:47","271301","398","shipped","ovo","overpaid"
"648","883","2025-05-22 21:02:32","3092267","644","returned","bank_mandiri","chargeback"
"649","7","2025-05-09 03:53:17","3001616","758","pending","bank_mandiri","failed"
"650","77","2025-08-04 05:45:19","2946564","275","shipped","dana","partial"
"651","931","2025-07-28 23:01:31","3969580","547","shipped","ovo","overpaid"
"652","185","2025-02-26 19:55:34","3701022","915","awaiting_shipment","e-wallet","pending"
"653","620","2025-05-06 13:07:50","1294565","71","refunded","dana","paid"
"654","202","2025-02-17 08:57:55","7863036","674","refunded","bank_mandiri","pending"
"655","247","2025-07-07 22:38:16","9575346","null","on_hold","bank_mandiri","chargeback"
"656","240","2025-04-27 06:07:55","6473326","578","delivered","e-wallet","failed"
"657","43","2025-07-10 07:04:02","5915359","577","on_hold","ovo","chargeback"
"658","145","2025-08-09 16:09:19","8622958","700","awaiting_shipment","bank_bni","pending"
"659","384","2025-08-08 18:21:12","5799921","141","awaiting_payment","bank_bni","partial"
"660","24","2025-08-01 20:22:07","949813","930","processing","ovo","failed"
"661","314","2025-03-07 07:33:30","5401937","597","cancelled","bank_bni","chargeback"
"662","944","2025-07-23 06:37:35","6448145","509","pending","cash","refunded"
"663","734","2025-04-09 11:00:14","6257705","841","delivered","bank_bca","paid"
"664","875","2025-07-29 10:19:06","1760349","104","processing","bank_mandiri","partial"
"665","376","2025-05-23 05:21:06","5015971","930","on_hold","paypal","failed"
"666","586","2025-04-30 23:23:23","3702491","888","on_hold","ovo","refunded"
"667","532","2025-02-27 14:07:40","814344","258","awaiting_shipment","paypal","failed"
"668","345","2025-03-14 16:01:46","2620833","604","refunded","debit_card","partial"
"669","325","2025-07-19 17:23:42","1174179","787","pending","credit_card","pending"
"670","852","2025-07-18 05:47:14","7062585","228","awaiting_shipment","bank_mandiri","pending"
"671","358","2025-06-27 17:57:04","3440639","708","refunded","bank_mandiri","chargeback"
"672","924","2025-05-08 22:35:28","1305353","621","delivered","cash","refunded"
"673","438","2025-04-09 07:53:00","1354310","394","processing","ovo","chargeback"
"674","556","2025-05-21 10:33:42","4445173","131","delivered","ovo","overpaid"
"675","223","2025-05-12 01:23:10","8964984","364","awaiting_payment","ovo","overpaid"
"676","64","2025-07-25 14:04:29","2132103","720","processing","ovo","chargeback"
"677","316","2025-02-23 23:52:05","828326","768","pending","dana","overpaid"
"678","192","2025-08-09 18:48:05","9365637","619","cancelled","bank_mandiri","overpaid"
"679","370","2025-07-22 09:06:31","725117","884","on_hold","bank_bca","failed"
"680","485","2025-06-19 17:12:09","3070027","693","delivered","e-wallet","paid"
"681","184","2025-04-08 02:13:57","7419701","255","refunded","transfer","failed"
"682","88","2025-08-05 08:35:08","869516","434","shipped","bank_bni","failed"
"683","877","2025-06-12 10:40:45","358202","749","shipped","cash","failed"
"684","298","2025-08-06 02:24:54","7386468","255","processing","credit_card","chargeback"
"685","62","2025-04-20 13:49:59","2491400","322","awaiting_shipment","bank_bca","overpaid"
"686","538","2025-05-10 09:54:39","5324874","422","delivered","ovo","paid"
"687","565","2025-03-30 20:01:35","3574373","696","returned","cash","partial"
"688","657","2025-06-02 18:51:59","5142841","904","processing","debit_card","chargeback"
"689","776","2025-03-16 11:34:52","8330362","334","delivered","transfer","paid"
"690","34","2025-05-08 19:15:59","3307042","867","awaiting_payment","debit_card","failed"
"691","261","2025-02-19 17:51:17","8349990","127","delivered","bank_bni","refunded"
"692","821","2025-03-30 12:16:43","7067559","347","on_hold","paypal","refunded"
"693","184","2025-06-22 22:33:34","1500864","36","refunded","ovo","refunded"
"694","547","2025-04-17 11:43:49","518921","701","on_hold","paypal","pending"
"695","947","2025-04-14 20:36:58","1307035","873","awaiting_shipment","ovo","failed"
"696","965","2025-05-14 04:15:30","9428087","537","awaiting_shipment","paypal","chargeback"
"697","887","2025-07-17 07:42:01","3618709","263","pending","paypal","refunded"
"698","317","2025-02-27 15:19:32","5762153","925","refunded","ovo","pending"
"699","336","2025-06-12 07:32:22","1685774","50","awaiting_shipment","bank_mandiri","failed"
"700","708","2025-07-09 14:23:08","6602529","330","cancelled","bank_bni","failed"
"701","464","2025-05-20 11:42:57","4338197","343","cancelled","dana","overpaid"
"702","251","2025-03-15 18:54:39","395609","187","refunded","bank_mandiri","failed"
"703","440","2025-08-02 20:39:07","911688","199","refunded","cash","refunded"
"704","504","2025-07-03 18:14:43","4805685","671","awaiting_payment","dana","failed"
"705","133","2025-06-26 17:21:36","3842339","293","cancelled","paypal","failed"
"706","43","2025-03-26 09:23:00","7654371","289","shipped","dana","chargeback"
"707","876","2025-07-06 05:00:09","8722184","238","refunded","debit_card","failed"
"708","23","2025-03-28 08:32:16","7880770","159","processing","bank_mandiri","chargeback"
"709","898","2025-05-21 15:01:38","261673","980","refunded","bank_mandiri","partial"
"710","376","2025-05-30 04:51:01","486951","354","pending","credit_card","failed"
"711","712","2025-07-11 10:21:17","528659","543","awaiting_shipment","paypal","chargeback"
"712","676","2025-07-24 03:15:30","7771859","728","returned","ovo","pending"
"713","131","2025-06-05 11:36:34","507290","547","returned","paypal","partial"
"714","162","2025-06-03 03:56:54","3131251","882","delivered","e-wallet","failed"
"715","235","2025-07-22 05:04:42","5585222","32","returned","debit_card","failed"
"716","745","2025-07-18 20:07:42","1237166","759","refunded","dana","pending"
"717","515","2025-04-11 20:38:04","2252314","490","awaiting_shipment","debit_card","partial"
"718","300","2025-04-21 18:08:57","8422723","2","awaiting_payment","bank_bni","paid"
"719","572","2025-05-22 18:26:54","8167639","320","refunded","debit_card","overpaid"
"720","493","2025-06-03 22:38:10","8161905","620","cancelled","ovo","partial"
"721","368","2025-06-16 12:36:19","4837740","300","delivered","bank_bca","paid"
"722","271","2025-02-25 10:17:19","3707411","660","awaiting_payment","paypal","refunded"
"723","610","2025-06-27 16:09:13","5964355","763","awaiting_payment","bank_mandiri","refunded"
"724","232","2025-07-21 05:46:48","4322869","619","cancelled","debit_card","chargeback"
"725","857","2025-07-22 03:49:30","6919267","662","awaiting_shipment","cash","paid"
"726","599","2025-05-14 19:49:28","4238296","652","refunded","e-wallet","pending"
"727","904","2025-06-10 04:04:38","9173668","620","shipped","bank_bca","overpaid"
"728","784","2025-06-02 17:24:51","4858223","926","pending","bank_mandiri","refunded"
"729","691","2025-05-02 20:17:43","5837652","194","pending","bank_bca","refunded"
"730","678","2025-04-13 10:17:14","5090626","676","returned","transfer","chargeback"
"731","13","2025-05-20 10:37:04","5241550","660","delivered","debit_card","overpaid"
"732","977","2025-08-08 18:23:13","4154457","110","awaiting_payment","cash","partial"
"733","890","2025-07-24 00:10:04","3499083","540","awaiting_payment","paypal","paid"
"734","33","2025-04-23 22:09:55","7050214","702","cancelled","paypal","partial"
"735","223","2025-03-02 13:35:19","229921","97","returned","bank_bca","overpaid"
"736","635","2025-05-20 10:18:10","792820","495","delivered","dana","partial"
"737","20","2025-03-21 00:31:41","750842","467","refunded","ovo","partial"
"738","794","2025-02-13 16:46:34","4154968","594","delivered","e-wallet","pending"
"739","346","2025-02-20 15:09:24","3289032","735","awaiting_shipment","debit_card","chargeback"
"740","509","2025-04-18 05:33:27","8573001","21","pending","dana","failed"
"741","879","2025-07-24 08:58:29","283844","428","on_hold","bank_mandiri","chargeback"
"742","333","2025-06-30 00:47:37","8639393","875","on_hold","bank_bca","chargeback"
"743","249","2025-06-04 17:59:21","834171","614","on_hold","paypal","overpaid"
"744","183","2025-03-16 16:19:30","7559393","898","shipped","ovo","overpaid"
"745","399","2025-04-19 06:57:09","2468044","981","refunded","dana","chargeback"
"746","166","2025-07-05 17:35:18","6670151","183","delivered","bank_bca","overpaid"
"747","293","2025-05-24 04:36:44","7519305","983","processing","bank_bca","pending"
"748","900","2025-07-11 03:34:14","7859774","45","cancelled","e-wallet","refunded"
"749","490","2025-02-16 21:26:52","2134393","106","processing","paypal","refunded"
"750","641","2025-04-19 06:19:28","8978817","145","shipped","paypal","partial"
"751","310","2025-06-24 04:56:46","4311248","744","pending","dana","overpaid"
"752","300","2025-06-10 10:49:54","642712","755","on_hold","gopay","paid"
"753","780","2025-06-16 22:10:26","5832499","78","cancelled","cash","pending"
"754","268","2025-06-21 12:53:13","1133816","791","processing","e-wallet","pending"
"755","614","2025-03-27 17:28:59","5397998","679","awaiting_payment","bank_bca","partial"
"756","176","2025-06-15 21:14:03","4389424","431","pending","bank_bni","paid"
"757","673","2025-03-19 08:35:07","6827235","565","delivered","bank_bca","failed"
"758","517","2025-06-21 02:27:45","7523619","208","on_hold","bank_mandiri","chargeback"
"759","438","2025-07-31 07:36:09","8828746","268","awaiting_payment","e-wallet","pending"
"760","304","2025-07-23 08:11:38","1412660","122","awaiting_shipment","transfer","paid"
"761","452","2025-07-25 09:49:02","4331018","27","pending","cash","pending"
"762","980","2025-05-01 14:06:42","3931168","251","cancelled","gopay","chargeback"
"763","763","2025-08-09 06:43:52","1999000","250","delivered","credit_card","paid"
"764","207","2025-07-28 05:01:28","5131552","456","shipped","cash","chargeback"
"765","326","2025-06-21 08:35:38","795585","13","pending","dana","refunded"
"766","121","2025-07-04 18:17:34","8259953","156","awaiting_shipment","bank_bni","overpaid"
"767","637","2025-06-20 00:46:57","1192284","396","cancelled","credit_card","chargeback"
"768","752","2025-03-03 17:14:21","2677009","516","returned","gopay","chargeback"
"769","139","2025-07-23 08:20:23","1830662","474","on_hold","transfer","pending"
"770","95","2025-06-21 01:52:29","1080761","696","processing","bank_bca","overpaid"
"771","186","2025-05-12 02:40:38","3678059","396","awaiting_shipment","dana","partial"
"772","324","2025-04-20 00:47:44","6449785","648","awaiting_payment","bank_bca","overpaid"
"773","820","2025-03-07 05:07:49","2712153","703","pending","bank_bni","pending"
"774","428","2025-07-08 15:35:15","7690095","46","pending","dana","refunded"
"775","229","2025-07-28 18:19:54","9172714","637","on_hold","gopay","failed"
"776","557","2025-06-04 00:22:25","4585147","935","on_hold","bank_bca","overpaid"
"777","493","2025-05-09 05:59:33","3411134","926","on_hold","bank_mandiri","partial"
"778","194","2025-04-04 01:15:08","8393514","984","delivered","ovo","failed"
"779","384","2025-07-01 17:13:18","5040552","861","pending","debit_card","overpaid"
"780","584","2025-07-16 05:38:15","4165628","698","awaiting_payment","debit_card","overpaid"
"781","342","2025-05-07 21:09:54","909660","330","refunded","dana","pending"
"782","933","2025-07-16 04:11:21","6738798","388","processing","ovo","failed"
"783","675","2025-05-01 05:15:33","2340575","783","cancelled","cash","partial"
"784","775","2025-06-04 05:06:13","7879034","426","delivered","gopay","chargeback"
"785","894","2025-06-04 02:05:12","3206319","916","on_hold","bank_bni","overpaid"
"786","600","2025-04-19 22:13:25","8914981","73","on_hold","bank_bni","chargeback"
"787","939","2025-02-24 16:40:17","2313445","778","on_hold","e-wallet","failed"
"788","165","2025-04-27 05:55:32","1105436","293","shipped","e-wallet","paid"
"789","337","2025-04-23 21:33:29","1212440","325","returned","cash","chargeback"
"790","490","2025-02-26 17:59:34","3580221","525","pending","debit_card","paid"
"791","78","2025-06-25 23:17:36","1731684","54","awaiting_payment","bank_bni","partial"
"792","950","2025-05-03 07:52:05","1467112","678","pending","e-wallet","pending"
"793","975","2025-07-10 15:53:13","1328674","174","returned","ovo","pending"
"794","632","2025-02-21 00:13:32","4468072","58","processing","gopay","paid"
"795","740","2025-06-27 22:02:51","5240873","942","cancelled","bank_bca","failed"
"796","950","2025-05-20 01:22:46","6867963","468","delivered","paypal","paid"
"797","715","2025-04-28 08:26:39","9475493","549","processing","bank_bca","partial"
"798","894","2025-04-07 20:40:12","184218","523","returned","gopay","partial"
"799","104","2025-06-23 15:57:29","7773530","201","refunded","dana","partial"
"800","667","2025-05-22 05:35:00","4010431","388","awaiting_shipment","gopay","pending"
"801","546","2025-03-24 15:25:38","8931656","116","cancelled","gopay","paid"
"802","202","2025-07-15 15:07:10","7765472","27","delivered","ovo","chargeback"
"803","186","2025-07-30 02:48:58","2041999","716","awaiting_shipment","paypal","overpaid"
"804","552","2025-04-16 13:53:56","615852","693","on_hold","bank_mandiri","partial"
"805","386","2025-06-06 21:33:34","7499389","330","shipped","cash","overpaid"
"806","550","2025-02-12 00:55:02","8195954","523","cancelled","e-wallet","pending"
"807","114","2025-05-17 14:47:43","3676494","117","awaiting_payment","e-wallet","chargeback"
"808","783","2025-08-04 02:09:08","3082872","606","processing","debit_card","partial"
"809","35","2025-04-21 03:22:48","6326778","891","delivered","dana","refunded"
"810","194","2025-03-30 23:25:16","5890029","233","refunded","ovo","overpaid"
"811","611","2025-02-15 01:39:20","491403","248","awaiting_payment","e-wallet","paid"
"812","339","2025-05-29 09:36:29","79436","327","cancelled","credit_card","failed"
"813","802","2025-06-28 16:25:41","4380817","645","processing","bank_bca","pending"
"814","201","2025-08-01 11:52:57","4810682","371","delivered","bank_mandiri","pending"
"815","904","2025-02-13 19:14:42","9079233","195","awaiting_shipment","transfer","chargeback"
"816","201","2025-05-19 02:11:41","4865650","365","cancelled","cash","chargeback"
"817","822","2025-07-19 17:13:29","6713726","894","cancelled","gopay","chargeback"
"818","305","2025-07-02 01:41:43","3139643","3","awaiting_shipment","bank_bca","pending"
"819","582","2025-07-14 05:33:48","6442995","346","returned","ovo","chargeback"
"820","368","2025-05-19 16:56:01","8145460","455","shipped","transfer","pending"
"821","132","2025-04-14 08:58:03","9291283","735","awaiting_payment","bank_bca","partial"
"822","919","2025-06-06 20:11:23","589571","363","pending","debit_card","paid"
"823","354","2025-04-11 05:38:52","2381364","479","pending","e-wallet","chargeback"
"824","157","2025-04-19 05:55:57","4853992","922","on_hold","paypal","partial"
"825","525","2025-06-17 12:58:20","7847951","176","refunded","cash","failed"
"826","996","2025-05-01 22:02:37","8438939","159","delivered","ovo","pending"
"827","799","2025-06-03 16:48:48","5784956","586","pending","debit_card","refunded"
"828","693","2025-08-01 09:18:50","3978597","734","refunded","gopay","partial"
"829","973","2025-07-20 23:20:13","908709","613","returned","transfer","partial"
"830","663","2025-06-15 01:45:15","6760490","850","processing","debit_card","partial"
"831","993","2025-07-10 19:39:03","3511337","924","refunded","credit_card","paid"
"832","3","2025-03-21 07:52:34","879304","373","processing","credit_card","partial"
"833","253","2025-03-10 08:44:46","6382773","506","pending","transfer","overpaid"
"834","374","2025-03-30 18:15:58","4905732","807","on_hold","bank_bni","refunded"
"835","334","2025-06-01 19:53:46","6424444","997","processing","dana","failed"
"836","941","2025-02-15 15:14:57","9320200","732","awaiting_shipment","credit_card","pending"
"837","652","2025-06-13 01:24:32","1154594","462","on_hold","ovo","pending"
"838","326","2025-03-02 12:12:43","4696208","331","shipped","bank_bni","chargeback"
"839","979","2025-06-10 07:53:26","5811379","572","returned","transfer","paid"
"840","371","2025-06-07 18:59:26","8648798","623","on_hold","gopay","failed"
"841","156","2025-06-25 02:08:14","8287490","372","refunded","bank_bni","pending"
"842","415","2025-05-17 19:30:47","9495562","858","shipped","cash","chargeback"
"843","185","2025-04-22 11:31:36","2143980","979","on_hold","bank_bca","refunded"
"844","498","2025-03-25 07:05:34","4722151","604","refunded","gopay","refunded"
"845","156","2025-02-26 20:18:46","4765662","939","delivered","credit_card","partial"
"846","293","2025-06-08 14:52:50","7642675","541","shipped","cash","failed"
"847","476","2025-08-01 09:46:11","9739639","801","pending","gopay","refunded"
"848","75","2025-04-15 14:12:09","9678081","379","refunded","gopay","partial"
"849","663","2025-04-15 05:18:41","5058953","315","delivered","bank_bca","refunded"
"850","246","2025-03-31 20:16:29","5436308","36","on_hold","bank_mandiri","refunded"
"851","192","2025-07-26 08:44:36","9607408","574","processing","dana","chargeback"
"852","352","2025-03-12 02:58:17","9279360","895","pending","ovo","failed"
"853","236","2025-07-15 13:55:48","8190157","73","awaiting_shipment","debit_card","paid"
"854","756","2025-06-23 11:04:47","6451932","649","on_hold","cash","pending"
"855","140","2025-05-10 10:19:30","6235621","722","pending","transfer","failed"
"856","180","2025-05-04 09:28:22","8657893","370","shipped","gopay","pending"
"857","33","2025-04-18 21:17:13","3322642","960","awaiting_payment","transfer","failed"
"858","87","2025-07-08 21:25:36","5340479","216","processing","bank_mandiri","refunded"
"859","66","2025-06-15 02:43:07","3845731","13","awaiting_shipment","bank_mandiri","overpaid"
"860","823","2025-08-07 06:07:14","8425943","319","awaiting_shipment","debit_card","paid"
"861","863","2025-07-31 11:41:37","8157007","248","awaiting_payment","dana","overpaid"
"862","925","2025-03-31 10:45:05","8606015","792","shipped","credit_card","refunded"
"863","928","2025-03-13 08:17:52","3618007","489","on_hold","transfer","overpaid"
"864","945","2025-04-10 01:23:08","4819787","822","returned","paypal","partial"
"865","989","2025-05-19 02:47:11","9232265","981","delivered","transfer","failed"
"866","342","2025-07-10 16:03:15","972090","48","shipped","dana","partial"
"867","186","2025-07-03 21:02:28","9121093","547","returned","gopay","partial"
"868","403","2025-05-07 12:00:20","7732312","286","awaiting_payment","paypal","refunded"
"869","448","2025-07-19 10:24:02","590482","738","delivered","dana","failed"
"870","617","2025-05-25 16:12:00","2134368","68","pending","bank_bni","partial"
"871","485","2025-08-02 02:47:04","2911322","521","returned","e-wallet","overpaid"
"872","161","2025-05-22 23:58:51","6948030","692","awaiting_shipment","ovo","chargeback"
"873","784","2025-04-03 06:08:51","2328662","139","delivered","bank_mandiri","chargeback"
"874","183","2025-02-19 19:36:05","8625018","472","on_hold","cash","pending"
"875","912","2025-05-28 02:12:43","3224320","897","on_hold","bank_bca","paid"
"876","558","2025-06-01 14:51:25","3719235","305","awaiting_shipment","cash","partial"
"877","231","2025-05-22 07:27:22","4475984","357","delivered","e-wallet","overpaid"
"878","256","2025-07-11 22:22:55","7134211","48","on_hold","debit_card","pending"
"879","516","2025-07-16 09:54:30","4805963","354","returned","credit_card","pending"
"880","26","2025-03-20 11:24:41","1419742","850","returned","bank_mandiri","paid"
"881","964","2025-07-22 05:26:28","6674721","54","pending","cash","pending"
"882","255","2025-05-20 14:28:47","5016860","652","returned","credit_card","pending"
"883","782","2025-03-06 20:57:27","1067655","59","cancelled","bank_bni","paid"
"884","96","2025-07-22 12:24:57","2074787","257","on_hold","debit_card","pending"
"885","521","2025-02-20 01:43:16","2489964","789","processing","ovo","pending"
"886","119","2025-04-28 03:39:41","6786494","742","on_hold","bank_bca","failed"
"887","210","2025-07-09 16:30:42","3952372","464","awaiting_payment","bank_bni","paid"
"888","280","2025-04-02 18:39:02","9669399","681","delivered","bank_bni","overpaid"
"889","390","2025-02-24 08:25:09","8887623","176","cancelled","paypal","chargeback"
"890","378","2025-06-08 08:47:05","7727604","320","processing","paypal","partial"
"891","370","2025-06-27 16:18:03","7076908","554","awaiting_shipment","gopay","paid"
"892","48","2025-05-09 23:04:01","3490028","670","cancelled","e-wallet","pending"
"893","72","2025-03-07 09:50:06","5971843","653","awaiting_payment","transfer","overpaid"
"894","18","2025-06-04 15:39:27","1524333","524","awaiting_payment","e-wallet","paid"
"895","868","2025-05-04 19:01:27","3296948","951","pending","ovo","failed"
"896","215","2025-04-10 10:18:39","7953065","527","awaiting_shipment","cash","chargeback"
"897","816","2025-08-06 17:21:06","3189546","986","awaiting_shipment","bank_bni","failed"
"898","94","2025-05-24 04:40:42","1733150","397","on_hold","bank_bni","overpaid"
"899","244","2025-02-17 07:30:58","8125588","93","refunded","credit_card","overpaid"
"900","119","2025-03-16 17:27:08","1919399","101","delivered","debit_card","pending"
"901","50","2025-05-09 14:44:40","2632116","757","shipped","bank_mandiri","overpaid"
"902","554","2025-06-16 23:09:15","6141661","323","delivered","e-wallet","failed"
"903","591","2025-02-19 06:58:31","9075072","342","refunded","ovo","paid"
"904","264","2025-03-11 17:12:45","4540988","932","returned","gopay","refunded"
"905","301","2025-04-27 17:27:50","2252744","700","processing","dana","failed"
"906","350","2025-07-29 02:08:45","4393712","899","returned","paypal","refunded"
"907","547","2025-07-14 21:06:58","5351202","202","pending","bank_bni","failed"
"908","88","2025-06-09 07:32:09","6359821","906","processing","credit_card","refunded"
"909","739","2025-07-25 07:53:08","3367191","389","refunded","e-wallet","pending"
"910","747","2025-07-01 19:13:59","8703075","946","returned","transfer","paid"
"911","557","2025-02-24 10:06:13","5627665","851","awaiting_shipment","transfer","pending"
"912","465","2025-06-25 22:46:50","5257586","730","cancelled","credit_card","failed"
"913","445","2025-03-01 22:21:02","4431397","864","pending","bank_mandiri","overpaid"
"914","891","2025-07-09 02:39:02","2904186","714","shipped","dana","pending"
"915","644","2025-05-31 17:36:37","1995896","243","on_hold","cash","failed"
"916","221","2025-05-22 07:36:47","8526462","569","processing","transfer","failed"
"917","843","2025-05-18 17:57:00","7740326","44","delivered","transfer","pending"
"918","660","2025-03-18 04:00:31","279667","172","processing","cash","pending"
"919","584","2025-02-20 04:59:42","1857297","9","awaiting_shipment","e-wallet","pending"
"920","37","2025-03-31 22:43:20","9737989","840","shipped","gopay","partial"
"921","422","2025-04-23 19:14:15","5511734","259","pending","e-wallet","partial"
"922","968","2025-03-23 06:18:10","4610686","252","on_hold","bank_bca","paid"
"923","808","2025-04-08 17:57:11","5419274","48","awaiting_shipment","paypal","pending"
"924","716","2025-02-25 17:47:45","9910048","514","cancelled","gopay","pending"
"925","704","2025-07-01 02:25:29","6757221","292","cancelled","bank_bni","failed"
"926","548","2025-03-23 15:33:21","8161815","411","processing","debit_card","chargeback"
"927","424","2025-04-19 11:15:30","4246535","923","awaiting_payment","e-wallet","overpaid"
"928","222","2025-06-10 07:16:58","6189103","419","returned","bank_bni","pending"
"929","745","2025-03-03 02:41:33","2946327","136","awaiting_shipment","credit_card","pending"
"930","361","2025-02-21 10:09:32","8814514","75","pending","bank_mandiri","chargeback"
"931","847","2025-03-27 08:17:17","9034997","75","processing","credit_card","partial"
"932","829","2025-02-15 07:25:27","7168959","288","returned","paypal","paid"
"933","613","2025-06-11 10:48:25","6060545","692","awaiting_shipment","gopay","partial"
"934","272","2025-05-12 01:14:57","3500923","933","pending","bank_bni","paid"
"935","226","2025-07-29 13:33:00","3604577","133","awaiting_payment","ovo","overpaid"
"936","966","2025-04-10 23:26:13","8513957","314","shipped","bank_bni","overpaid"
"937","564","2025-02-24 11:33:45","6972570","112","delivered","bank_bni","chargeback"
"938","787","2025-04-29 20:32:20","3052298","178","delivered","paypal","paid"
"939","969","2025-05-12 18:06:13","9116490","429","pending","transfer","failed"
"940","871","2025-07-16 11:44:35","1242587","298","delivered","credit_card","chargeback"
"941","261","2025-02-16 22:53:54","2407664","554","awaiting_shipment","cash","failed"
"942","603","2025-04-07 22:06:38","654486","190","delivered","bank_bni","partial"
"943","510","2025-05-05 13:26:42","3146501","685","awaiting_payment","bank_bni","chargeback"
"944","252","2025-03-12 02:41:48","5047652","945","refunded","bank_bni","partial"
"945","769","2025-07-04 16:46:22","2433578","670","awaiting_shipment","transfer","paid"
"946","224","2025-02-26 06:24:46","86550","354","processing","cash","pending"
"947","131","2025-04-12 18:55:47","182002","273","shipped","cash","failed"
"948","120","2025-03-14 22:04:34","4104368","994","awaiting_payment","bank_bni","overpaid"
"949","822","2025-03-19 10:55:11","5928515","960","pending","ovo","overpaid"
"950","532","2025-07-11 14:49:03","628188","482","pending","bank_bca","partial"
"951","423","2025-04-21 09:31:39","2962696","956","on_hold","paypal","chargeback"
"952","307","2025-06-02 09:03:19","1106017","984","shipped","e-wallet","chargeback"
"953","942","2025-04-11 14:17:04","6236297","933","awaiting_payment","e-wallet","overpaid"
"954","584","2025-02-22 06:23:05","2143913","63","shipped","paypal","refunded"
"955","470","2025-06-29 19:49:34","9575634","405","awaiting_shipment","bank_bca","refunded"
"956","507","2025-07-26 15:11:38","5680350","439","on_hold","bank_mandiri","refunded"
"957","117","2025-04-01 23:10:07","3499192","112","refunded","credit_card","paid"
"958","773","2025-02-24 03:28:27","4203216","174","refunded","credit_card","paid"
"959","501","2025-04-28 21:05:48","311755","114","shipped","e-wallet","pending"
"960","985","2025-06-01 13:53:26","2110927","494","refunded","cash","overpaid"
"961","68","2025-06-17 18:39:08","5809612","589","pending","bank_bca","chargeback"
"962","78","2025-08-07 11:14:34","4010110","462","processing","debit_card","paid"
"963","165","2025-03-18 04:32:06","6044943","925","refunded","bank_bca","partial"
"964","694","2025-02-11 18:31:21","5483597","592","shipped","e-wallet","refunded"
"965","895","2025-05-16 00:10:38","9409773","291","cancelled","dana","overpaid"
"966","632","2025-03-09 16:41:24","8413396","620","processing","e-wallet","refunded"
"967","398","2025-04-04 19:22:25","4351555","65","awaiting_shipment","gopay","overpaid"
"968","956","2025-06-21 06:41:48","4503477","360","pending","ovo","paid"
"969","59","2025-04-09 23:27:06","5992015","966","refunded","e-wallet","pending"
"970","196","2025-07-03 04:40:23","4669594","277","awaiting_payment","bank_mandiri","paid"
"971","328","2025-05-10 20:58:37","9466996","426","processing","paypal","refunded"
"972","233","2025-03-15 05:24:25","6232375","829","cancelled","bank_bca","failed"
"973","893","2025-07-14 00:38:11","4350973","755","returned","bank_bca","failed"
"974","770","2025-08-01 17:43:07","7769072","839","refunded","gopay","partial"
"975","65","2025-02-28 19:04:38","1416448","119","on_hold","bank_bca","pending"
"976","498","2025-03-19 12:21:38","273151","425","processing","cash","failed"
"977","273","2025-04-13 20:05:29","6753010","738","pending","dana","pending"
"978","124","2025-07-30 11:30:13","3599107","996","processing","paypal","partial"
"979","620","2025-03-07 06:25:02","7266951","540","on_hold","bank_mandiri","chargeback"
"980","880","2025-03-11 00:21:11","9424314","834","processing","paypal","overpaid"
"981","495","2025-06-01 10:51:36","4016292","690","delivered","debit_card","partial"
"982","990","2025-04-28 19:50:07","2732358","681","cancelled","debit_card","chargeback"
"983","737","2025-04-01 06:28:12","9381530","443","delivered","debit_card","pending"
"984","577","2025-04-29 23:35:17","4047664","457","pending","cash","paid"
"985","329","2025-02-18 02:02:15","67881","150","processing","cash","failed"
"986","155","2025-07-12 11:02:16","1955468","728","pending","transfer","failed"
"987","717","2025-04-30 09:46:00","1520124","212","shipped","gopay","failed"
"988","391","2025-07-23 12:38:12","8601797","951","refunded","ovo","partial"
"989","988","2025-04-17 04:28:10","5397970","642","returned","bank_bca","partial"
"990","547","2025-07-16 01:55:00","1676735","107","processing","credit_card","failed"
"991","837","2025-07-25 12:50:31","6408265","457","cancelled","ovo","paid"
"992","428","2025-05-29 05:12:07","5415444","960","on_hold","cash","overpaid"
"993","290","2025-06-08 18:33:35","2461528","964","on_hold","dana","chargeback"
"994","511","2025-06-18 02:08:14","5131120","675","refunded","gopay","refunded"
"995","432","2025-04-25 17:06:56","1360333","619","returned","paypal","partial"
"996","61","2025-03-27 03:08:58","6758907","405","delivered","cash","failed"
"997","464","2025-03-05 15:15:20","770198","400","pending","transfer","failed"
"998","54","2025-03-07 20:51:25","9211806","840","awaiting_shipment","transfer","pending"
"999","532","2025-03-04 08:20:52","3430162","694","delivered","bank_mandiri","chargeback"
"1000","942","2025-05-06 18:07:13","8572437","425","returned","bank_mandiri","chargeback"