"id","order_id","product_id","quantity"
"1","1","179","1"
"2","2","157","3"
"3","3","584","3"
"4","4","40","5"
"5","5","822","3"
"6","6","161","1"
"7","7","654","2"
"8","8","925","5"
"9","9","296","2"
"10","10","702","2"
"11","11","495","3"
"12","12","850","1"
"13","13","77","2"
"14","14","565","3"
"15","15","961","3"
"16","16","787","2"
"17","17","188","3"
"18","18","771","4"
"19","19","905","2"
"20","20","439","3"
"21","21","893","2"
"22","22","158","5"
"23","23","502","4"
"24","24","646","2"
"25","25","239","4"
"26","26","641","1"
"27","27","430","1"
"28","28","564","2"
"29","29","714","4"
"30","30","233","4"
"31","31","806","3"
"32","32","99","1"
"33","33","447","5"
"34","34","288","3"
"35","35","1000","4"
"36","36","973","1"
"37","37","499","4"
"38","38","369","5"
"39","39","497","3"
"40","40","625","2"
"41","41","560","4"
"42","42","605","3"
"43","43","387","5"
"44","44","279","5"
"45","45","283","4"
"46","46","1000","2"
"47","47","755","5"
"48","48","202","5"
"49","49","785","3"
"50","50","531","4"
"51","51","663","4"
"52","52","94","3"
"53","53","871","2"
"54","54","122","5"
"55","55","102","5"
"56","56","502","5"
"57","57","220","2"
"58","58","632","2"
"59","59","80","5"
"60","60","844","1"
"61","61","226","3"
"62","62","525","1"
"63","63","266","2"
"64","64","412","3"
"65","65","316","1"
"66","66","860","5"
"67","67","344","3"
"68","68","899","4"
"69","69","561","4"
"70","70","399","3"
"71","71","932","4"
"72","72","401","4"
"73","73","793","1"
"74","74","394","3"
"75","75","901","1"
"76","76","332","5"
"77","77","376","3"
"78","78","150","2"
"79","79","110","3"
"80","80","586","5"
"81","81","406","4"
"82","82","863","3"
"83","83","857","2"
"84","84","210","1"
"85","85","362","1"
"86","86","190","1"
"87","87","763","2"
"88","88","72","4"
"89","89","581","5"
"90","90","749","1"
"91","91","972","4"
"92","92","566","1"
"93","93","783","5"
"94","94","406","2"
"95","95","150","3"
"96","96","905","1"
"97","97","727","4"
"98","98","593","3"
"99","99","486","2"
"100","100","84","1"
"101","101","513","3"
"102","102","656","2"
"103","103","27","5"
"104","104","596","2"
"105","105","619","1"
"106","106","498","5"
"107","107","162","4"
"108","108","935","4"
"109","109","85","5"
"110","110","31","3"
"111","111","663","4"
"112","112","768","3"
"113","113","129","2"
"114","114","46","4"
"115","115","267","2"
"116","116","98","2"
"117","117","594","3"
"118","118","653","4"
"119","119","545","3"
"120","120","141","3"
"121","121","986","2"
"122","122","146","4"
"123","123","939","1"
"124","124","686","3"
"125","125","623","4"
"126","126","599","3"
"127","127","1000","5"
"128","128","886","1"
"129","129","450","3"
"130","130","60","4"
"131","131","240","4"
"132","132","228","5"
"133","133","579","3"
"134","134","633","4"
"135","135","731","2"
"136","136","873","2"
"137","137","955","5"
"138","138","432","1"
"139","139","527","5"
"140","140","359","2"
"141","141","46","5"
"142","142","880","1"
"143","143","335","1"
"144","144","891","4"
"145","145","829","2"
"146","146","623","2"
"147","147","697","2"
"148","148","128","5"
"149","149","174","1"
"150","150","932","2"
"151","151","536","3"
"152","152","46","2"
"153","153","178","4"
"154","154","344","3"
"155","155","51","4"
"156","156","706","1"
"157","157","876","5"
"158","158","900","4"
"159","159","834","2"
"160","160","781","5"
"161","161","866","5"
"162","162","997","3"
"163","163","768","3"
"164","164","666","5"
"165","165","235","4"
"166","166","456","4"
"167","167","91","1"
"168","168","983","5"
"169","169","197","2"
"170","170","754","4"
"171","171","592","5"
"172","172","673","3"
"173","173","57","4"
"174","174","873","5"
"175","175","553","3"
"176","176","704","5"
"177","177","958","1"
"178","178","317","2"
"179","179","606","5"
"180","180","643","2"
"181","181","703","3"
"182","182","565","2"
"183","183","67","1"
"184","184","383","4"
"185","185","69","1"
"186","186","919","4"
"187","187","744","4"
"188","188","823","5"
"189","189","152","1"
"190","190","428","2"
"191","191","935","2"
"192","192","618","5"
"193","193","295","1"
"194","194","637","5"
"195","195","654","1"
"196","196","432","5"
"197","197","851","5"
"198","198","233","5"
"199","199","453","5"
"200","200","430","4"
"201","201","155","4"
"202","202","320","1"
"203","203","550","3"
"204","204","53","5"
"205","205","353","5"
"206","206","960","1"
"207","207","866","1"
"208","208","314","1"
"209","209","845","3"
"210","210","623","3"
"211","211","290","2"
"212","212","369","5"
"213","213","714","2"
"214","214","197","4"
"215","215","417","5"
"216","216","673","5"
"217","217","765","2"
"218","218","982","4"
"219","219","365","3"
"220","220","599","2"
"221","221","423","1"
"222","222","104","1"
"223","223","437","3"
"224","224","941","5"
"225","225","533","4"
"226","226","973","1"
"227","227","568","3"
"228","228","945","4"
"229","229","368","4"
"230","230","167","4"
"231","231","390","4"
"232","232","1","5"
"233","233","315","5"
"234","234","77","4"
"235","235","290","2"
"236","236","648","4"
"237","237","263","5"
"238","238","796","4"
"239","239","891","4"
"240","240","889","3"
"241","241","551","5"
"242","242","929","1"
"243","243","485","4"
"244","244","665","3"
"245","245","800","1"
"246","246","668","3"
"247","247","292","2"
"248","248","834","3"
"249","249","405","4"
"250","250","790","5"
"251","251","376","4"
"252","252","779","2"
"253","253","864","4"
"254","254","410","3"
"255","255","163","2"
"256","256","417","2"
"257","257","345","5"
"258","258","502","5"
"259","259","5","1"
"260","260","800","2"
"261","261","457","2"
"262","262","224","3"
"263","263","763","4"
"264","264","129","5"
"265","265","314","3"
"266","266","5","1"
"267","267","942","4"
"268","268","823","3"
"269","269","331","4"
"270","270","477","3"
"271","271","501","4"
"272","272","602","1"
"273","273","248","1"
"274","274","645","1"
"275","275","982","2"
"276","276","390","5"
"277","277","769","2"
"278","278","663","4"
"279","279","502","1"
"280","280","398","5"
"281","281","592","5"
"282","282","493","4"
"283","283","258","4"
"284","284","40","3"
"285","285","859","2"
"286","286","529","3"
"287","287","139","2"
"288","288","211","1"
"289","289","417","3"
"290","290","407","2"
"291","291","250","1"
"292","292","509","2"
"293","293","850","1"
"294","294","787","3"
"295","295","564","5"
"296","296","625","5"
"297","297","698","4"
"298","298","783","2"
"299","299","382","3"
"300","300","999","5"
"301","301","908","1"
"302","302","668","3"
"303","303","24","2"
"304","304","539","5"
"305","305","493","4"
"306","306","26","5"
"307","307","958","4"
"308","308","670","4"
"309","309","44","3"
"310","310","498","1"
"311","311","692","4"
"312","312","613","3"
"313","313","80","3"
"314","314","537","2"
"315","315","205","5"
"316","316","999","4"
"317","317","815","2"
"318","318","733","5"
"319","319","302","5"
"320","320","269","3"
"321","321","265","1"
"322","322","871","1"
"323","323","342","3"
"324","324","865","1"
"325","325","146","2"
"326","326","197","2"
"327","327","687","3"
"328","328","26","1"
"329","329","270","4"
"330","330","199","5"
"331","331","179","3"
"332","332","239","2"
"333","333","809","5"
"334","334","797","4"
"335","335","649","5"
"336","336","618","4"
"337","337","864","3"
"338","338","220","3"
"339","339","741","1"
"340","340","438","3"
"341","341","576","5"
"342","342","81","4"
"343","343","7","3"
"344","344","240","5"
"345","345","851","1"
"346","346","458","2"
"347","347","697","4"
"348","348","521","2"
"349","349","388","2"
"350","350","884","2"
"351","351","163","5"
"352","352","913","3"
"353","353","256","3"
"354","354","447","4"
"355","355","840","2"
"356","356","64","4"
"357","357","333","4"
"358","358","411","2"
"359","359","451","2"
"360","360","516","4"
"361","361","862","3"
"362","362","855","3"
"363","363","899","2"
"364","364","518","3"
"365","365","119","3"
"366","366","993","5"
"367","367","67","5"
"368","368","203","4"
"369","369","202","2"
"370","370","89","4"
"371","371","381","5"
"372","372","569","3"
"373","373","182","4"
"374","374","208","3"
"375","375","571","5"
"376","376","445","2"
"377","377","189","4"
"378","378","195","1"
"379","379","926","2"
"380","380","730","4"
"381","381","806","4"
"382","382","694","1"
"383","383","61","1"
"384","384","542","4"
"385","385","482","1"
"386","386","784","3"
"387","387","679","5"
"388","388","811","4"
"389","389","764","1"
"390","390","582","1"
"391","391","708","2"
"392","392","565","5"
"393","393","714","3"
"394","394","832","4"
"395","395","500","3"
"396","396","92","4"
"397","397","959","4"
"398","398","905","4"
"399","399","632","2"
"400","400","215","2"
"401","401","988","3"
"402","402","888","4"
"403","403","224","3"
"404","404","662","2"
"405","405","161","1"
"406","406","631","1"
"407","407","141","2"
"408","408","484","5"
"409","409","485","1"
"410","410","322","4"
"411","411","84","1"
"412","412","399","2"
"413","413","1","5"
"414","414","245","5"
"415","415","222","3"
"416","416","78","3"
"417","417","609","4"
"418","418","451","2"
"419","419","755","1"
"420","420","178","4"
"421","421","217","2"
"422","422","165","4"
"423","423","111","1"
"424","424","296","2"
"425","425","289","2"
"426","426","203","3"
"427","427","309","1"
"428","428","27","4"
"429","429","260","4"
"430","430","942","2"
"431","431","368","1"
"432","432","974","2"
"433","433","869","4"
"434","434","214","2"
"435","435","490","5"
"436","436","841","1"
"437","437","121","4"
"438","438","841","3"
"439","439","889","3"
"440","440","132","2"
"441","441","792","1"
"442","442","99","1"
"443","443","689","1"
"444","444","947","3"
"445","445","331","4"
"446","446","539","1"
"447","447","237","1"
"448","448","65","2"
"449","449","123","5"
"450","450","22","4"
"451","451","427","2"
"452","452","600","4"
"453","453","897","1"
"454","454","315","4"
"455","455","568","2"
"456","456","39","3"
"457","457","153","3"
"458","458","877","4"
"459","459","254","1"
"460","460","233","3"
"461","461","925","1"
"462","462","424","2"
"463","463","415","4"
"464","464","461","1"
"465","465","679","3"
"466","466","644","1"
"467","467","29","1"
"468","468","543","5"
"469","469","999","2"
"470","470","202","3"
"471","471","269","4"
"472","472","944","1"
"473","473","529","4"
"474","474","571","5"
"475","475","22","2"
"476","476","723","1"
"477","477","275","1"
"478","478","803","5"
"479","479","312","2"
"480","480","670","4"
"481","481","462","1"
"482","482","614","2"
"483","483","217","2"
"484","484","446","3"
"485","485","839","2"
"486","486","472","2"
"487","487","924","4"
"488","488","242","5"
"489","489","102","1"
"490","490","824","5"
"491","491","401","2"
"492","492","615","3"
"493","493","584","1"
"494","494","410","2"
"495","495","170","3"
"496","496","355","2"
"497","497","889","5"
"498","498","887","3"
"499","499","619","3"
"500","500","746","5"
"501","501","133","3"
"502","502","426","1"
"503","503","161","1"
"504","504","219","1"
"505","505","860","5"
"506","506","455","2"
"507","507","281","4"
"508","508","192","5"
"509","509","982","1"
"510","510","837","4"
"511","511","673","5"
"512","512","937","1"
"513","513","599","1"
"514","514","883","2"
"515","515","507","1"
"516","516","181","1"
"517","517","729","4"
"518","518","211","3"
"519","519","870","4"
"520","520","759","4"
"521","521","374","1"
"522","522","953","2"
"523","523","8","5"
"524","524","788","4"
"525","525","151","4"
"526","526","778","2"
"527","527","361","4"
"528","528","322","2"
"529","529","166","5"
"530","530","992","1"
"531","531","913","2"
"532","532","311","5"
"533","533","416","1"
"534","534","135","5"
"535","535","563","1"
"536","536","360","1"
"537","537","279","3"
"538","538","231","5"
"539","539","287","5"
"540","540","322","5"
"541","541","686","5"
"542","542","207","3"
"543","543","122","1"
"544","544","521","2"
"545","545","257","4"
"546","546","231","2"
"547","547","46","1"
"548","548","641","3"
"549","549","158","2"
"550","550","672","1"
"551","551","749","3"
"552","552","786","1"
"553","553","914","3"
"554","554","896","5"
"555","555","467","5"
"556","556","805","2"
"557","557","159","5"
"558","558","515","1"
"559","559","826","1"
"560","560","685","4"
"561","561","452","4"
"562","562","679","3"
"563","563","755","5"
"564","564","397","2"
"565","565","965","4"
"566","566","590","1"
"567","567","854","3"
"568","568","921","1"
"569","569","904","2"
"570","570","757","1"
"571","571","52","1"
"572","572","156","2"
"573","573","339","1"
"574","574","78","4"
"575","575","891","4"
"576","576","839","5"
"577","577","890","4"
"578","578","428","2"
"579","579","81","2"
"580","580","303","2"
"581","581","879","4"
"582","582","385","3"
"583","583","980","3"
"584","584","521","4"
"585","585","960","2"
"586","586","3","2"
"587","587","166","3"
"588","588","500","5"
"589","589","498","2"
"590","590","17","5"
"591","591","218","1"
"592","592","997","3"
"593","593","680","3"
"594","594","246","1"
"595","595","644","3"
"596","596","896","2"
"597","597","346","3"
"598","598","740","4"
"599","599","288","4"
"600","600","117","1"
"601","601","177","3"
"602","602","435","5"
"603","603","997","4"
"604","604","722","5"
"605","605","900","2"
"606","606","845","5"
"607","607","631","5"
"608","608","926","3"
"609","609","686","4"
"610","610","245","4"
"611","611","619","5"
"612","612","718","3"
"613","613","392","5"
"614","614","563","1"
"615","615","868","4"
"616","616","387","2"
"617","617","951","3"
"618","618","170","4"
"619","619","942","5"
"620","620","263","1"
"621","621","651","3"
"622","622","703","3"
"623","623","554","4"
"624","624","251","5"
"625","625","227","5"
"626","626","626","3"
"627","627","557","5"
"628","628","609","1"
"629","629","585","3"
"630","630","627","4"
"631","631","723","5"
"632","632","755","3"
"633","633","964","1"
"634","634","774","1"
"635","635","344","3"
"636","636","241","3"
"637","637","5","5"
"638","638","79","5"
"639","639","792","2"
"640","640","104","5"
"641","641","448","4"
"642","642","342","1"
"643","643","4","1"
"644","644","10","3"
"645","645","208","2"
"646","646","589","4"
"647","647","748","5"
"648","648","252","3"
"649","649","574","3"
"650","650","576","2"
"651","651","642","2"
"652","652","390","4"
"653","653","460","4"
"654","654","208","1"
"655","655","133","1"
"656","656","913","2"
"657","657","67","1"
"658","658","524","1"
"659","659","475","3"
"660","660","532","4"
"661","661","707","5"
"662","662","679","3"
"663","663","334","5"
"664","664","909","4"
"665","665","991","3"
"666","666","451","5"
"667","667","546","1"
"668","668","51","2"
"669","669","266","1"
"670","670","734","3"
"671","671","5","2"
"672","672","53","4"
"673","673","92","1"
"674","674","747","2"
"675","675","53","5"
"676","676","696","3"
"677","677","730","5"
"678","678","112","3"
"679","679","54","5"
"680","680","643","2"
"681","681","782","4"
"682","682","793","3"
"683","683","209","4"
"684","684","380","5"
"685","685","865","4"
"686","686","943","1"
"687","687","717","4"
"688","688","771","3"
"689","689","755","2"
"690","690","939","4"
"691","691","990","5"
"692","692","12","5"
"693","693","814","4"
"694","694","983","5"
"695","695","500","2"
"696","696","105","5"
"697","697","353","2"
"698","698","459","2"
"699","699","535","4"
"700","700","624","1"
"701","701","357","5"
"702","702","245","1"
"703","703","674","2"
"704","704","479","1"
"705","705","622","4"
"706","706","695","5"
"707","707","35","4"
"708","708","723","2"
"709","709","65","3"
"710","710","413","5"
"711","711","338","2"
"712","712","68","2"
"713","713","419","1"
"714","714","344","2"
"715","715","818","4"
"716","716","464","3"
"717","717","620","4"
"718","718","89","2"
"719","719","158","4"
"720","720","51","3"
"721","721","591","4"
"722","722","507","4"
"723","723","878","5"
"724","724","237","2"
"725","725","536","1"
"726","726","956","5"
"727","727","539","4"
"728","728","738","1"
"729","729","113","4"
"730","730","658","1"
"731","731","614","5"
"732","732","722","5"
"733","733","150","4"
"734","734","908","1"
"735","735","326","4"
"736","736","242","1"
"737","737","987","1"
"738","738","459","4"
"739","739","349","2"
"740","740","496","3"
"741","741","116","5"
"742","742","409","2"
"743","743","595","3"
"744","744","932","4"
"745","745","71","2"
"746","746","49","4"
"747","747","855","4"
"748","748","235","5"
"749","749","647","3"
"750","750","704","1"
"751","751","962","3"
"752","752","546","2"
"753","753","433","5"
"754","754","453","1"
"755","755","976","3"
"756","756","421","2"
"757","757","524","3"
"758","758","714","2"
"759","759","213","2"
"760","760","955","4"
"761","761","485","3"
"762","762","818","3"
"763","763","500","1"
"764","764","848","2"
"765","765","847","3"
"766","766","136","4"
"767","767","315","5"
"768","768","539","2"
"769","769","433","3"
"770","770","370","1"
"771","771","263","2"
"772","772","933","2"
"773","773","396","3"
"774","774","97","5"
"775","775","344","3"
"776","776","933","3"
"777","777","146","4"
"778","778","203","4"
"779","779","563","4"
"780","780","105","4"
"781","781","30","2"
"782","782","983","4"
"783","783","73","4"
"784","784","844","3"
"785","785","203","1"
"786","786","76","5"
"787","787","698","3"
"788","788","271","5"
"789","789","294","3"
"790","790","136","4"
"791","791","584","3"
"792","792","891","1"
"793","793","75","5"
"794","794","966","2"
"795","795","44","2"
"796","796","533","5"
"797","797","17","4"
"798","798","836","3"
"799","799","138","3"
"800","800","809","4"
"801","801","123","3"
"802","802","777","1"
"803","803","908","5"
"804","804","831","4"
"805","805","465","3"
"806","806","463","1"
"807","807","865","2"
"808","808","501","1"
"809","809","135","1"
"810","810","714","4"
"811","811","634","3"
"812","812","955","1"
"813","813","633","2"
"814","814","442","5"
"815","815","811","5"
"816","816","343","3"
"817","817","198","4"
"818","818","899","4"
"819","819","758","4"
"820","820","19","4"
"821","821","541","5"
"822","822","313","2"
"823","823","863","1"
"824","824","170","2"
"825","825","39","5"
"826","826","944","1"
"827","827","293","5"
"828","828","665","3"
"829","829","759","3"
"830","830","23","3"
"831","831","803","3"
"832","832","32","4"
"833","833","169","3"
"834","834","530","2"
"835","835","57","5"
"836","836","833","5"
"837","837","736","3"
"838","838","792","3"
"839","839","380","4"
"840","840","57","2"
"841","841","844","1"
"842","842","118","2"
"843","843","440","5"
"844","844","392","3"
"845","845","865","2"
"846","846","186","3"
"847","847","171","3"
"848","848","715","3"
"849","849","633","1"
"850","850","904","2"
"851","851","608","4"
"852","852","122","2"
"853","853","608","1"
"854","854","365","3"
"855","855","274","5"
"856","856","796","2"
"857","857","172","3"
"858","858","67","3"
"859","859","474","5"
"860","860","960","1"
"861","861","205","4"
"862","862","436","4"
"863","863","115","2"
"864","864","335","4"
"865","865","930","4"
"866","866","780","5"
"867","867","392","4"
"868","868","975","5"
"869","869","741","4"
"870","870","104","2"
"871","871","115","4"
"872","872","14","1"
"873","873","261","3"
"874","874","725","5"
"875","875","869","4"
"876","876","144","4"
"877","877","688","3"
"878","878","526","5"
"879","879","168","5"
"880","880","588","1"
"881","881","118","4"
"882","882","527","5"
"883","883","379","3"
"884","884","535","2"
"885","885","575","4"
"886","886","400","4"
"887","887","537","2"
"888","888","511","2"
"889","889","630","1"
"890","890","105","5"
"891","891","906","3"
"892","892","496","5"
"893","893","522","3"
"894","894","302","4"
"895","895","58","3"
"896","896","79","3"
"897","897","177","4"
"898","898","46","2"
"899","899","204","3"
"900","900","817","2"
"901","901","516","1"
"902","902","477","2"
"903","903","770","4"
"904","904","329","1"
"905","905","891","5"
"906","906","844","2"
"907","907","183","2"
"908","908","491","4"
"909","909","870","5"
"910","910","313","3"
"911","911","18","4"
"912","912","112","5"
"913","913","478","4"
"914","914","211","3"
"915","915","414","4"
"916","916","168","5"
"917","917","242","1"
"918","918","108","3"
"919","919","767","3"
"920","920","530","4"
"921","921","240","2"
"922","922","204","5"
"923","923","984","5"
"924","924","921","4"
"925","925","439","4"
"926","926","59","5"
"927","927","31","3"
"928","928","161","1"
"929","929","518","4"
"930","930","1000","5"
"931","931","303","4"
"932","932","440","1"
"933","933","609","1"
"934","934","125","2"
"935","935","652","2"
"936","936","319","2"
"937","937","398","5"
"938","938","907","4"
"939","939","35","1"
"940","940","97","1"
"941","941","696","1"
"942","942","359","5"
"943","943","121","2"
"944","944","972","3"
"945","945","585","1"
"946","946","759","2"
"947","947","206","5"
"948","948","923","4"
"949","949","74","3"
"950","950","229","4"
"951","951","687","1"
"952","952","996","1"
"953","953","732","4"
"954","954","512","4"
"955","955","920","5"
"956","956","232","2"
"957","957","112","5"
"958","958","982","4"
"959","959","481","5"
"960","960","304","5"
"961","961","907","2"
"962","962","134","2"
"963","963","398","1"
"964","964","49","2"
"965","965","697","5"
"966","966","96","3"
"967","967","801","5"
"968","968","406","5"
"969","969","714","1"
"970","970","599","1"
"971","971","208","4"
"972","972","10","3"
"973","973","862","1"
"974","974","694","3"
"975","975","783","4"
"976","976","70","1"
"977","977","67","4"
"978","978","555","5"
"979","979","931","3"
"980","980","965","5"
"981","981","100","5"
"982","982","506","3"
"983","983","710","3"
"984","984","592","4"
"985","985","120","5"
"986","986","803","5"
"987","987","767","2"
"988","988","291","1"
"989","989","485","2"
"990","990","828","3"
"991","991","446","2"
"992","992","836","2"
"993","993","922","5"
"994","994","975","2"
"995","995","32","1"
"996","996","990","2"
"997","997","48","1"
"998","998","273","1"
"999","999","32","5"
"1000","1000","330","5"