"id","name","category_id","price","stock"
"1","Flashdisk 15","1","3052372","43"
"2","Headset 667","1","4646410","99"
"3","Meja 849","4","3160434","52"
"4","Kamera 945","1","2742872","16"
"5","Sepatu 260","3","2561993","54"
"6","Flashdisk 464","1","3965382","25"
"7","Earphone 759","1","1722465","77"
"8","Tas 536","3","1840450","16"
"9","Printer 933","1","359424","91"
"10","Majalah 822","2","4009115","65"
"11","Powerbank 269","1","2591691","6"
"12","Pulpen 148","6","1877536","25"
"13","Komik 555","2","1349785","76"
"14","Sandal 927","3","3291681","29"
"15","Microwave 252","1","214190","57"
"16","Pulpen 390","6","4991139","3"
"17","Kaos 948","3","4253515","30"
"18","Komik 41","2","103075","18"
"19","Kulkas 448","1","3188012","48"
"20","Flashdisk 946","1","1572595","35"
"21","Printer 809","1","1432523","55"
"22","Kaos 661","3","3719366","32"
"23","Earphone 451","1","2796600","90"
"24","Topi 742","3","3398102","94"
"25","Komik 7","2","3438235","73"
"26","Tablet 876","1","1036651","41"
"27","Kaos 468","3","4538985","99"
"28","Kaos 64","3","437490","54"
"29","Jam Tangan 310","15","545591","44"
"30","Kaos 713","3","2477239","18"
"31","Jam Tangan 36","15","4406208","8"
"32","Keyboard 963","1","3737030","82"
"33","Kacamata 699","3","4926792","55"
"34","Kamera 758","1","2948942","60"
"35","Pulpen 239","6","1310351","52"
"36","Komik 12","2","2095408","77"
"37","Microwave 412","1","543623","70"
"38","Mouse 968","1","2037025","90"
"39","Topi 765","3","3574841","91"
"40","Kulkas 369","1","2378338","69"
"41","Headset 922","1","4762781","1"
"42","Microwave 176","1","1339080","8"
"43","Kaos 256","3","1660436","79"
"44","Microwave 605","1","4631000","55"
"45","Monitor 238","1","2643209","26"
"46","Microwave 656","1","4122251","75"
"47","Smartphone 187","1","4772119","9"
"48","Mouse 904","1","25600","8"
"49","Kaos 421","3","1555516","39"
"50","Meja 200","4","1535853","10"
"51","Topi 484","3","1798498","4"
"52","Mouse 328","1","2001092","6"
"53","Sepeda 375","5","2366789","26"
"54","Microwave 430","1","1430693","40"
"55","Earphone 181","1","1854081","88"
"56","Flashdisk 329","1","895424","45"
"57","Topi 220","3","2512707","35"
"58","Buku Tulis 734","2","205043","82"
"59","Microwave 34","1","1071946","12"
"60","Komik 192","2","2099133","4"
"61","Sandal 395","3","1777007","42"
"62","Jam Tangan 110","14","4974109","15"
"63","Powerbank 402","1","3369543","60"
"64","Sandal 746","3","4847979","45"
"65","Speaker 624","1","1531392","9"
"66","Majalah 69","2","3085503","24"
"67","Powerbank 307","1","3255973","47"
"68","Kaos 56","3","2243321","50"
"69","Mouse 1000","1","1983244","6"
"70","Tas 34","3","2011531","6"
"71","Sepeda 723","5","4777128","3"
"72","Helm 927","3","4666043","22"
"73","Smartphone 421","1","3286963","39"
"74","Flashdisk 503","1","4435550","0"
"75","Komik 229","2","1400961","93"
"76","Keyboard 904","1","2837796","14"
"77","Topi 167","3","3899633","79"
"78","Tas 815","3","612739","54"
"79","Earphone 570","1","2730630","50"
"80","Helm 517","3","658032","53"
"81","Speaker 159","1","35186","51"
"82","Printer 68","1","193165","81"
"83","Kacamata 885","3","2869593","9"
"84","Laptop 163","1","1827113","8"
"85","Tablet 437","1","4632940","95"
"86","Monitor 818","1","2261984","99"
"87","Lampu Meja 744","4","4701865","24"
"88","Kaos 902","3","1509943","56"
"89","Lampu Meja 906","4","482356","31"
"90","Headset 128","1","119246","37"
"91","Monitor 778","1","3528984","29"
"92","Smartphone 554","1","2128284","95"
"93","Earphone 615","1","675525","52"
"94","Tablet 588","1","1351860","26"
"95","Jam Tangan 408","8","2888549","53"
"96","Sandal 584","3","1800157","40"
"97","Lampu Meja 821","4","499847","88"
"98","Flashdisk 978","1","3858434","18"
"99","Kursi 569","4","1142787","30"
"100","Monitor 389","1","2767294","32"
"101","Powerbank 630","1","59070","68"
"102","Topi 101","3","4328824","82"
"103","Powerbank 547","1","4107167","14"
"104","Earphone 642","1","245852","19"
"105","Smartphone 570","1","4405391","28"
"106","Sepeda 338","5","774395","57"
"107","Majalah 652","2","369066","76"
"108","Majalah 247","2","4530283","33"
"109","Botol Minum 232","5","2645438","59"
"110","Kursi 290","4","4688375","48"
"111","Buku Tulis 720","2","74730","45"
"112","Kursi 724","4","2860850","100"
"113","Smartphone 703","1","525267","38"
"114","Flashdisk 82","1","3390466","49"
"115","Monitor 937","1","1711193","79"
"116","Keyboard 373","1","1526163","50"
"117","Kamera 385","1","191547","25"
"118","Tas 935","3","299082","96"
"119","Keyboard 132","1","239986","44"
"120","Kamera 173","1","2102096","34"
"121","Sepeda 625","5","43052","14"
"122","Kacamata 112","3","1016118","52"
"123","Buku Tulis 249","2","1201157","50"
"124","Monitor 206","1","1953411","63"
"125","Sepeda 537","5","926017","38"
"126","Tas 730","3","1839170","35"
"127","Jam Tangan 823","12","2221695","71"
"128","Monitor 710","1","3315674","84"
"129","Laptop 161","1","595604","17"
"130","Keyboard 695","1","586039","41"
"131","Microwave 632","1","3138671","56"
"132","Kulkas 634","1","3784023","100"
"133","Sepatu 506","3","1611302","80"
"134","Sandal 470","3","1729090","17"
"135","Kursi 172","4","370352","79"
"136","Printer 909","1","1118239","15"
"137","Sandal 305","3","886552","16"
"138","Mouse 753","1","66135","91"
"139","Jaket 459","3","3745402","60"
"140","Topi 122","3","3281165","22"
"141","Laptop 495","1","3673880","1"
"142","Sandal 941","3","1023314","26"
"143","Kulkas 911","1","881911","48"
"144","Speaker 69","1","1741207","61"
"145","Printer 703","1","1142426","83"
"146","Buku Tulis 456","2","163414","30"
"147","Topi 326","3","1785292","48"
"148","Lampu Meja 605","4","553978","97"
"149","Monitor 84","1","984312","7"
"150","Printer 251","1","2987271","15"
"151","Kamera 85","1","306881","50"
"152","Kulkas 380","1","827973","42"
"153","Sepeda 809","5","4945366","53"
"154","Helm 945","3","4999380","87"
"155","Smartphone 140","1","1590526","62"
"156","Earphone 37","1","1714195","82"
"157","Monitor 263","1","3722466","34"
"158","Helm 764","3","4626358","88"
"159","Kulkas 976","1","4171726","1"
"160","Keyboard 919","1","4684104","77"
"161","Laptop 471","1","2191235","40"
"162","Jam Tangan 918","13","1920761","4"
"163","Headset 763","1","4672191","74"
"164","Kulkas 866","1","1882132","69"
"165","Printer 489","1","3974868","61"
"166","Meja 583","4","634154","34"
"167","Topi 460","3","4282482","5"
"168","Sepeda 115","5","2354592","89"
"169","Buku Tulis 564","2","424608","44"
"170","Jam Tangan 997","8","1273569","75"
"171","Majalah 251","2","3622108","55"
"172","Headset 447","1","3630979","1"
"173","Botol Minum 855","8","4350194","65"
"174","Printer 182","1","4032958","3"
"175","Smartphone 582","1","3434791","84"
"176","Meja 674","4","4763635","76"
"177","Sepatu 857","3","2079924","58"
"178","Speaker 87","1","3638469","41"
"179","Sandal 524","3","3920854","82"
"180","Jaket 311","3","1605802","13"
"181","Speaker 846","1","1481342","11"
"182","Botol Minum 731","12","3441930","5"
"183","Kaos 44","3","4560626","96"
"184","Meja 525","4","2248066","0"
"185","Microwave 726","1","1594952","49"
"186","Sepeda 461","5","683305","51"
"187","Sepeda 819","5","4468565","59"
"188","Kamera 224","1","2831474","82"
"189","Komik 176","2","525979","33"
"190","Tablet 678","1","4593947","48"
"191","Meja 205","4","3067879","46"
"192","Sepatu 124","3","2036674","42"
"193","Kamera 530","1","2107330","28"
"194","Laptop 306","1","2983081","11"
"195","Meja 707","4","4391222","95"
"196","Laptop 807","1","2456833","11"
"197","Majalah 479","2","2310140","90"
"198","Kaos 346","3","2750017","87"
"199","Jaket 648","3","4291443","43"
"200","Kulkas 753","1","433079","58"
"201","Kamera 459","1","3165291","11"
"202","Kaos 867","3","2951748","46"
"203","Pulpen 175","6","3246060","68"
"204","Mouse 326","1","4513057","70"
"205","Jam Tangan 594","4","3797611","41"
"206","Powerbank 465","1","1872505","12"
"207","Jam Tangan 558","7","2591670","41"
"208","Komik 876","2","3069489","51"
"209","Buku Tulis 478","2","2745735","64"
"210","Powerbank 391","1","4533962","12"
"211","Powerbank 46","1","2689204","48"
"212","Tablet 8","1","1535035","25"
"213","Mouse 296","1","3974529","4"
"214","Kamera 407","1","4924862","54"
"215","Buku Tulis 707","2","3497520","55"
"216","Sandal 591","3","3562905","96"
"217","Headset 957","1","2955542","90"
"218","Laptop 673","1","1902078","64"
"219","Kamera 286","1","4403573","50"
"220","Headset 972","1","2084876","81"
"221","Kulkas 229","1","2739820","7"
"222","Meja 609","4","1988960","85"
"223","Jaket 959","3","4465562","44"
"224","Flashdisk 367","1","2521393","77"
"225","Jam Tangan 693","2","1576188","71"
"226","Headset 748","1","2260237","83"
"227","Buku Tulis 290","2","362151","47"
"228","Kursi 417","4","3183256","30"
"229","Monitor 863","1","4707231","4"
"230","Smartphone 405","1","371945","30"
"231","Mouse 759","1","3778702","65"
"232","Sepatu 789","3","3595527","20"
"233","Kaos 275","3","4929919","45"
"234","Botol Minum 286","4","582216","55"
"235","Mouse 33","1","3096640","54"
"236","Sandal 301","3","1293207","37"
"237","Pulpen 181","6","1763628","34"
"238","Lampu Meja 686","4","2599209","83"
"239","Mouse 337","1","2958269","57"
"240","Speaker 255","1","2933715","17"
"241","Kursi 979","4","2237701","93"
"242","Kaos 977","3","1558870","52"
"243","Jaket 90","3","1909285","44"
"244","Botol Minum 166","15","4172317","0"
"245","Kaos 420","3","4717763","74"
"246","Botol Minum 471","7","1536996","31"
"247","Sepatu 841","3","1049884","40"
"248","Printer 715","1","4480726","4"
"249","Speaker 314","1","1043077","64"
"250","Helm 97","3","3871297","92"
"251","Lampu Meja 606","4","1873843","11"
"252","Kulkas 112","1","2107483","21"
"253","Kamera 511","1","4179360","36"
"254","Majalah 930","2","4103419","99"
"255","Helm 316","3","497832","38"
"256","Majalah 592","2","1557808","43"
"257","Headset 461","1","248142","61"
"258","Lampu Meja 412","4","890018","92"
"259","Komik 734","2","3456148","36"
"260","Microwave 5","1","640207","98"
"261","Microwave 490","1","1418989","42"
"262","Tablet 927","1","2797094","53"
"263","Helm 193","3","3662104","16"
"264","Smartphone 863","1","805072","54"
"265","Kacamata 140","3","3438148","44"
"266","Kamera 164","1","4008259","3"
"267","Smartphone 264","1","1436504","22"
"268","Helm 770","3","1353874","15"
"269","Pulpen 380","6","4758644","29"
"270","Headset 563","1","2167119","57"
"271","Tas 872","3","1456621","60"
"272","Monitor 905","1","644004","86"
"273","Pulpen 438","6","44037","41"
"274","Kursi 760","4","1526296","12"
"275","Earphone 668","1","3578726","21"
"276","Helm 973","3","1513225","78"
"277","Flashdisk 677","1","856631","22"
"278","Lampu Meja 957","4","2292466","24"
"279","Speaker 935","1","69404","86"
"280","Microwave 888","1","3837524","27"
"281","Jaket 300","3","4970542","11"
"282","Keyboard 640","1","4798133","30"
"283","Headset 748","1","3838901","37"
"284","Monitor 955","1","999690","51"
"285","Lampu Meja 356","4","1797082","2"
"286","Smartphone 555","1","192142","21"
"287","Powerbank 717","1","2832679","54"
"288","Majalah 849","2","2294316","38"
"289","Tas 10","3","733521","12"
"290","Headset 342","1","2911871","50"
"291","Buku Tulis 932","2","1547098","51"
"292","Sepatu 510","3","4453671","95"
"293","Powerbank 837","1","3310304","62"
"294","Jaket 406","3","1828657","29"
"295","Kamera 970","1","2842990","38"
"296","Komik 846","2","3969182","50"
"297","Powerbank 399","1","1456738","11"
"298","Keyboard 358","1","4019054","73"
"299","Tas 571","3","1528775","48"
"300","Monitor 846","1","2639055","75"
"301","Headset 656","1","242392","9"
"302","Tablet 853","1","4427195","20"
"303","Laptop 311","1","3740515","39"
"304","Meja 829","4","1022047","24"
"305","Pulpen 481","6","566122","48"
"306","Microwave 451","1","4237637","68"
"307","Mouse 130","1","4863581","58"
"308","Buku Tulis 210","2","3491814","41"
"309","Powerbank 167","1","2373492","37"
"310","Jam Tangan 80","4","41135","53"
"311","Meja 996","4","4757222","44"
"312","Topi 624","3","2645978","60"
"313","Mouse 839","1","1270805","69"
"314","Printer 131","1","4278183","59"
"315","Majalah 480","2","3004147","33"
"316","Flashdisk 316","1","1743071","1"
"317","Mouse 416","1","3355709","80"
"318","Helm 526","3","930383","56"
"319","Meja 644","4","1047930","67"
"320","Tablet 87","1","3013691","19"
"321","Kursi 85","4","2570485","56"
"322","Sepatu 811","3","1446903","92"
"323","Lampu Meja 245","4","1390112","75"
"324","Flashdisk 313","1","2616285","7"
"325","Jaket 716","3","3106629","74"
"326","Keyboard 681","1","1245835","51"
"327","Keyboard 333","1","806102","52"
"328","Keyboard 109","1","399906","48"
"329","Pulpen 343","6","2424258","8"
"330","Kulkas 84","1","3021987","85"
"331","Lampu Meja 359","4","470268","41"
"332","Microwave 174","1","4339464","30"
"333","Keyboard 419","1","930907","62"
"334","Topi 838","3","465253","50"
"335","Buku Tulis 732","2","4764078","13"
"336","Meja 25","4","2439100","61"
"337","Kamera 266","1","3632706","78"
"338","Tas 505","3","1720155","29"
"339","Earphone 949","1","643790","75"
"340","Tablet 961","1","1957827","68"
"341","Kulkas 810","1","664424","57"
"342","Tablet 801","1","228867","35"
"343","Majalah 639","2","526238","43"
"344","Komik 477","2","1992452","71"
"345","Topi 223","3","1375388","4"
"346","Buku Tulis 265","2","839846","26"
"347","Monitor 327","1","1229276","14"
"348","Komik 822","2","4333162","2"
"349","Headset 972","1","3020397","65"
"350","Earphone 897","1","4591811","11"
"351","Buku Tulis 697","2","1865430","3"
"352","Pulpen 794","6","4643518","38"
"353","Mouse 888","1","1478628","32"
"354","Laptop 324","1","1012713","91"
"355","Sepeda 549","5","4824485","19"
"356","Komik 804","2","1298123","13"
"357","Majalah 976","2","4719136","16"
"358","Sepeda 403","5","2622366","93"
"359","Speaker 673","1","2873926","89"
"360","Meja 251","4","513474","70"
"361","Jam Tangan 895","11","3035503","81"
"362","Kacamata 173","3","4700445","97"
"363","Tas 780","3","2709017","59"
"364","Laptop 775","1","3444653","8"
"365","Monitor 747","1","2461000","49"
"366","Majalah 496","2","1849494","37"
"367","Laptop 320","1","3323256","59"
"368","Smartphone 956","1","3500922","35"
"369","Powerbank 227","1","558792","97"
"370","Kaos 706","3","4767395","76"
"371","Komik 258","2","1771236","25"
"372","Flashdisk 144","1","267622","33"
"373","Majalah 288","2","1672704","51"
"374","Lampu Meja 861","4","1451975","94"
"375","Jam Tangan 442","8","4007072","98"
"376","Speaker 65","1","44445","36"
"377","Sepatu 410","3","2620918","11"
"378","Sepatu 86","3","375728","94"
"379","Lampu Meja 84","4","2537750","67"
"380","Pulpen 462","6","813763","0"
"381","Sepeda 58","5","4715068","73"
"382","Laptop 752","1","4075136","87"
"383","Powerbank 408","1","1598667","92"
"384","Sandal 984","3","2840152","96"
"385","Sepeda 225","5","2340280","99"
"386","Powerbank 903","1","3283244","4"
"387","Printer 664","1","4320553","63"
"388","Meja 404","4","3097191","53"
"389","Majalah 986","2","1957404","45"
"390","Botol Minum 375","7","3701122","78"
"391","Buku Tulis 888","2","1577652","76"
"392","Sandal 332","3","3859008","4"
"393","Kursi 848","4","2333081","16"
"394","Kaos 83","3","3320421","58"
"395","Sandal 816","3","856985","100"
"396","Jam Tangan 33","4","4266950","82"
"397","Tablet 441","1","2525399","13"
"398","Mouse 284","1","3598596","81"
"399","Tablet 748","1","2713446","10"
"400","Kulkas 365","1","1875716","46"
"401","Powerbank 778","1","1572040","55"
"402","Kulkas 618","1","2032959","20"
"403","Jam Tangan 943","8","3175612","22"
"404","Majalah 385","2","559026","93"
"405","Kacamata 314","3","4566020","80"
"406","Kamera 903","1","4874740","25"
"407","Powerbank 734","1","2050901","6"
"408","Kulkas 612","1","4957927","44"
"409","Jaket 998","3","2981602","48"
"410","Smartphone 978","1","1835484","50"
"411","Sandal 978","3","2626397","90"
"412","Kacamata 335","3","542083","56"
"413","Majalah 916","2","816156","93"
"414","Komik 793","2","1153992","13"
"415","Meja 120","4","2920889","28"
"416","Majalah 599","2","1657161","21"
"417","Tablet 39","1","1767039","66"
"418","Laptop 666","1","3298541","78"
"419","Meja 317","4","842379","65"
"420","Majalah 424","2","2438115","68"
"421","Tas 858","3","2187663","50"
"422","Sandal 534","3","3675125","22"
"423","Monitor 795","1","694872","24"
"424","Kamera 872","1","2539612","2"
"425","Sepeda 727","5","3788661","28"
"426","Pulpen 689","6","3005634","46"
"427","Topi 137","3","3193888","22"
"428","Komik 160","2","3080109","87"
"429","Kulkas 682","1","1178743","40"
"430","Kacamata 939","3","3820514","88"
"431","Jam Tangan 951","15","619455","36"
"432","Pulpen 428","6","1694423","12"
"433","Keyboard 986","1","3520331","52"
"434","Kacamata 311","3","1732018","42"
"435","Laptop 52","1","3295860","19"
"436","Monitor 366","1","519811","5"
"437","Kamera 82","1","4912169","37"
"438","Majalah 694","2","2414513","69"
"439","Jam Tangan 139","1","4657870","50"
"440","Tas 488","3","958184","29"
"441","Monitor 271","1","1889610","17"
"442","Jaket 901","3","46719","84"
"443","Kulkas 644","1","808609","62"
"444","Mouse 452","1","1237462","30"
"445","Powerbank 30","1","3238976","49"
"446","Meja 611","4","1142105","75"
"447","Kursi 437","4","850831","58"
"448","Keyboard 901","1","4725270","19"
"449","Komik 503","2","3676734","24"
"450","Powerbank 868","1","201328","42"
"451","Helm 81","3","3552289","90"
"452","Botol Minum 804","1","1459344","25"
"453","Jaket 448","3","4606439","19"
"454","Powerbank 55","1","1785042","4"
"455","Sandal 240","3","4240334","36"
"456","Kacamata 753","3","334383","15"
"457","Powerbank 78","1","3743697","26"
"458","Majalah 241","2","1873949","8"
"459","Earphone 224","1","4903594","55"
"460","Pulpen 720","6","4599890","18"
"461","Kamera 259","1","4060387","33"
"462","Mouse 376","1","1961279","72"
"463","Kursi 88","4","4269985","31"
"464","Majalah 399","2","3717333","3"
"465","Jaket 925","3","522533","98"
"466","Printer 588","1","3581144","99"
"467","Smartphone 10","1","878932","90"
"468","Jam Tangan 40","15","492406","33"
"469","Majalah 915","2","4903098","38"
"470","Sepatu 414","3","1945481","80"
"471","Speaker 647","1","112629","97"
"472","Keyboard 989","1","272016","59"
"473","Tas 536","3","2290224","12"
"474","Pulpen 146","6","4554052","10"
"475","Powerbank 543","1","2542661","63"
"476","Earphone 126","1","4481012","27"
"477","Botol Minum 21","1","4219037","14"
"478","Powerbank 97","1","3854349","14"
"479","Meja 248","4","2062702","27"
"480","Kaos 650","3","3678698","54"
"481","Kacamata 727","3","1165811","58"
"482","Sepeda 699","5","2642958","97"
"483","Laptop 303","1","1065379","85"
"484","Mouse 492","1","2956173","23"
"485","Pulpen 829","6","4712196","26"
"486","Kursi 27","4","2496639","62"
"487","Jam Tangan 698","15","3820940","81"
"488","Buku Tulis 704","2","2218081","91"
"489","Mouse 524","1","2730647","70"
"490","Helm 377","3","868527","9"
"491","Pulpen 120","6","4628678","49"
"492","Botol Minum 861","7","1370748","37"
"493","Mouse 960","1","1911187","15"
"494","Microwave 831","1","3599536","73"
"495","Buku Tulis 880","2","4066032","92"
"496","Komik 727","2","660151","32"
"497","Botol Minum 157","11","3122650","44"
"498","Powerbank 496","1","2885324","54"
"499","Helm 499","3","2077532","17"
"500","Laptop 142","1","1999000","1"
"501","Meja 498","4","1262686","45"
"502","Kaos 894","3","3540702","93"
"503","Mouse 832","1","2847633","5"
"504","Monitor 871","1","3643828","28"
"505","Tas 699","3","660052","90"
"506","Mouse 152","1","3839930","40"
"507","Lampu Meja 97","4","2517200","55"
"508","Jam Tangan 807","5","2687995","91"
"509","Majalah 31","2","677303","24"
"510","Kamera 942","1","4082189","0"
"511","Sandal 429","3","2718556","100"
"512","Meja 44","4","917541","44"
"513","Kulkas 912","1","3602131","5"
"514","Smartphone 827","1","4610016","85"
"515","Meja 528","4","2898143","12"
"516","Printer 200","1","4064893","75"
"517","Sepeda 726","5","1797970","24"
"518","Sepatu 139","3","790888","75"
"519","Smartphone 452","1","1049374","81"
"520","Kacamata 338","3","4958169","51"
"521","Helm 55","3","4533135","74"
"522","Earphone 279","1","3365868","62"
"523","Lampu Meja 324","4","1518679","30"
"524","Mouse 15","1","1408768","70"
"525","Monitor 203","1","2252106","48"
"526","Sepeda 814","5","3041103","1"
"527","Kulkas 315","1","277137","95"
"528","Kacamata 179","3","88378","95"
"529","Earphone 823","1","3703820","14"
"530","Pulpen 960","6","3160023","6"
"531","Lampu Meja 873","4","4281333","89"
"532","Smartphone 461","1","446246","99"
"533","Laptop 285","1","4912705","95"
"534","Microwave 327","1","4916542","22"
"535","Speaker 545","1","4637249","45"
"536","Helm 810","3","316320","2"
"537","Jaket 318","3","424515","49"
"538","Topi 593","3","1808726","18"
"539","Headset 427","1","4557842","21"
"540","Kursi 122","4","3140157","64"
"541","Kaos 709","3","4295881","75"
"542","Earphone 778","1","142151","21"
"543","Mouse 552","1","2884140","50"
"544","Kaos 191","3","279063","34"
"545","Jaket 252","3","4775236","93"
"546","Jam Tangan 737","11","541677","6"
"547","Smartphone 262","1","4818869","62"
"548","Kaos 221","3","1294743","66"
"549","Printer 256","1","3173231","52"
"550","Powerbank 364","1","2590017","12"
"551","Mouse 675","1","3073962","30"
"552","Smartphone 747","1","2496301","61"
"553","Topi 230","3","1254826","11"
"554","Monitor 466","1","3286327","56"
"555","Monitor 58","1","2954675","57"
"556","Flashdisk 439","1","1176110","47"
"557","Helm 589","3","2711172","22"
"558","Kaos 561","3","3666677","38"
"559","Kamera 600","1","4508984","25"
"560","Keyboard 680","1","265530","52"
"561","Speaker 307","1","1292699","66"
"562","Sepatu 398","3","1529897","84"
"563","Kursi 950","4","115669","65"
"564","Laptop 332","1","2225609","69"
"565","Keyboard 877","1","701820","21"
"566","Jaket 436","3","4903219","67"
"567","Tablet 328","1","1507134","44"
"568","Printer 265","1","3614688","75"
"569","Monitor 83","1","2400944","61"
"570","Headset 77","1","1513202","29"
"571","Helm 758","3","2128488","60"
"572","Speaker 503","1","4236351","13"
"573","Kamera 404","1","4899484","21"
"574","Majalah 347","2","1334176","14"
"575","Smartphone 427","1","536985","98"
"576","Meja 605","4","2043292","40"
"577","Botol Minum 596","7","785415","16"
"578","Headset 914","1","3193619","99"
"579","Kamera 703","1","1739188","14"
"580","Helm 454","3","3364894","7"
"581","Kursi 555","4","4585393","56"
"582","Flashdisk 911","1","4343977","86"
"583","Komik 708","2","2095477","88"
"584","Powerbank 133","1","134401","9"
"585","Jam Tangan 125","7","3476555","67"
"586","Jaket 627","3","2893644","41"
"587","Lampu Meja 185","4","4592940","20"
"588","Tas 926","3","4580053","95"
"589","Lampu Meja 401","4","647861","77"
"590","Komik 992","2","141758","7"
"591","Keyboard 498","1","2035761","50"
"592","Powerbank 156","1","88886","90"
"593","Sepatu 123","3","4406854","32"
"594","Tas 748","3","4259694","43"
"595","Kamera 781","1","3879796","61"
"596","Komik 630","2","1074126","94"
"597","Sepeda 45","5","4907048","76"
"598","Kamera 408","1","3098640","33"
"599","Sandal 531","3","1420876","47"
"600","Powerbank 317","1","4751378","73"
"601","Sepeda 815","5","3369631","87"
"602","Jam Tangan 656","1","2400174","47"
"603","Kacamata 281","3","4303958","39"
"604","Powerbank 170","1","4846060","93"
"605","Jaket 838","3","4501793","20"
"606","Powerbank 211","1","618439","35"
"607","Powerbank 4","1","4989543","44"
"608","Pulpen 784","6","3070142","42"
"609","Earphone 43","1","4434133","27"
"610","Topi 878","3","568645","86"
"611","Monitor 823","1","4424148","20"
"612","Sandal 855","3","3130827","50"
"613","Kulkas 637","1","4985745","81"
"614","Earphone 26","1","3580883","11"
"615","Komik 493","2","2839408","22"
"616","Powerbank 618","1","3752863","2"
"617","Meja 99","4","563171","59"
"618","Jam Tangan 784","14","4119686","32"
"619","Kulkas 703","1","4247150","45"
"620","Kacamata 128","3","4282084","63"
"621","Komik 405","2","1999308","34"
"622","Buku Tulis 804","2","1212927","18"
"623","Microwave 944","1","3138382","21"
"624","Smartphone 801","1","2385770","42"
"625","Jam Tangan 992","11","376449","93"
"626","Smartphone 3","1","2053842","80"
"627","Buku Tulis 90","2","4515273","5"
"628","Botol Minum 423","6","2211919","1"
"629","Earphone 813","1","4674529","17"
"630","Kulkas 666","1","4647572","77"
"631","Botol Minum 574","8","4813284","50"
"632","Kamera 505","1","929836","77"
"633","Mouse 804","1","4036436","23"
"634","Helm 728","3","1693968","82"
"635","Tablet 369","1","2810016","87"
"636","Komik 989","2","4587773","62"
"637","Mouse 584","1","4555732","95"
"638","Sandal 635","3","2026908","34"
"639","Jaket 877","3","456622","25"
"640","Kursi 219","4","1631262","96"
"641","Kursi 445","4","2715473","18"
"642","Microwave 222","1","4153300","28"
"643","Kaos 311","3","1693094","77"
"644","Lampu Meja 528","4","2605848","81"
"645","Mouse 810","1","4275650","20"
"646","Kaos 971","3","1172742","77"
"647","Meja 758","4","3363524","12"
"648","Laptop 721","1","2439301","65"
"649","Kulkas 5","1","4439560","58"
"650","Topi 800","3","4729907","98"
"651","Kaos 230","3","1578470","20"
"652","Powerbank 523","1","3923123","58"
"653","Laptop 535","1","2968871","42"
"654","Helm 933","3","3048924","82"
"655","Sandal 935","3","279725","16"
"656","Helm 490","3","897237","36"
"657","Mouse 274","1","1022402","10"
"658","Sandal 391","3","377731","90"
"659","Kaos 374","3","1564767","41"
"660","Kulkas 216","1","1764906","22"
"661","Kacamata 682","3","312671","16"
"662","Powerbank 54","1","1818032","80"
"663","Sepatu 711","3","206680","19"
"664","Kaos 915","3","1324720","33"
"665","Sepatu 182","3","4805733","54"
"666","Pulpen 473","6","2934500","42"
"667","Majalah 933","2","3980800","97"
"668","Helm 433","3","1327541","91"
"669","Jaket 559","3","4379513","86"
"670","Monitor 537","1","1385135","12"
"671","Meja 888","4","428936","26"
"672","Laptop 796","1","4772650","41"
"673","Botol Minum 64","8","40304","76"
"674","Headset 898","1","3038029","59"
"675","Powerbank 938","1","1438673","56"
"676","Sepatu 154","3","1447540","35"
"677","Komik 481","2","1438862","11"
"678","Speaker 864","1","4760419","64"
"679","Speaker 428","1","153496","2"
"680","Speaker 219","1","3808076","13"
"681","Laptop 112","1","687581","13"
"682","Keyboard 841","1","2996585","47"
"683","Sepatu 614","3","1097311","68"
"684","Kacamata 426","3","1985375","99"
"685","Kamera 8","1","4536633","13"
"686","Smartphone 827","1","4708004","12"
"687","Meja 111","4","1785078","51"
"688","Mouse 345","1","2402536","94"
"689","Kulkas 967","1","810318","14"
"690","Smartphone 463","1","2013713","88"
"691","Komik 618","2","4464545","33"
"692","Helm 506","3","4159144","79"
"693","Mouse 397","1","4671794","56"
"694","Earphone 576","1","4421359","42"
"695","Helm 750","3","4861595","18"
"696","Meja 156","4","3874545","61"
"697","Kamera 69","1","2168277","16"
"698","Komik 806","2","1669659","5"
"699","Helm 982","3","2728860","30"
"700","Topi 353","3","3360271","69"
"701","Laptop 651","1","1118215","5"
"702","Mouse 793","1","3577139","54"
"703","Jaket 894","3","1071131","74"
"704","Kursi 202","4","3925881","58"
"705","Sandal 879","3","1567431","37"
"706","Kacamata 743","3","1628353","72"
"707","Monitor 587","1","1621184","8"
"708","Jaket 127","3","1624515","33"
"709","Lampu Meja 425","4","4314929","3"
"710","Monitor 827","1","2063781","84"
"711","Headset 938","1","2899001","81"
"712","Kamera 103","1","2450731","44"
"713","Sepeda 474","5","2174874","31"
"714","Kacamata 843","3","1113594","10"
"715","Komik 930","2","2020340","93"
"716","Majalah 243","2","1480325","31"
"717","Sepeda 4","5","1029845","48"
"718","Kaos 76","3","4445721","2"
"719","Flashdisk 777","1","449957","1"
"720","Jaket 224","3","369308","48"
"721","Majalah 396","2","4491153","99"
"722","Kacamata 252","3","2016278","50"
"723","Tablet 693","1","4232735","40"
"724","Smartphone 826","1","4024718","47"
"725","Headset 846","1","4315779","0"
"726","Mouse 550","1","3119740","78"
"727","Meja 577","4","4372591","78"
"728","Smartphone 76","1","4138532","96"
"729","Kamera 692","1","3909325","0"
"730","Mouse 821","1","860393","78"
"731","Earphone 919","1","645209","85"
"732","Tas 774","3","2723270","14"
"733","Sandal 180","3","1429607","33"
"734","Meja 679","4","2106976","78"
"735","Kaos 121","3","4513891","3"
"736","Keyboard 448","1","2150373","13"
"737","Smartphone 163","1","3697114","89"
"738","Botol Minum 506","15","1793394","6"
"739","Meja 542","4","4533169","31"
"740","Laptop 608","1","3307716","30"
"741","Keyboard 887","1","1117350","53"
"742","Topi 103","3","1760332","8"
"743","Headset 148","1","2111825","3"
"744","Powerbank 310","1","4206285","67"
"745","Printer 884","1","1433687","42"
"746","Sepeda 143","5","2492231","100"
"747","Komik 423","2","3635182","4"
"748","Jaket 943","3","149084","42"
"749","Kulkas 732","1","3562245","9"
"750","Keyboard 71","1","4135850","99"
"751","Speaker 899","1","2639046","26"
"752","Laptop 738","1","4224688","74"
"753","Monitor 330","1","858253","41"
"754","Mouse 84","1","945134","52"
"755","Microwave 560","1","2837860","13"
"756","Kaos 288","3","2165301","38"
"757","Majalah 853","2","4717992","28"
"758","Mouse 944","1","4511126","88"
"759","Printer 427","1","2699679","56"
"760","Flashdisk 935","1","4201518","62"
"761","Majalah 971","2","4716096","94"
"762","Laptop 267","1","606977","87"
"763","Komik 244","2","1014338","87"
"764","Kacamata 290","3","4379566","35"
"765","Earphone 924","1","1301630","72"
"766","Kamera 417","1","3298608","71"
"767","Speaker 766","1","3832895","24"
"768","Printer 355","1","2987408","43"
"769","Kacamata 684","3","319275","100"
"770","Flashdisk 763","1","206977","81"
"771","Mouse 10","1","4380705","63"
"772","Kamera 304","1","3837970","99"
"773","Meja 963","4","806503","44"
"774","Microwave 614","1","667023","85"
"775","Kacamata 191","3","1322524","59"
"776","Printer 490","1","1791002","89"
"777","Monitor 744","1","1465098","98"
"778","Monitor 589","1","3422770","45"
"779","Laptop 378","1","3266401","39"
"780","Flashdisk 728","1","3989404","47"
"781","Lampu Meja 439","4","2098689","74"
"782","Sandal 436","3","309192","25"
"783","Headset 101","1","732412","56"
"784","Helm 52","3","1739615","28"
"785","Kacamata 694","3","3281252","30"
"786","Sepeda 445","5","2454900","44"
"787","Lampu Meja 496","4","4725516","15"
"788","Printer 50","1","3322573","41"
"789","Buku Tulis 803","2","3334846","39"
"790","Kacamata 637","3","4585302","74"
"791","Flashdisk 712","1","508480","12"
"792","Printer 530","1","1781712","74"
"793","Flashdisk 407","1","153194","80"
"794","Botol Minum 610","7","4017688","22"
"795","Flashdisk 627","1","1617550","83"
"796","Smartphone 426","1","2756473","87"
"797","Speaker 885","1","2600416","51"
"798","Mouse 447","1","2812827","66"
"799","Mouse 264","1","3054480","15"
"800","Kulkas 525","1","3870132","23"
"801","Speaker 652","1","4176990","70"
"802","Monitor 20","1","4977800","19"
"803","Buku Tulis 201","2","384269","54"
"804","Laptop 712","1","333832","18"
"805","Keyboard 142","1","4446879","10"
"806","Kulkas 932","1","233849","40"
"807","Monitor 803","1","337505","82"
"808","Mouse 747","1","80445","75"
"809","Headset 295","1","3942762","79"
"810","Sandal 777","3","1776414","50"
"811","Meja 588","4","436211","72"
"812","Komik 952","2","2765878","60"
"813","Kacamata 397","3","4346610","91"
"814","Headset 667","1","282240","57"
"815","Laptop 468","1","4757721","4"
"816","Kamera 295","1","3973003","6"
"817","Laptop 812","1","2075131","43"
"818","Majalah 482","2","2815631","62"
"819","Tablet 395","1","686529","0"
"820","Buku Tulis 180","2","2826440","51"
"821","Pulpen 910","6","762787","83"
"822","Flashdisk 831","1","2406041","79"
"823","Microwave 202","1","2465557","100"
"824","Microwave 2","1","4022143","35"
"825","Printer 104","1","4498964","71"
"826","Sepeda 204","5","1998756","65"
"827","Tas 569","3","141442","14"
"828","Buku Tulis 799","2","3454638","31"
"829","Sandal 123","3","4555687","27"
"830","Lampu Meja 732","4","3783756","69"
"831","Tablet 32","1","2145361","5"
"832","Sepatu 500","3","524025","66"
"833","Earphone 237","1","374250","91"
"834","Microwave 645","1","2784094","5"
"835","Jaket 396","3","3966604","90"
"836","Mouse 830","1","208307","96"
"837","Powerbank 880","1","3030527","68"
"838","Speaker 294","1","1911673","43"
"839","Kaos 898","3","4313529","6"
"840","Tas 694","3","1018277","58"
"841","Botol Minum 911","15","1608860","81"
"842","Mouse 240","1","3640458","36"
"843","Mouse 623","1","2759034","21"
"844","Topi 397","3","2339476","36"
"845","Kaos 37","3","3762180","90"
"846","Pulpen 843","6","3765442","19"
"847","Mouse 337","1","3831183","96"
"848","Kacamata 848","3","3939389","15"
"849","Sandal 308","3","837839","34"
"850","Keyboard 357","1","899995","14"
"851","Earphone 392","1","4642628","45"
"852","Majalah 233","2","4893284","70"
"853","Kursi 416","4","2266663","2"
"854","Kursi 96","4","3540223","67"
"855","Topi 714","3","2772352","17"
"856","Jam Tangan 793","8","4362180","15"
"857","Earphone 134","1","2021798","73"
"858","Monitor 375","1","3441281","58"
"859","Speaker 90","1","3843504","35"
"860","Botol Minum 157","3","1353941","29"
"861","Microwave 794","1","3566627","17"
"862","Printer 125","1","3937280","70"
"863","Sepeda 128","5","4974753","55"
"864","Monitor 295","1","1847236","56"
"865","Sandal 328","3","979490","1"
"866","Kacamata 631","3","1967322","46"
"867","Tas 37","3","2672652","35"
"868","Jaket 63","3","4353629","74"
"869","Jaket 292","3","1448266","18"
"870","Flashdisk 811","1","3333994","63"
"871","Buku Tulis 384","2","4859080","36"
"872","Speaker 228","1","3990756","40"
"873","Printer 793","1","2092193","74"
"874","Powerbank 212","1","859207","64"
"875","Komik 832","2","2701929","29"
"876","Tas 895","3","2973839","42"
"877","Tablet 266","1","4584951","12"
"878","Mouse 723","1","4465926","0"
"879","Sepeda 41","5","2505584","91"
"880","Sandal 969","3","3970780","20"
"881","Kaos 950","3","1153161","37"
"882","Majalah 907","2","2303920","52"
"883","Powerbank 342","1","4087016","91"
"884","Earphone 911","1","4644579","82"
"885","Kursi 361","4","4219130","16"
"886","Laptop 651","1","3186824","78"
"887","Tablet 958","1","1288703","60"
"888","Buku Tulis 526","2","4704153","61"
"889","Kulkas 987","1","2908375","73"
"890","Speaker 850","1","4144500","38"
"891","Earphone 237","1","3647109","74"
"892","Sepeda 462","5","2853286","12"
"893","Jam Tangan 468","6","3074393","29"
"894","Meja 491","4","4026919","26"
"895","Flashdisk 17","1","2996233","59"
"896","Sepeda 779","5","606950","74"
"897","Kacamata 276","3","1395406","53"
"898","Flashdisk 691","1","2124980","22"
"899","Kulkas 160","1","919449","31"
"900","Headset 186","1","3595028","63"
"901","Earphone 383","1","284836","48"
"902","Headset 808","1","1417771","31"
"903","Earphone 840","1","771243","42"
"904","Jaket 143","3","4269541","3"
"905","Kaos 924","3","1737499","33"
"906","Tablet 265","1","4894486","9"
"907","Flashdisk 701","1","399429","8"
"908","Sepeda 636","5","4052039","14"
"909","Kacamata 138","3","2446117","34"
"910","Tas 160","3","715028","29"
"911","Sepatu 215","3","1211666","69"
"912","Topi 717","3","2586561","62"
"913","Powerbank 981","1","1486260","91"
"914","Mouse 156","1","1247174","79"
"915","Flashdisk 516","1","2392757","58"
"916","Pulpen 476","6","800726","24"
"917","Keyboard 448","1","1576115","93"
"918","Monitor 656","1","3081829","86"
"919","Microwave 697","1","3574778","1"
"920","Komik 546","2","4028639","97"
"921","Headset 554","1","2761654","62"
"922","Buku Tulis 318","2","616082","56"
"923","Botol Minum 671","8","1112551","61"
"924","Buku Tulis 885","2","1092548","43"
"925","Meja 617","4","4472929","26"
"926","Microwave 900","1","145619","3"
"927","Jaket 802","3","1425534","46"
"928","Speaker 572","1","2168076","84"
"929","Sandal 975","3","4737212","60"
"930","Powerbank 834","1","4833854","66"
"931","Laptop 738","1","2043364","38"
"932","Powerbank 521","1","2309478","23"
"933","Botol Minum 757","3","1614795","39"
"934","Topi 938","3","3894175","19"
"935","Jaket 721","3","451880","23"
"936","Tablet 714","1","1675182","0"
"937","Topi 855","3","4085322","44"
"938","Topi 674","3","3712390","43"
"939","Kulkas 931","1","2443006","32"
"940","Kulkas 281","1","2448019","69"
"941","Printer 268","1","4812121","91"
"942","Topi 901","3","56396","98"
"943","Botol Minum 227","3","758780","14"
"944","Topi 732","3","2567731","2"
"945","Kulkas 103","1","3908892","51"
"946","Kacamata 152","3","3693617","59"
"947","Printer 988","1","4440103","54"
"948","Kursi 850","4","1037830","45"
"949","Pulpen 118","6","2705926","39"
"950","Komik 738","2","4054628","62"
"951","Jaket 419","3","2113606","21"
"952","Flashdisk 379","1","735339","73"
"953","Sepeda 981","5","711054","20"
"954","Microwave 601","1","3495306","74"
"955","Lampu Meja 289","4","3718778","46"
"956","Kulkas 594","1","2061718","3"
"957","Komik 453","2","1703211","11"
"958","Buku Tulis 556","2","1652452","98"
"959","Jam Tangan 938","6","2980744","49"
"960","Speaker 573","1","2783405","8"
"961","Meja 641","4","2060693","87"
"962","Meja 877","4","4904447","1"
"963","Tas 975","3","3832406","50"
"964","Microwave 222","1","1107125","69"
"965","Sepatu 396","3","3986145","47"
"966","Majalah 722","2","2011324","5"
"967","Flashdisk 738","1","4942483","74"
"968","Kaos 991","3","618323","72"
"969","Earphone 38","1","2512477","71"
"970","Laptop 33","1","4045738","24"
"971","Laptop 471","1","4834940","5"
"972","Majalah 323","2","3013843","54"
"973","Kacamata 471","3","3071186","66"
"974","Majalah 142","2","1576384","85"
"975","Powerbank 301","1","2731962","65"
"976","Lampu Meja 313","4","545440","68"
"977","Jaket 259","3","2425966","93"
"978","Keyboard 136","1","3959578","27"
"979","Printer 700","1","4084733","69"
"980","Laptop 604","1","1383598","90"
"981","Laptop 305","1","1836407","21"
"982","Earphone 605","1","4625244","57"
"983","Helm 226","3","4515487","98"
"984","Topi 828","3","220162","19"
"985","Kursi 283","4","1371789","32"
"986","Helm 90","3","1515627","92"
"987","Botol Minum 141","13","2806907","7"
"988","Kamera 781","1","4455948","0"
"989","Speaker 442","1","4372758","82"
"990","Printer 513","1","1646369","57"
"991","Speaker 990","1","242060","83"
"992","Komik 362","2","2233027","95"
"993","Headset 787","1","3900504","59"
"994","Tablet 332","1","1208449","56"
"995","Kulkas 67","1","4907570","74"
"996","Headset 933","1","4278575","40"
"997","Kamera 705","1","198300","37"
"998","Buku Tulis 276","2","4315330","24"
"999","Kursi 558","4","1795484","55"
"1000","Mouse 532","1","4015688","82"