"id","user_id","product_id","rating","review_text"
"1","796","630","4","Review produk nomor 1"
"2","6","1","2","Review produk nomor 2"
"3","276","147","1","Review produk nomor 3"
"4","673","401","4","Review produk nomor 4"
"5","610","715","4","Review produk nomor 5"
"6","807","310","2","Review produk nomor 6"
"7","797","822","5","Review produk nomor 7"
"8","616","128","4","Review produk nomor 8"
"9","396","370","4","Review produk nomor 9"
"10","482","118","5","Review produk nomor 10"
"11","587","838","5","Review produk nomor 11"
"12","33","467","1","Review produk nomor 12"
"13","276","526","4","Review produk nomor 13"
"14","689","797","2","Review produk nomor 14"
"15","998","255","5","Review produk nomor 15"
"16","438","536","3","Review produk nomor 16"
"17","471","502","5","Review produk nomor 17"
"18","359","432","1","Review produk nomor 18"
"19","844","522","2","Review produk nomor 19"
"20","398","231","1","Review produk nomor 20"
"21","796","895","4","Review produk nomor 21"
"22","872","18","5","Review produk nomor 22"
"23","618","76","1","Review produk nomor 23"
"24","843","210","1","Review produk nomor 24"
"25","575","794","2","Review produk nomor 25"
"26","237","784","3","Review produk nomor 26"
"27","512","827","1","Review produk nomor 27"
"28","782","93","5","Review produk nomor 28"
"29","160","473","1","Review produk nomor 29"
"30","438","30","5","Review produk nomor 30"
"31","384","584","2","Review produk nomor 31"
"32","937","3","5","Review produk nomor 32"
"33","72","832","1","Review produk nomor 33"
"34","506","735","3","Review produk nomor 34"
"35","528","589","1","Review produk nomor 35"
"36","41","639","2","Review produk nomor 36"
"37","216","817","3","Review produk nomor 37"
"38","511","250","3","Review produk nomor 38"
"39","817","603","1","Review produk nomor 39"
"40","708","727","4","Review produk nomor 40"
"41","963","60","5","Review produk nomor 41"
"42","6","435","5","Review produk nomor 42"
"43","199","759","5","Review produk nomor 43"
"44","782","833","5","Review produk nomor 44"
"45","739","777","4","Review produk nomor 45"
"46","84","657","1","Review produk nomor 46"
"47","991","759","1","Review produk nomor 47"
"48","310","657","1","Review produk nomor 48"
"49","703","45","2","Review produk nomor 49"
"50","208","452","4","Review produk nomor 50"
"51","806","882","5","Review produk nomor 51"
"52","986","712","3","Review produk nomor 52"
"53","328","335","3","Review produk nomor 53"
"54","819","421","1","Review produk nomor 54"
"55","622","356","4","Review produk nomor 55"
"56","831","869","1","Review produk nomor 56"
"57","641","880","5","Review produk nomor 57"
"58","843","37","2","Review produk nomor 58"
"59","933","325","1","Review produk nomor 59"
"60","262","225","3","Review produk nomor 60"
"61","613","449","3","Review produk nomor 61"
"62","351","495","5","Review produk nomor 62"
"63","125","517","2","Review produk nomor 63"
"64","338","760","5","Review produk nomor 64"
"65","789","397","3","Review produk nomor 65"
"66","977","472","5","Review produk nomor 66"
"67","640","740","2","Review produk nomor 67"
"68","777","639","4","Review produk nomor 68"
"69","406","120","4","Review produk nomor 69"
"70","772","184","3","Review produk nomor 70"
"71","250","636","4","Review produk nomor 71"
"72","812","163","5","Review produk nomor 72"
"73","757","5","1","Review produk nomor 73"
"74","303","265","3","Review produk nomor 74"
"75","666","684","3","Review produk nomor 75"
"76","41","313","5","Review produk nomor 76"
"77","370","436","3","Review produk nomor 77"
"78","575","872","3","Review produk nomor 78"
"79","855","612","5","Review produk nomor 79"
"80","669","23","2","Review produk nomor 80"
"81","662","806","5","Review produk nomor 81"
"82","342","473","3","Review produk nomor 82"
"83","635","310","4","Review produk nomor 83"
"84","469","414","3","Review produk nomor 84"
"85","705","780","1","Review produk nomor 85"
"86","79","670","1","Review produk nomor 86"
"87","518","770","2","Review produk nomor 87"
"88","572","913","3","Review produk nomor 88"
"89","406","294","3","Review produk nomor 89"
"90","71","551","5","Review produk nomor 90"
"91","472","807","5","Review produk nomor 91"
"92","651","73","5","Review produk nomor 92"
"93","490","507","1","Review produk nomor 93"
"94","942","681","4","Review produk nomor 94"
"95","730","536","1","Review produk nomor 95"
"96","783","236","1","Review produk nomor 96"
"97","265","523","4","Review produk nomor 97"
"98","393","921","2","Review produk nomor 98"
"99","590","848","1","Review produk nomor 99"
"100","671","74","2","Review produk nomor 100"
"101","606","940","5","Review produk nomor 101"
"102","982","894","2","Review produk nomor 102"
"103","34","250","1","Review produk nomor 103"
"104","932","716","1","Review produk nomor 104"
"105","179","910","5","Review produk nomor 105"
"106","777","255","2","Review produk nomor 106"
"107","680","10","1","Review produk nomor 107"
"108","791","57","5","Review produk nomor 108"
"109","456","937","5","Review produk nomor 109"
"110","477","929","2","Review produk nomor 110"
"111","594","139","2","Review produk nomor 111"
"112","411","690","1","Review produk nomor 112"
"113","540","274","2","Review produk nomor 113"
"114","899","754","4","Review produk nomor 114"
"115","790","148","4","Review produk nomor 115"
"116","755","507","4","Review produk nomor 116"
"117","225","157","5","Review produk nomor 117"
"118","844","599","4","Review produk nomor 118"
"119","233","772","4","Review produk nomor 119"
"120","94","905","4","Review produk nomor 120"
"121","448","618","1","Review produk nomor 121"
"122","561","253","4","Review produk nomor 122"
"123","546","574","2","Review produk nomor 123"
"124","38","384","2","Review produk nomor 124"
"125","255","482","4","Review produk nomor 125"
"126","699","490","1","Review produk nomor 126"
"127","461","302","2","Review produk nomor 127"
"128","310","465","1","Review produk nomor 128"
"129","147","381","4","Review produk nomor 129"
"130","992","496","3","Review produk nomor 130"
"131","697","700","1","Review produk nomor 131"
"132","199","605","3","Review produk nomor 132"
"133","148","748","2","Review produk nomor 133"
"134","50","678","5","Review produk nomor 134"
"135","275","544","2","Review produk nomor 135"
"136","274","713","3","Review produk nomor 136"
"137","123","583","4","Review produk nomor 137"
"138","522","310","5","Review produk nomor 138"
"139","981","666","1","Review produk nomor 139"
"140","801","973","2","Review produk nomor 140"
"141","147","669","2","Review produk nomor 141"
"142","791","174","1","Review produk nomor 142"
"143","414","118","3","Review produk nomor 143"
"144","176","695","2","Review produk nomor 144"
"145","797","198","1","Review produk nomor 145"
"146","366","286","1","Review produk nomor 146"
"147","994","609","5","Review produk nomor 147"
"148","132","676","5","Review produk nomor 148"
"149","28","773","5","Review produk nomor 149"
"150","618","412","1","Review produk nomor 150"
"151","563","109","3","Review produk nomor 151"
"152","490","478","2","Review produk nomor 152"
"153","73","256","3","Review produk nomor 153"
"154","614","45","5","Review produk nomor 154"
"155","928","10","4","Review produk nomor 155"
"156","433","453","2","Review produk nomor 156"
"157","408","389","1","Review produk nomor 157"
"158","201","6","1","Review produk nomor 158"
"159","303","77","5","Review produk nomor 159"
"160","361","336","5","Review produk nomor 160"
"161","760","939","4","Review produk nomor 161"
"162","847","379","3","Review produk nomor 162"
"163","718","595","1","Review produk nomor 163"
"164","457","414","4","Review produk nomor 164"
"165","165","439","1","Review produk nomor 165"
"166","288","108","1","Review produk nomor 166"
"167","394","717","4","Review produk nomor 167"
"168","51","439","2","Review produk nomor 168"
"169","278","275","4","Review produk nomor 169"
"170","346","702","1","Review produk nomor 170"
"171","48","221","4","Review produk nomor 171"
"172","876","861","4","Review produk nomor 172"
"173","239","903","2","Review produk nomor 173"
"174","590","787","4","Review produk nomor 174"
"175","50","975","1","Review produk nomor 175"
"176","455","698","1","Review produk nomor 176"
"177","837","799","3","Review produk nomor 177"
"178","361","824","1","Review produk nomor 178"
"179","353","289","3","Review produk nomor 179"
"180","287","499","5","Review produk nomor 180"
"181","865","847","3","Review produk nomor 181"
"182","810","544","3","Review produk nomor 182"
"183","603","948","3","Review produk nomor 183"
"184","457","851","1","Review produk nomor 184"
"185","905","726","5","Review produk nomor 185"
"186","584","851","3","Review produk nomor 186"
"187","829","708","3","Review produk nomor 187"
"188","545","561","5","Review produk nomor 188"
"189","336","363","1","Review produk nomor 189"
"190","353","422","3","Review produk nomor 190"
"191","608","754","1","Review produk nomor 191"
"192","79","387","4","Review produk nomor 192"
"193","634","321","3","Review produk nomor 193"
"194","983","988","5","Review produk nomor 194"
"195","806","374","2","Review produk nomor 195"
"196","401","542","1","Review produk nomor 196"
"197","46","976","5","Review produk nomor 197"
"198","536","347","2","Review produk nomor 198"
"199","569","331","4","Review produk nomor 199"
"200","4","630","4","Review produk nomor 200"
"201","375","94","4","Review produk nomor 201"
"202","418","859","4","Review produk nomor 202"
"203","197","941","2","Review produk nomor 203"
"204","181","200","3","Review produk nomor 204"
"205","89","700","4","Review produk nomor 205"
"206","58","271","1","Review produk nomor 206"
"207","751","951","1","Review produk nomor 207"
"208","695","32","4","Review produk nomor 208"
"209","96","176","3","Review produk nomor 209"
"210","149","353","1","Review produk nomor 210"
"211","987","796","2","Review produk nomor 211"
"212","663","680","2","Review produk nomor 212"
"213","728","561","1","Review produk nomor 213"
"214","561","175","2","Review produk nomor 214"
"215","718","742","2","Review produk nomor 215"
"216","860","696","1","Review produk nomor 216"
"217","734","288","2","Review produk nomor 217"
"218","923","334","5","Review produk nomor 218"
"219","760","591","3","Review produk nomor 219"
"220","709","514","5","Review produk nomor 220"
"221","148","770","5","Review produk nomor 221"
"222","803","656","4","Review produk nomor 222"
"223","557","894","3","Review produk nomor 223"
"224","572","334","3","Review produk nomor 224"
"225","660","822","5","Review produk nomor 225"
"226","250","743","5","Review produk nomor 226"
"227","853","45","5","Review produk nomor 227"
"228","361","411","1","Review produk nomor 228"
"229","552","445","4","Review produk nomor 229"
"230","940","683","1","Review produk nomor 230"
"231","322","519","5","Review produk nomor 231"
"232","48","467","3","Review produk nomor 232"
"233","914","974","3","Review produk nomor 233"
"234","845","498","3","Review produk nomor 234"
"235","279","281","2","Review produk nomor 235"
"236","61","147","3","Review produk nomor 236"
"237","157","968","4","Review produk nomor 237"
"238","633","454","4","Review produk nomor 238"
"239","742","75","3","Review produk nomor 239"
"240","308","797","2","Review produk nomor 240"
"241","955","233","1","Review produk nomor 241"
"242","879","290","3","Review produk nomor 242"
"243","841","752","3","Review produk nomor 243"
"244","949","885","3","Review produk nomor 244"
"245","936","710","5","Review produk nomor 245"
"246","477","102","1","Review produk nomor 246"
"247","960","474","4","Review produk nomor 247"
"248","607","573","5","Review produk nomor 248"
"249","896","431","4","Review produk nomor 249"
"250","760","287","2","Review produk nomor 250"
"251","313","293","1","Review produk nomor 251"
"252","918","432","2","Review produk nomor 252"
"253","59","740","5","Review produk nomor 253"
"254","917","348","3","Review produk nomor 254"
"255","680","757","5","Review produk nomor 255"
"256","663","578","4","Review produk nomor 256"
"257","876","144","3","Review produk nomor 257"
"258","644","12","2","Review produk nomor 258"
"259","607","1000","2","Review produk nomor 259"
"260","727","606","4","Review produk nomor 260"
"261","289","888","4","Review produk nomor 261"
"262","614","310","2","Review produk nomor 262"
"263","169","325","2","Review produk nomor 263"
"264","546","591","1","Review produk nomor 264"
"265","963","615","3","Review produk nomor 265"
"266","452","717","2","Review produk nomor 266"
"267","215","140","4","Review produk nomor 267"
"268","539","595","5","Review produk nomor 268"
"269","88","283","5","Review produk nomor 269"
"270","806","670","5","Review produk nomor 270"
"271","750","469","5","Review produk nomor 271"
"272","197","581","3","Review produk nomor 272"
"273","872","802","3","Review produk nomor 273"
"274","968","143","2","Review produk nomor 274"
"275","599","794","3","Review produk nomor 275"
"276","858","144","5","Review produk nomor 276"
"277","432","658","5","Review produk nomor 277"
"278","24","952","5","Review produk nomor 278"
"279","775","451","3","Review produk nomor 279"
"280","329","653","3","Review produk nomor 280"
"281","759","80","1","Review produk nomor 281"
"282","811","398","1","Review produk nomor 282"
"283","336","631","2","Review produk nomor 283"
"284","399","944","4","Review produk nomor 284"
"285","111","14","2","Review produk nomor 285"
"286","358","201","4","Review produk nomor 286"
"287","943","706","3","Review produk nomor 287"
"288","740","560","3","Review produk nomor 288"
"289","433","357","1","Review produk nomor 289"
"290","925","117","2","Review produk nomor 290"
"291","951","42","1","Review produk nomor 291"
"292","295","465","1","Review produk nomor 292"
"293","536","252","3","Review produk nomor 293"
"294","694","627","5","Review produk nomor 294"
"295","572","531","5","Review produk nomor 295"
"296","2","644","1","Review produk nomor 296"
"297","845","328","4","Review produk nomor 297"
"298","290","491","4","Review produk nomor 298"
"299","752","884","4","Review produk nomor 299"
"300","351","724","2","Review produk nomor 300"
"301","404","290","3","Review produk nomor 301"
"302","381","801","3","Review produk nomor 302"
"303","68","578","5","Review produk nomor 303"
"304","518","6","5","Review produk nomor 304"
"305","616","610","2","Review produk nomor 305"
"306","248","245","5","Review produk nomor 306"
"307","712","906","5","Review produk nomor 307"
"308","404","639","3","Review produk nomor 308"
"309","478","793","1","Review produk nomor 309"
"310","294","603","4","Review produk nomor 310"
"311","407","630","4","Review produk nomor 311"
"312","543","638","3","Review produk nomor 312"
"313","523","689","4","Review produk nomor 313"
"314","137","377","1","Review produk nomor 314"
"315","169","467","1","Review produk nomor 315"
"316","317","375","3","Review produk nomor 316"
"317","177","811","3","Review produk nomor 317"
"318","182","934","3","Review produk nomor 318"
"319","909","117","1","Review produk nomor 319"
"320","932","859","4","Review produk nomor 320"
"321","1","212","5","Review produk nomor 321"
"322","283","6","2","Review produk nomor 322"
"323","834","349","1","Review produk nomor 323"
"324","500","243","5","Review produk nomor 324"
"325","153","941","2","Review produk nomor 325"
"326","80","117","5","Review produk nomor 326"
"327","391","410","4","Review produk nomor 327"
"328","225","308","4","Review produk nomor 328"
"329","587","249","4","Review produk nomor 329"
"330","552","862","5","Review produk nomor 330"
"331","101","482","5","Review produk nomor 331"
"332","380","366","2","Review produk nomor 332"
"333","627","52","3","Review produk nomor 333"
"334","464","540","3","Review produk nomor 334"
"335","691","990","4","Review produk nomor 335"
"336","853","256","2","Review produk nomor 336"
"337","828","753","2","Review produk nomor 337"
"338","361","641","3","Review produk nomor 338"
"339","581","381","2","Review produk nomor 339"
"340","602","120","3","Review produk nomor 340"
"341","379","26","5","Review produk nomor 341"
"342","129","963","3","Review produk nomor 342"
"343","250","961","2","Review produk nomor 343"
"344","339","837","1","Review produk nomor 344"
"345","234","805","5","Review produk nomor 345"
"346","735","27","2","Review produk nomor 346"
"347","525","380","5","Review produk nomor 347"
"348","485","817","5","Review produk nomor 348"
"349","872","25","5","Review produk nomor 349"
"350","925","806","1","Review produk nomor 350"
"351","857","68","5","Review produk nomor 351"
"352","641","566","1","Review produk nomor 352"
"353","794","900","4","Review produk nomor 353"
"354","74","446","2","Review produk nomor 354"
"355","853","406","3","Review produk nomor 355"
"356","782","237","3","Review produk nomor 356"
"357","832","916","2","Review produk nomor 357"
"358","611","636","1","Review produk nomor 358"
"359","669","71","5","Review produk nomor 359"
"360","994","193","2","Review produk nomor 360"
"361","71","971","1","Review produk nomor 361"
"362","904","170","3","Review produk nomor 362"
"363","497","27","4","Review produk nomor 363"
"364","158","442","2","Review produk nomor 364"
"365","472","875","5","Review produk nomor 365"
"366","829","13","4","Review produk nomor 366"
"367","66","620","5","Review produk nomor 367"
"368","508","17","5","Review produk nomor 368"
"369","139","529","2","Review produk nomor 369"
"370","573","950","1","Review produk nomor 370"
"371","407","856","2","Review produk nomor 371"
"372","46","607","3","Review produk nomor 372"
"373","607","506","2","Review produk nomor 373"
"374","279","499","4","Review produk nomor 374"
"375","618","243","3","Review produk nomor 375"
"376","349","229","1","Review produk nomor 376"
"377","642","875","5","Review produk nomor 377"
"378","926","230","2","Review produk nomor 378"
"379","565","867","2","Review produk nomor 379"
"380","443","63","5","Review produk nomor 380"
"381","503","935","2","Review produk nomor 381"
"382","374","873","1","Review produk nomor 382"
"383","462","439","1","Review produk nomor 383"
"384","146","924","4","Review produk nomor 384"
"385","233","774","5","Review produk nomor 385"
"386","106","376","4","Review produk nomor 386"
"387","900","441","5","Review produk nomor 387"
"388","350","41","2","Review produk nomor 388"
"389","350","664","4","Review produk nomor 389"
"390","980","616","1","Review produk nomor 390"
"391","136","483","3","Review produk nomor 391"
"392","555","224","2","Review produk nomor 392"
"393","392","829","2","Review produk nomor 393"
"394","396","33","1","Review produk nomor 394"
"395","607","315","5","Review produk nomor 395"
"396","457","7","5","Review produk nomor 396"
"397","976","558","5","Review produk nomor 397"
"398","666","600","4","Review produk nomor 398"
"399","818","447","5","Review produk nomor 399"
"400","904","624","5","Review produk nomor 400"
"401","431","363","3","Review produk nomor 401"
"402","23","236","2","Review produk nomor 402"
"403","225","30","3","Review produk nomor 403"
"404","897","598","3","Review produk nomor 404"
"405","444","895","3","Review produk nomor 405"
"406","300","37","5","Review produk nomor 406"
"407","402","221","2","Review produk nomor 407"
"408","935","466","1","Review produk nomor 408"
"409","788","646","5","Review produk nomor 409"
"410","265","58","3","Review produk nomor 410"
"411","328","881","5","Review produk nomor 411"
"412","373","393","1","Review produk nomor 412"
"413","415","543","5","Review produk nomor 413"
"414","299","627","1","Review produk nomor 414"
"415","472","29","3","Review produk nomor 415"
"416","451","679","4","Review produk nomor 416"
"417","272","262","1","Review produk nomor 417"
"418","538","923","5","Review produk nomor 418"
"419","908","741","2","Review produk nomor 419"
"420","179","913","1","Review produk nomor 420"
"421","480","353","5","Review produk nomor 421"
"422","539","796","4","Review produk nomor 422"
"423","95","133","4","Review produk nomor 423"
"424","269","233","2","Review produk nomor 424"
"425","902","454","1","Review produk nomor 425"
"426","871","56","2","Review produk nomor 426"
"427","616","379","2","Review produk nomor 427"
"428","106","541","1","Review produk nomor 428"
"429","230","980","2","Review produk nomor 429"
"430","328","195","5","Review produk nomor 430"
"431","833","251","3","Review produk nomor 431"
"432","887","790","5","Review produk nomor 432"
"433","318","137","3","Review produk nomor 433"
"434","461","650","1","Review produk nomor 434"
"435","12","584","5","Review produk nomor 435"
"436","427","921","2","Review produk nomor 436"
"437","241","206","3","Review produk nomor 437"
"438","903","864","4","Review produk nomor 438"
"439","820","342","5","Review produk nomor 439"
"440","101","926","5","Review produk nomor 440"
"441","274","337","1","Review produk nomor 441"
"442","478","390","3","Review produk nomor 442"
"443","989","618","2","Review produk nomor 443"
"444","331","779","4","Review produk nomor 444"
"445","164","868","2","Review produk nomor 445"
"446","858","914","4","Review produk nomor 446"
"447","357","634","5","Review produk nomor 447"
"448","472","5","2","Review produk nomor 448"
"449","82","866","5","Review produk nomor 449"
"450","3","738","1","Review produk nomor 450"
"451","381","621","2","Review produk nomor 451"
"452","484","894","1","Review produk nomor 452"
"453","719","726","5","Review produk nomor 453"
"454","327","771","5","Review produk nomor 454"
"455","638","807","3","Review produk nomor 455"
"456","816","956","5","Review produk nomor 456"
"457","360","267","2","Review produk nomor 457"
"458","174","853","4","Review produk nomor 458"
"459","652","976","4","Review produk nomor 459"
"460","478","666","1","Review produk nomor 460"
"461","862","281","5","Review produk nomor 461"
"462","734","497","5","Review produk nomor 462"
"463","652","723","4","Review produk nomor 463"
"464","287","517","5","Review produk nomor 464"
"465","114","883","3","Review produk nomor 465"
"466","301","348","3","Review produk nomor 466"
"467","434","567","2","Review produk nomor 467"
"468","710","113","4","Review produk nomor 468"
"469","450","868","3","Review produk nomor 469"
"470","667","593","5","Review produk nomor 470"
"471","672","832","5","Review produk nomor 471"
"472","139","621","3","Review produk nomor 472"
"473","908","293","4","Review produk nomor 473"
"474","616","949","2","Review produk nomor 474"
"475","432","364","5","Review produk nomor 475"
"476","656","981","3","Review produk nomor 476"
"477","438","205","5","Review produk nomor 477"
"478","566","62","3","Review produk nomor 478"
"479","621","604","2","Review produk nomor 479"
"480","390","409","4","Review produk nomor 480"
"481","352","972","3","Review produk nomor 481"
"482","698","895","5","Review produk nomor 482"
"483","378","613","4","Review produk nomor 483"
"484","166","12","2","Review produk nomor 484"
"485","469","741","1","Review produk nomor 485"
"486","696","988","4","Review produk nomor 486"
"487","706","308","5","Review produk nomor 487"
"488","436","346","3","Review produk nomor 488"
"489","247","165","1","Review produk nomor 489"
"490","6","571","4","Review produk nomor 490"
"491","301","626","2","Review produk nomor 491"
"492","45","815","3","Review produk nomor 492"
"493","297","274","5","Review produk nomor 493"
"494","58","229","4","Review produk nomor 494"
"495","257","253","2","Review produk nomor 495"
"496","686","30","2","Review produk nomor 496"
"497","500","165","1","Review produk nomor 497"
"498","515","183","4","Review produk nomor 498"
"499","169","995","4","Review produk nomor 499"
"500","366","458","5","Review produk nomor 500"
"501","246","822","2","Review produk nomor 501"
"502","709","81","1","Review produk nomor 502"
"503","610","1","5","Review produk nomor 503"
"504","407","198","2","Review produk nomor 504"
"505","557","724","4","Review produk nomor 505"
"506","380","927","1","Review produk nomor 506"
"507","122","283","4","Review produk nomor 507"
"508","68","664","1","Review produk nomor 508"
"509","714","9","5","Review produk nomor 509"
"510","125","89","1","Review produk nomor 510"
"511","809","205","1","Review produk nomor 511"
"512","169","183","3","Review produk nomor 512"
"513","394","500","4","Review produk nomor 513"
"514","430","837","3","Review produk nomor 514"
"515","371","283","3","Review produk nomor 515"
"516","841","108","4","Review produk nomor 516"
"517","124","843","4","Review produk nomor 517"
"518","957","129","1","Review produk nomor 518"
"519","663","709","2","Review produk nomor 519"
"520","490","217","3","Review produk nomor 520"
"521","152","863","2","Review produk nomor 521"
"522","978","448","3","Review produk nomor 522"
"523","254","558","2","Review produk nomor 523"
"524","252","914","2","Review produk nomor 524"
"525","3","373","2","Review produk nomor 525"
"526","569","71","2","Review produk nomor 526"
"527","134","17","2","Review produk nomor 527"
"528","936","667","2","Review produk nomor 528"
"529","485","710","1","Review produk nomor 529"
"530","489","28","4","Review produk nomor 530"
"531","880","15","3","Review produk nomor 531"
"532","559","105","2","Review produk nomor 532"
"533","880","742","4","Review produk nomor 533"
"534","968","892","2","Review produk nomor 534"
"535","413","612","4","Review produk nomor 535"
"536","842","875","2","Review produk nomor 536"
"537","95","919","2","Review produk nomor 537"
"538","372","822","5","Review produk nomor 538"
"539","354","499","5","Review produk nomor 539"
"540","623","210","2","Review produk nomor 540"
"541","924","926","4","Review produk nomor 541"
"542","891","83","4","Review produk nomor 542"
"543","650","514","3","Review produk nomor 543"
"544","189","555","3","Review produk nomor 544"
"545","519","135","2","Review produk nomor 545"
"546","969","493","3","Review produk nomor 546"
"547","69","983","3","Review produk nomor 547"
"548","46","749","2","Review produk nomor 548"
"549","499","91","3","Review produk nomor 549"
"550","710","581","2","Review produk nomor 550"
"551","871","673","4","Review produk nomor 551"
"552","922","436","3","Review produk nomor 552"
"553","171","624","2","Review produk nomor 553"
"554","687","375","3","Review produk nomor 554"
"555","726","816","2","Review produk nomor 555"
"556","373","126","5","Review produk nomor 556"
"557","939","4","2","Review produk nomor 557"
"558","832","303","4","Review produk nomor 558"
"559","595","964","4","Review produk nomor 559"
"560","481","625","1","Review produk nomor 560"
"561","376","3","5","Review produk nomor 561"
"562","318","342","1","Review produk nomor 562"
"563","100","406","1","Review produk nomor 563"
"564","463","579","3","Review produk nomor 564"
"565","654","905","2","Review produk nomor 565"
"566","168","289","5","Review produk nomor 566"
"567","63","418","1","Review produk nomor 567"
"568","824","254","2","Review produk nomor 568"
"569","515","767","2","Review produk nomor 569"
"570","54","665","2","Review produk nomor 570"
"571","625","239","2","Review produk nomor 571"
"572","870","920","3","Review produk nomor 572"
"573","940","651","3","Review produk nomor 573"
"574","269","76","3","Review produk nomor 574"
"575","418","516","1","Review produk nomor 575"
"576","105","6","1","Review produk nomor 576"
"577","581","304","3","Review produk nomor 577"
"578","290","669","5","Review produk nomor 578"
"579","960","903","4","Review produk nomor 579"
"580","55","972","2","Review produk nomor 580"
"581","556","400","5","Review produk nomor 581"
"582","618","693","5","Review produk nomor 582"
"583","482","675","1","Review produk nomor 583"
"584","766","649","5","Review produk nomor 584"
"585","760","190","1","Review produk nomor 585"
"586","989","53","3","Review produk nomor 586"
"587","101","264","4","Review produk nomor 587"
"588","674","498","4","Review produk nomor 588"
"589","974","869","4","Review produk nomor 589"
"590","881","368","2","Review produk nomor 590"
"591","620","587","5","Review produk nomor 591"
"592","99","102","5","Review produk nomor 592"
"593","601","667","2","Review produk nomor 593"
"594","658","798","3","Review produk nomor 594"
"595","555","896","2","Review produk nomor 595"
"596","783","939","2","Review produk nomor 596"
"597","31","140","5","Review produk nomor 597"
"598","765","925","2","Review produk nomor 598"
"599","307","29","5","Review produk nomor 599"
"600","959","583","4","Review produk nomor 600"
"601","513","938","5","Review produk nomor 601"
"602","856","481","3","Review produk nomor 602"
"603","953","208","2","Review produk nomor 603"
"604","253","267","4","Review produk nomor 604"
"605","97","76","1","Review produk nomor 605"
"606","632","727","2","Review produk nomor 606"
"607","43","463","2","Review produk nomor 607"
"608","248","214","1","Review produk nomor 608"
"609","494","938","5","Review produk nomor 609"
"610","158","212","2","Review produk nomor 610"
"611","739","402","1","Review produk nomor 611"
"612","27","215","2","Review produk nomor 612"
"613","128","492","3","Review produk nomor 613"
"614","814","502","3","Review produk nomor 614"
"615","57","108","2","Review produk nomor 615"
"616","46","171","3","Review produk nomor 616"
"617","132","651","1","Review produk nomor 617"
"618","123","652","4","Review produk nomor 618"
"619","309","281","4","Review produk nomor 619"
"620","487","381","1","Review produk nomor 620"
"621","7","207","2","Review produk nomor 621"
"622","290","142","2","Review produk nomor 622"
"623","759","194","3","Review produk nomor 623"
"624","854","340","2","Review produk nomor 624"
"625","353","863","3","Review produk nomor 625"
"626","163","622","3","Review produk nomor 626"
"627","807","819","4","Review produk nomor 627"
"628","738","836","3","Review produk nomor 628"
"629","243","49","1","Review produk nomor 629"
"630","474","916","1","Review produk nomor 630"
"631","369","671","5","Review produk nomor 631"
"632","621","694","3","Review produk nomor 632"
"633","337","492","2","Review produk nomor 633"
"634","207","882","2","Review produk nomor 634"
"635","349","165","4","Review produk nomor 635"
"636","720","983","3","Review produk nomor 636"
"637","574","864","5","Review produk nomor 637"
"638","442","214","5","Review produk nomor 638"
"639","179","595","4","Review produk nomor 639"
"640","482","277","1","Review produk nomor 640"
"641","682","164","5","Review produk nomor 641"
"642","17","80","3","Review produk nomor 642"
"643","191","896","5","Review produk nomor 643"
"644","339","471","1","Review produk nomor 644"
"645","774","243","5","Review produk nomor 645"
"646","132","691","1","Review produk nomor 646"
"647","280","934","3","Review produk nomor 647"
"648","318","544","2","Review produk nomor 648"
"649","594","933","1","Review produk nomor 649"
"650","870","738","3","Review produk nomor 650"
"651","567","281","4","Review produk nomor 651"
"652","570","312","3","Review produk nomor 652"
"653","749","847","1","Review produk nomor 653"
"654","88","63","2","Review produk nomor 654"
"655","430","403","1","Review produk nomor 655"
"656","308","83","3","Review produk nomor 656"
"657","700","27","1","Review produk nomor 657"
"658","58","788","5","Review produk nomor 658"
"659","904","428","4","Review produk nomor 659"
"660","73","436","2","Review produk nomor 660"
"661","533","343","3","Review produk nomor 661"
"662","885","618","1","Review produk nomor 662"
"663","254","229","3","Review produk nomor 663"
"664","428","387","4","Review produk nomor 664"
"665","670","265","1","Review produk nomor 665"
"666","719","439","5","Review produk nomor 666"
"667","583","160","3","Review produk nomor 667"
"668","21","320","3","Review produk nomor 668"
"669","30","542","2","Review produk nomor 669"
"670","941","892","4","Review produk nomor 670"
"671","735","250","2","Review produk nomor 671"
"672","347","660","3","Review produk nomor 672"
"673","324","74","3","Review produk nomor 673"
"674","843","266","5","Review produk nomor 674"
"675","109","687","2","Review produk nomor 675"
"676","220","45","5","Review produk nomor 676"
"677","534","361","3","Review produk nomor 677"
"678","576","142","1","Review produk nomor 678"
"679","927","970","5","Review produk nomor 679"
"680","549","40","5","Review produk nomor 680"
"681","393","154","1","Review produk nomor 681"
"682","686","993","4","Review produk nomor 682"
"683","507","604","1","Review produk nomor 683"
"684","203","712","1","Review produk nomor 684"
"685","214","443","2","Review produk nomor 685"
"686","51","878","4","Review produk nomor 686"
"687","452","278","5","Review produk nomor 687"
"688","121","207","5","Review produk nomor 688"
"689","677","478","4","Review produk nomor 689"
"690","136","960","4","Review produk nomor 690"
"691","506","585","3","Review produk nomor 691"
"692","176","655","1","Review produk nomor 692"
"693","404","275","2","Review produk nomor 693"
"694","139","755","1","Review produk nomor 694"
"695","726","727","1","Review produk nomor 695"
"696","737","436","2","Review produk nomor 696"
"697","450","600","5","Review produk nomor 697"
"698","112","511","5","Review produk nomor 698"
"699","731","173","2","Review produk nomor 699"
"700","873","384","1","Review produk nomor 700"
"701","535","321","2","Review produk nomor 701"
"702","581","63","3","Review produk nomor 702"
"703","935","197","2","Review produk nomor 703"
"704","987","951","5","Review produk nomor 704"
"705","804","797","2","Review produk nomor 705"
"706","4","572","4","Review produk nomor 706"
"707","316","876","3","Review produk nomor 707"
"708","16","651","3","Review produk nomor 708"
"709","299","957","1","Review produk nomor 709"
"710","577","895","2","Review produk nomor 710"
"711","7","601","3","Review produk nomor 711"
"712","163","42","5","Review produk nomor 712"
"713","172","764","5","Review produk nomor 713"
"714","913","638","4","Review produk nomor 714"
"715","628","597","4","Review produk nomor 715"
"716","738","357","2","Review produk nomor 716"
"717","988","348","4","Review produk nomor 717"
"718","577","430","2","Review produk nomor 718"
"719","897","12","5","Review produk nomor 719"
"720","947","820","3","Review produk nomor 720"
"721","311","326","5","Review produk nomor 721"
"722","517","54","3","Review produk nomor 722"
"723","806","528","5","Review produk nomor 723"
"724","825","48","5","Review produk nomor 724"
"725","485","748","2","Review produk nomor 725"
"726","60","319","3","Review produk nomor 726"
"727","545","625","2","Review produk nomor 727"
"728","469","323","3","Review produk nomor 728"
"729","918","507","2","Review produk nomor 729"
"730","963","963","2","Review produk nomor 730"
"731","261","553","5","Review produk nomor 731"
"732","529","686","2","Review produk nomor 732"
"733","952","61","1","Review produk nomor 733"
"734","320","665","4","Review produk nomor 734"
"735","17","898","1","Review produk nomor 735"
"736","481","487","1","Review produk nomor 736"
"737","56","317","4","Review produk nomor 737"
"738","478","264","5","Review produk nomor 738"
"739","716","361","3","Review produk nomor 739"
"740","962","321","1","Review produk nomor 740"
"741","645","352","1","Review produk nomor 741"
"742","925","33","1","Review produk nomor 742"
"743","291","334","2","Review produk nomor 743"
"744","84","216","1","Review produk nomor 744"
"745","258","802","2","Review produk nomor 745"
"746","877","215","3","Review produk nomor 746"
"747","874","954","3","Review produk nomor 747"
"748","930","508","2","Review produk nomor 748"
"749","569","945","4","Review produk nomor 749"
"750","590","932","1","Review produk nomor 750"
"751","34","676","4","Review produk nomor 751"
"752","266","146","2","Review produk nomor 752"
"753","340","798","3","Review produk nomor 753"
"754","589","948","4","Review produk nomor 754"
"755","240","756","4","Review produk nomor 755"
"756","566","322","3","Review produk nomor 756"
"757","58","611","5","Review produk nomor 757"
"758","897","673","4","Review produk nomor 758"
"759","301","243","5","Review produk nomor 759"
"760","766","517","3","Review produk nomor 760"
"761","163","449","3","Review produk nomor 761"
"762","823","318","5","Review produk nomor 762"
"763","631","581","3","Review produk nomor 763"
"764","213","57","1","Review produk nomor 764"
"765","82","876","2","Review produk nomor 765"
"766","180","31","1","Review produk nomor 766"
"767","719","330","4","Review produk nomor 767"
"768","340","172","2","Review produk nomor 768"
"769","739","712","2","Review produk nomor 769"
"770","817","11","1","Review produk nomor 770"
"771","323","487","1","Review produk nomor 771"
"772","573","388","4","Review produk nomor 772"
"773","838","915","3","Review produk nomor 773"
"774","600","984","4","Review produk nomor 774"
"775","120","169","3","Review produk nomor 775"
"776","556","638","4","Review produk nomor 776"
"777","215","265","4","Review produk nomor 777"
"778","4","550","2","Review produk nomor 778"
"779","715","916","3","Review produk nomor 779"
"780","162","271","1","Review produk nomor 780"
"781","397","626","1","Review produk nomor 781"
"782","10","669","3","Review produk nomor 782"
"783","128","982","1","Review produk nomor 783"
"784","960","267","1","Review produk nomor 784"
"785","414","196","4","Review produk nomor 785"
"786","348","811","1","Review produk nomor 786"
"787","517","325","2","Review produk nomor 787"
"788","726","740","5","Review produk nomor 788"
"789","918","196","5","Review produk nomor 789"
"790","834","749","3","Review produk nomor 790"
"791","649","696","4","Review produk nomor 791"
"792","793","361","3","Review produk nomor 792"
"793","870","83","2","Review produk nomor 793"
"794","268","467","3","Review produk nomor 794"
"795","906","657","4","Review produk nomor 795"
"796","534","168","1","Review produk nomor 796"
"797","769","117","2","Review produk nomor 797"
"798","815","247","3","Review produk nomor 798"
"799","731","591","5","Review produk nomor 799"
"800","450","30","3","Review produk nomor 800"
"801","602","699","1","Review produk nomor 801"
"802","570","829","4","Review produk nomor 802"
"803","91","101","3","Review produk nomor 803"
"804","611","454","5","Review produk nomor 804"
"805","984","630","1","Review produk nomor 805"
"806","351","115","5","Review produk nomor 806"
"807","698","111","4","Review produk nomor 807"
"808","558","139","5","Review produk nomor 808"
"809","669","692","2","Review produk nomor 809"
"810","621","772","4","Review produk nomor 810"
"811","243","295","1","Review produk nomor 811"
"812","607","138","5","Review produk nomor 812"
"813","748","717","4","Review produk nomor 813"
"814","260","778","2","Review produk nomor 814"
"815","639","15","1","Review produk nomor 815"
"816","338","662","5","Review produk nomor 816"
"817","110","453","2","Review produk nomor 817"
"818","261","733","2","Review produk nomor 818"
"819","936","301","5","Review produk nomor 819"
"820","988","151","1","Review produk nomor 820"
"821","595","942","3","Review produk nomor 821"
"822","106","399","2","Review produk nomor 822"
"823","689","838","1","Review produk nomor 823"
"824","344","554","5","Review produk nomor 824"
"825","449","434","4","Review produk nomor 825"
"826","184","615","4","Review produk nomor 826"
"827","713","222","4","Review produk nomor 827"
"828","358","598","4","Review produk nomor 828"
"829","390","722","1","Review produk nomor 829"
"830","974","706","5","Review produk nomor 830"
"831","64","608","3","Review produk nomor 831"
"832","251","138","3","Review produk nomor 832"
"833","57","584","3","Review produk nomor 833"
"834","168","336","2","Review produk nomor 834"
"835","955","382","2","Review produk nomor 835"
"836","979","22","1","Review produk nomor 836"
"837","295","546","3","Review produk nomor 837"
"838","802","893","1","Review produk nomor 838"
"839","952","770","1","Review produk nomor 839"
"840","474","737","4","Review produk nomor 840"
"841","666","237","1","Review produk nomor 841"
"842","109","401","3","Review produk nomor 842"
"843","36","485","5","Review produk nomor 843"
"844","417","983","3","Review produk nomor 844"
"845","297","82","3","Review produk nomor 845"
"846","185","480","3","Review produk nomor 846"
"847","712","23","3","Review produk nomor 847"
"848","242","67","5","Review produk nomor 848"
"849","963","262","1","Review produk nomor 849"
"850","120","896","3","Review produk nomor 850"
"851","162","911","5","Review produk nomor 851"
"852","511","712","4","Review produk nomor 852"
"853","13","61","5","Review produk nomor 853"
"854","258","418","1","Review produk nomor 854"
"855","594","51","5","Review produk nomor 855"
"856","929","335","1","Review produk nomor 856"
"857","777","832","1","Review produk nomor 857"
"858","830","461","1","Review produk nomor 858"
"859","366","824","5","Review produk nomor 859"
"860","424","475","2","Review produk nomor 860"
"861","47","146","2","Review produk nomor 861"
"862","581","176","4","Review produk nomor 862"
"863","163","759","2","Review produk nomor 863"
"864","818","659","5","Review produk nomor 864"
"865","467","902","1","Review produk nomor 865"
"866","634","369","3","Review produk nomor 866"
"867","289","929","1","Review produk nomor 867"
"868","120","564","3","Review produk nomor 868"
"869","793","448","2","Review produk nomor 869"
"870","499","381","4","Review produk nomor 870"
"871","932","753","2","Review produk nomor 871"
"872","947","260","3","Review produk nomor 872"
"873","216","621","2","Review produk nomor 873"
"874","739","308","5","Review produk nomor 874"
"875","493","543","5","Review produk nomor 875"
"876","930","776","2","Review produk nomor 876"
"877","897","567","4","Review produk nomor 877"
"878","633","660","4","Review produk nomor 878"
"879","887","853","2","Review produk nomor 879"
"880","590","149","3","Review produk nomor 880"
"881","382","653","4","Review produk nomor 881"
"882","565","641","2","Review produk nomor 882"
"883","340","687","3","Review produk nomor 883"
"884","870","878","2","Review produk nomor 884"
"885","348","948","5","Review produk nomor 885"
"886","360","575","3","Review produk nomor 886"
"887","114","69","5","Review produk nomor 887"
"888","37","760","2","Review produk nomor 888"
"889","968","971","1","Review produk nomor 889"
"890","273","177","3","Review produk nomor 890"
"891","52","340","1","Review produk nomor 891"
"892","536","158","5","Review produk nomor 892"
"893","670","729","3","Review produk nomor 893"
"894","967","49","2","Review produk nomor 894"
"895","855","852","3","Review produk nomor 895"
"896","150","964","3","Review produk nomor 896"
"897","791","567","4","Review produk nomor 897"
"898","99","471","1","Review produk nomor 898"
"899","398","477","1","Review produk nomor 899"
"900","5","898","3","Review produk nomor 900"
"901","552","316","4","Review produk nomor 901"
"902","255","926","3","Review produk nomor 902"
"903","618","560","4","Review produk nomor 903"
"904","951","214","2","Review produk nomor 904"
"905","125","210","5","Review produk nomor 905"
"906","819","245","4","Review produk nomor 906"
"907","446","261","1","Review produk nomor 907"
"908","484","742","3","Review produk nomor 908"
"909","204","130","1","Review produk nomor 909"
"910","608","999","2","Review produk nomor 910"
"911","723","540","5","Review produk nomor 911"
"912","188","528","5","Review produk nomor 912"
"913","167","773","3","Review produk nomor 913"
"914","448","632","3","Review produk nomor 914"
"915","249","36","4","Review produk nomor 915"
"916","962","907","5","Review produk nomor 916"
"917","687","458","5","Review produk nomor 917"
"918","633","710","1","Review produk nomor 918"
"919","679","773","2","Review produk nomor 919"
"920","982","463","3","Review produk nomor 920"
"921","433","795","4","Review produk nomor 921"
"922","723","521","1","Review produk nomor 922"
"923","213","913","4","Review produk nomor 923"
"924","236","388","5","Review produk nomor 924"
"925","797","945","2","Review produk nomor 925"
"926","262","885","4","Review produk nomor 926"
"927","919","614","2","Review produk nomor 927"
"928","584","765","4","Review produk nomor 928"
"929","312","954","3","Review produk nomor 929"
"930","428","965","1","Review produk nomor 930"
"931","4","221","2","Review produk nomor 931"
"932","420","999","2","Review produk nomor 932"
"933","459","617","3","Review produk nomor 933"
"934","473","539","4","Review produk nomor 934"
"935","409","438","2","Review produk nomor 935"
"936","900","524","5","Review produk nomor 936"
"937","273","545","1","Review produk nomor 937"
"938","616","771","3","Review produk nomor 938"
"939","146","149","5","Review produk nomor 939"
"940","362","709","4","Review produk nomor 940"
"941","998","175","1","Review produk nomor 941"
"942","673","867","3","Review produk nomor 942"
"943","792","271","4","Review produk nomor 943"
"944","340","496","4","Review produk nomor 944"
"945","890","659","3","Review produk nomor 945"
"946","849","834","5","Review produk nomor 946"
"947","396","680","5","Review produk nomor 947"
"948","348","237","5","Review produk nomor 948"
"949","416","346","3","Review produk nomor 949"
"950","457","513","3","Review produk nomor 950"
"951","760","439","5","Review produk nomor 951"
"952","282","881","3","Review produk nomor 952"
"953","295","952","4","Review produk nomor 953"
"954","376","841","3","Review produk nomor 954"
"955","188","459","4","Review produk nomor 955"
"956","315","788","3","Review produk nomor 956"
"957","329","367","2","Review produk nomor 957"
"958","765","152","2","Review produk nomor 958"
"959","278","131","2","Review produk nomor 959"
"960","967","645","4","Review produk nomor 960"
"961","186","7","2","Review produk nomor 961"
"962","852","353","2","Review produk nomor 962"
"963","844","112","4","Review produk nomor 963"
"964","631","197","1","Review produk nomor 964"
"965","219","955","4","Review produk nomor 965"
"966","585","939","3","Review produk nomor 966"
"967","527","985","2","Review produk nomor 967"
"968","713","547","2","Review produk nomor 968"
"969","341","510","1","Review produk nomor 969"
"970","941","868","2","Review produk nomor 970"
"971","9","974","3","Review produk nomor 971"
"972","652","231","4","Review produk nomor 972"
"973","342","937","5","Review produk nomor 973"
"974","366","433","4","Review produk nomor 974"
"975","21","386","5","Review produk nomor 975"
"976","985","792","5","Review produk nomor 976"
"977","887","938","4","Review produk nomor 977"
"978","809","680","1","Review produk nomor 978"
"979","412","363","4","Review produk nomor 979"
"980","197","887","3","Review produk nomor 980"
"981","443","433","3","Review produk nomor 981"
"982","865","308","5","Review produk nomor 982"
"983","476","276","1","Review produk nomor 983"
"984","382","672","3","Review produk nomor 984"
"985","636","173","1","Review produk nomor 985"
"986","587","645","2","Review produk nomor 986"
"987","763","617","1","Review produk nomor 987"
"988","672","47","5","Review produk nomor 988"
"989","208","307","3","Review produk nomor 989"
"990","892","92","3","Review produk nomor 990"
"991","257","542","5","Review produk nomor 991"
"992","656","927","4","Review produk nomor 992"
"993","612","613","3","Review produk nomor 993"
"994","673","7","1","Review produk nomor 994"
"995","316","775","5","Review produk nomor 995"
"996","962","985","5","Review produk nomor 996"
"997","4","931","4","Review produk nomor 997"
"998","648","96","4","Review produk nomor 998"
"999","469","11","2","Review produk nomor 999"
"1000","436","870","1","Review produk nomor 1000"