"id","code","discount","expiry_date","description"
"1","EXTRA8199","14.79","2025-06-13 00:44:43","Promo menarik untuk anda"
"2","HOT3028","48.59","2025-04-12 15:46:26","Promo menarik untuk anda"
"3","NEW2028","36.06","2025-08-07 19:52:46","Promo menarik untuk anda"
"4","FLASH4443","26.99","2025-07-18 04:05:26","Promo menarik untuk anda"
"5","EXTRA9399","46.64","2025-02-25 11:23:59","Promo menarik untuk anda"
"6","ULTRA2672","23.27","2025-07-01 05:00:02","Promo menarik untuk anda"
"7","FLASH1617","22.01","2025-03-17 07:16:23","Promo menarik untuk anda"
"8","EXTRA4314","19.17","2024-10-14 01:27:40","Promo menarik untuk anda"
"9","NEW5267","30.31","2025-03-22 00:10:00","Promo menarik untuk anda"
"10","BONUS1616","20.42","2024-11-19 04:51:33","Promo menarik untuk anda"
"11","WELCOME8395","33.12","2024-09-11 06:28:58","Promo menarik untuk anda"
"12","BONUS5486","48.38","2024-09-23 03:05:28","Promo menarik untuk anda"
"13","BONUS4406","7.55","2025-04-23 09:47:51","Promo menarik untuk anda"
"14","NEW3153","19.3","2025-07-26 14:32:48","Promo menarik untuk anda"
"15","AUTUMN7891","45.97","2025-04-25 01:49:34","Promo menarik untuk anda"
"16","DISC1592","19.04","2024-11-21 15:46:27","Promo menarik untuk anda"
"17","AUTUMN7545","25.33","2025-06-05 16:20:32","Promo menarik untuk anda"
"18","SPRING9452","19.31","2025-05-10 17:52:20","Promo menarik untuk anda"
"19","FREESHIP6269","30.66","2024-09-22 15:12:50","Promo menarik untuk anda"
"20","BONUS8587","12.68","2025-06-09 09:37:57","Promo menarik untuk anda"
"21","BONUS2442","26.33","2025-05-09 15:36:12","Promo menarik untuk anda"
"22","WELCOME5977","49.4","2025-04-30 20:35:39","Promo menarik untuk anda"
"23","HOT4258","24.98","2025-04-20 01:47:12","Promo menarik untuk anda"
"24","SUPER3743","28.86","2025-01-24 17:25:30","Promo menarik untuk anda"
"25","BONUS3251","5.73","2025-04-17 03:42:47","Promo menarik untuk anda"
"26","WINTER6725","9.25","2025-02-11 05:23:45","Promo menarik untuk anda"
"27","EXTRA9307","22.69","2024-12-26 16:08:20","Promo menarik untuk anda"
"28","EXTRA4877","44.62","2025-02-27 06:36:27","Promo menarik untuk anda"
"29","EXTRA3993","12.84","2024-09-28 06:40:58","Promo menarik untuk anda"
"30","AUTUMN1582","35.4","2024-11-24 20:57:24","Promo menarik untuk anda"
"31","FLASH3110","7.88","2024-10-25 18:20:06","Promo menarik untuk anda"
"32","MEGA1048","12.31","2025-04-17 02:39:32","Promo menarik untuk anda"
"33","SUPER3755","17.2","2024-11-09 23:29:49","Promo menarik untuk anda"
"34","SALE9993","25.82","2025-01-16 22:01:07","Promo menarik untuk anda"
"35","SUMMER9967","9.1","2025-03-21 21:14:13","Promo menarik untuk anda"
"36","LUCKY4022","31.83","2024-10-23 23:08:22","Promo menarik untuk anda"
"37","EXTRA6940","6.74","2025-03-08 10:08:15","Promo menarik untuk anda"
"38","VIP9562","44.22","2025-01-13 17:11:55","Promo menarik untuk anda"
"39","ULTRA8445","7.41","2024-12-28 07:27:14","Promo menarik untuk anda"
"40","DISC9786","31.3","2025-07-17 16:31:25","Promo menarik untuk anda"
"41","FREESHIP6860","6.44","2025-01-29 16:29:28","Promo menarik untuk anda"
"42","WELCOME8766","30.77","2025-01-10 22:22:43","Promo menarik untuk anda"
"43","SUMMER6625","9.18","2025-02-08 11:38:28","Promo menarik untuk anda"
"44","DISC1204","44.87","2025-05-02 06:16:09","Promo menarik untuk anda"
"45","SPRING3528","42.84","2024-11-17 04:19:31","Promo menarik untuk anda"
"46","CRAZY3925","23.55","2025-02-25 11:20:30","Promo menarik untuk anda"
"47","WELCOME5317","17.11","2025-08-03 11:20:35","Promo menarik untuk anda"
"48","NEW8514","19.66","2025-04-29 00:36:02","Promo menarik untuk anda"
"49","FREESHIP8380","29.84","2024-10-06 22:04:16","Promo menarik untuk anda"
"50","BONUS6571","24.56","2025-04-09 03:59:12","Promo menarik untuk anda"
"51","SALE1433","37.52","2024-12-29 10:50:28","Promo menarik untuk anda"
"52","CRAZY5948","34.07","2025-06-29 22:22:24","Promo menarik untuk anda"
"53","MEGA1968","39.75","2024-12-29 13:56:06","Promo menarik untuk anda"
"54","FREESHIP3555","32.01","2025-02-13 13:56:06","Promo menarik untuk anda"
"55","EXTRA7197","10.12","2025-03-23 17:13:30","Promo menarik untuk anda"
"56","VIP9343","43.23","2025-06-14 00:07:24","Promo menarik untuk anda"
"57","SPRING5063","29.3","2025-06-23 00:31:34","Promo menarik untuk anda"
"58","FLASH6254","31.73","2025-05-11 15:35:53","Promo menarik untuk anda"
"59","EXTRA2725","40.52","2024-09-03 22:55:10","Promo menarik untuk anda"
"60","FLASH5040","44.77","2025-04-20 17:20:49","Promo menarik untuk anda"
"61","MEGA3958","36.91","2024-12-22 21:58:10","Promo menarik untuk anda"
"62","EXTRA8024","32.88","2024-09-26 02:30:11","Promo menarik untuk anda"
"63","WELCOME2376","35.48","2025-05-17 03:21:08","Promo menarik untuk anda"
"64","SALE6369","11.3","2024-09-21 00:04:06","Promo menarik untuk anda"
"65","WINTER9709","5.56","2025-06-12 00:41:40","Promo menarik untuk anda"
"66","MEGA4733","45.24","2025-05-04 09:45:01","Promo menarik untuk anda"
"67","HOT7038","29.98","2024-09-26 10:01:35","Promo menarik untuk anda"
"68","VIP6176","30.68","2025-02-27 00:29:14","Promo menarik untuk anda"
"69","AUTUMN1949","25.66","2025-05-22 03:43:41","Promo menarik untuk anda"
"70","FREESHIP6371","29.02","2024-12-02 21:40:56","Promo menarik untuk anda"
"71","CRAZY7548","15.79","2025-05-12 10:36:02","Promo menarik untuk anda"
"72","AUTUMN3273","47.31","2025-07-16 23:39:47","Promo menarik untuk anda"
"73","CRAZY8644","31.57","2025-03-21 04:42:55","Promo menarik untuk anda"
"74","SALE1842","41.63","2024-12-28 20:18:05","Promo menarik untuk anda"
"75","WELCOME4203","10.48","2025-05-28 23:59:35","Promo menarik untuk anda"
"76","FLASH5026","9.24","2025-04-26 19:34:03","Promo menarik untuk anda"
"77","SALE2960","33.31","2025-07-20 15:03:54","Promo menarik untuk anda"
"78","EXTRA1926","29.44","2024-11-01 22:44:45","Promo menarik untuk anda"
"79","VIP1368","38.48","2025-03-29 00:51:47","Promo menarik untuk anda"
"80","ULTRA5140","8.31","2025-08-01 23:10:59","Promo menarik untuk anda"
"81","HOT5234","9.42","2025-03-05 18:32:23","Promo menarik untuk anda"
"82","SPRING1483","10.59","2024-11-17 12:07:33","Promo menarik untuk anda"
"83","NEW1406","33.73","2025-01-11 20:32:47","Promo menarik untuk anda"
"84","CRAZY1919","22.22","2025-06-27 07:20:47","Promo menarik untuk anda"
"85","SUPER4654","22.68","2025-08-08 09:58:29","Promo menarik untuk anda"
"86","ULTRA7847","19.03","2024-12-26 17:31:03","Promo menarik untuk anda"
"87","NEW3792","28.86","2025-02-22 06:44:19","Promo menarik untuk anda"
"88","BONUS2043","48.02","2025-03-03 13:10:19","Promo menarik untuk anda"
"89","LUCKY9111","26.22","2024-12-30 00:41:07","Promo menarik untuk anda"
"90","SUMMER3013","22.5","2025-01-02 02:57:24","Promo menarik untuk anda"
"91","ULTRA1388","9.07","2024-10-13 05:21:15","Promo menarik untuk anda"
"92","SUMMER9198","17.39","2024-09-01 16:17:33","Promo menarik untuk anda"
"93","ULTRA4045","16.2","2025-01-10 03:44:15","Promo menarik untuk anda"
"94","NEW5511","34.75","2024-09-21 06:42:06","Promo menarik untuk anda"
"95","SUPER7179","8.34","2025-02-16 10:28:44","Promo menarik untuk anda"
"96","WELCOME4826","37.94","2025-03-17 21:39:28","Promo menarik untuk anda"
"97","HOT3886","12.85","2025-01-11 17:26:11","Promo menarik untuk anda"
"98","LUCKY8460","38.49","2025-04-11 00:24:15","Promo menarik untuk anda"
"99","SUPER6355","13.48","2025-05-30 04:43:29","Promo menarik untuk anda"
"100","AUTUMN1973","31.03","2025-05-20 16:11:44","Promo menarik untuk anda"
"101","EXTRA8054","34.48","2025-02-28 21:42:18","Promo menarik untuk anda"
"102","CRAZY8275","43.01","2025-05-29 03:50:51","Promo menarik untuk anda"
"103","WELCOME8485","12.84","2025-08-05 09:33:21","Promo menarik untuk anda"
"104","FREESHIP1584","20.73","2024-10-06 20:06:55","Promo menarik untuk anda"
"105","SUMMER3181","19.69","2025-04-15 12:20:46","Promo menarik untuk anda"
"106","DISC4560","33.78","2024-08-14 14:52:30","Promo menarik untuk anda"
"107","SALE2860","46.53","2024-12-31 00:55:12","Promo menarik untuk anda"
"108","FLASH7990","23.57","2025-01-02 01:08:56","Promo menarik untuk anda"
"109","NEW8971","48.46","2025-07-13 23:25:24","Promo menarik untuk anda"
"110","LUCKY3536","10.06","2025-01-10 06:40:34","Promo menarik untuk anda"
"111","NEW9117","28.06","2025-05-19 10:59:29","Promo menarik untuk anda"
"112","HOT8577","14.44","2024-08-10 12:18:00","Promo menarik untuk anda"
"113","NEW1526","28.86","2025-02-04 14:15:08","Promo menarik untuk anda"
"114","MEGA7149","24.95","2024-10-30 14:54:35","Promo menarik untuk anda"
"115","DISC8878","29.3","2025-04-09 17:36:01","Promo menarik untuk anda"
"116","WINTER4625","24.39","2024-12-18 04:32:53","Promo menarik untuk anda"
"117","HOT8153","24.45","2025-03-04 19:06:53","Promo menarik untuk anda"
"118","NEW2710","25.53","2025-06-29 05:54:57","Promo menarik untuk anda"
"119","LUCKY4558","18.51","2024-09-02 01:03:40","Promo menarik untuk anda"
"120","EXTRA7690","33.87","2025-04-11 02:30:41","Promo menarik untuk anda"
"121","CRAZY8172","26.7","2025-03-26 01:48:26","Promo menarik untuk anda"
"122","SALE6494","23.58","2025-02-24 14:21:50","Promo menarik untuk anda"
"123","AUTUMN6776","11.16","2024-11-28 16:59:14","Promo menarik untuk anda"
"124","HOT2291","37.24","2025-01-25 18:43:13","Promo menarik untuk anda"
"125","AUTUMN7777","11.8","2025-05-16 00:48:08","Promo menarik untuk anda"
"126","FLASH8963","38.35","2025-07-09 09:17:51","Promo menarik untuk anda"
"127","MEGA8747","23.79","2024-08-24 12:06:41","Promo menarik untuk anda"
"128","EXTRA8400","44.32","2024-11-13 10:54:03","Promo menarik untuk anda"
"129","NEW1383","25.67","2024-10-05 07:34:58","Promo menarik untuk anda"
"130","WELCOME5675","11.68","2024-10-09 15:13:22","Promo menarik untuk anda"
"131","DISC2800","19.51","2025-07-06 15:53:50","Promo menarik untuk anda"
"132","NEW8232","34.08","2025-02-23 16:12:39","Promo menarik untuk anda"
"133","ULTRA9208","29.72","2025-07-27 04:06:18","Promo menarik untuk anda"
"134","DISC7398","16.19","2025-04-08 06:48:14","Promo menarik untuk anda"
"135","FLASH4351","12.27","2025-07-11 00:26:26","Promo menarik untuk anda"
"136","HOT3605","39.5","2024-12-31 13:15:42","Promo menarik untuk anda"
"137","SUMMER9892","39.25","2024-12-05 06:22:56","Promo menarik untuk anda"
"138","SUMMER4530","32.72","2025-03-08 03:14:47","Promo menarik untuk anda"
"139","WELCOME9638","49.61","2025-07-14 16:59:13","Promo menarik untuk anda"
"140","BONUS3297","15.57","2025-02-22 03:17:24","Promo menarik untuk anda"
"141","PROMO2356","30.06","2025-02-14 20:40:21","Promo menarik untuk anda"
"142","BONUS5111","23.05","2025-02-20 03:37:07","Promo menarik untuk anda"
"143","AUTUMN4756","34.97","2025-05-28 04:15:34","Promo menarik untuk anda"
"144","LUCKY6111","15.06","2025-06-20 05:57:34","Promo menarik untuk anda"
"145","SPRING1398","20.66","2024-11-14 14:39:36","Promo menarik untuk anda"
"146","ULTRA1337","23.86","2024-11-05 11:31:09","Promo menarik untuk anda"
"147","CRAZY5709","7.51","2024-10-20 19:16:47","Promo menarik untuk anda"
"148","HOT8967","5.56","2024-11-06 20:55:52","Promo menarik untuk anda"
"149","EXTRA5190","25.55","2025-06-18 10:01:41","Promo menarik untuk anda"
"150","VIP7353","30.38","2024-12-30 00:39:58","Promo menarik untuk anda"
"151","HOT3497","16.78","2025-02-21 21:21:32","Promo menarik untuk anda"
"152","ULTRA5049","43.17","2024-12-30 19:07:01","Promo menarik untuk anda"
"153","AUTUMN1715","23.84","2025-07-06 22:01:08","Promo menarik untuk anda"
"154","SALE5395","20.69","2025-04-08 03:13:09","Promo menarik untuk anda"
"155","PROMO7916","49.03","2024-11-20 22:29:54","Promo menarik untuk anda"
"156","SPRING5036","38.95","2025-02-05 12:52:45","Promo menarik untuk anda"
"157","WELCOME2585","26.91","2025-03-11 22:51:42","Promo menarik untuk anda"
"158","WINTER3653","26.82","2024-08-19 17:28:28","Promo menarik untuk anda"
"159","SUMMER6020","49.01","2025-05-12 08:15:39","Promo menarik untuk anda"
"160","AUTUMN6962","23.02","2024-10-04 03:58:44","Promo menarik untuk anda"
"161","MEGA7902","32.61","2025-01-16 15:06:32","Promo menarik untuk anda"
"162","HOT3680","14.15","2025-06-23 19:20:28","Promo menarik untuk anda"
"163","FREESHIP8778","29.42","2025-05-30 07:05:46","Promo menarik untuk anda"
"164","AUTUMN4836","34.27","2025-03-14 03:53:03","Promo menarik untuk anda"
"165","SALE9907","35.58","2025-02-03 04:41:25","Promo menarik untuk anda"
"166","CRAZY3468","33.31","2025-02-20 09:32:55","Promo menarik untuk anda"
"167","BONUS2573","39.31","2025-04-18 20:59:23","Promo menarik untuk anda"
"168","MEGA4115","31.58","2024-09-09 11:40:02","Promo menarik untuk anda"
"169","LUCKY1794","33.3","2025-07-24 00:45:35","Promo menarik untuk anda"
"170","WINTER3547","23.32","2024-10-05 06:11:39","Promo menarik untuk anda"
"171","ULTRA4989","9.61","2024-09-10 19:14:41","Promo menarik untuk anda"
"172","WINTER5617","28.23","2024-10-23 08:54:16","Promo menarik untuk anda"
"173","MEGA4935","34.86","2024-08-21 16:26:42","Promo menarik untuk anda"
"174","BONUS6242","20.69","2024-12-22 22:04:18","Promo menarik untuk anda"
"175","PROMO9543","41.17","2025-01-13 22:56:41","Promo menarik untuk anda"
"176","LUCKY1151","29.05","2025-01-23 08:04:51","Promo menarik untuk anda"
"177","EXTRA5879","11.05","2025-04-18 07:24:57","Promo menarik untuk anda"
"178","DISC2300","17.63","2025-02-10 13:58:10","Promo menarik untuk anda"
"179","SUMMER6093","37.38","2024-09-15 14:35:16","Promo menarik untuk anda"
"180","WELCOME6927","37.44","2025-05-24 01:37:20","Promo menarik untuk anda"
"181","NEW3966","48.66","2025-02-21 10:52:17","Promo menarik untuk anda"
"182","LUCKY7184","18.39","2024-10-06 05:06:25","Promo menarik untuk anda"
"183","WINTER9978","26.62","2024-09-27 15:38:21","Promo menarik untuk anda"
"184","MEGA5044","8.94","2025-07-07 09:24:29","Promo menarik untuk anda"
"185","SALE7306","7.78","2025-04-14 17:41:33","Promo menarik untuk anda"
"186","AUTUMN9223","20.62","2024-08-22 09:41:38","Promo menarik untuk anda"
"187","PROMO8021","42.91","2024-12-22 08:40:43","Promo menarik untuk anda"
"188","ULTRA8223","6.42","2025-03-20 21:59:49","Promo menarik untuk anda"
"189","DISC1484","35.24","2025-04-09 08:44:27","Promo menarik untuk anda"
"190","PROMO1987","29.84","2024-11-06 05:26:27","Promo menarik untuk anda"
"191","SUMMER6563","44.39","2024-10-23 02:03:35","Promo menarik untuk anda"
"192","SPRING9556","12.74","2025-08-06 18:22:21","Promo menarik untuk anda"
"193","EXTRA7426","25.28","2024-11-12 18:01:17","Promo menarik untuk anda"
"194","VIP6189","12.86","2025-05-23 21:02:21","Promo menarik untuk anda"
"195","LUCKY9715","39.94","2024-08-21 05:40:15","Promo menarik untuk anda"
"196","MEGA5757","24.58","2024-12-25 22:19:18","Promo menarik untuk anda"
"197","VIP5094","6.35","2025-04-25 19:07:05","Promo menarik untuk anda"
"198","WINTER2554","8.79","2025-07-28 10:10:19","Promo menarik untuk anda"
"199","PROMO1361","37.3","2025-01-05 21:05:59","Promo menarik untuk anda"
"200","LUCKY3959","32.65","2024-09-23 17:02:44","Promo menarik untuk anda"
"201","HOT6345","15.11","2024-12-22 13:09:02","Promo menarik untuk anda"
"202","WINTER8932","21.21","2024-12-01 18:57:19","Promo menarik untuk anda"
"203","EXTRA9060","42.61","2024-12-20 07:49:01","Promo menarik untuk anda"
"204","WELCOME2516","8.3","2025-01-11 23:02:46","Promo menarik untuk anda"
"205","VIP9852","34.31","2025-03-01 09:19:49","Promo menarik untuk anda"
"206","AUTUMN1527","18.63","2025-05-25 00:00:07","Promo menarik untuk anda"
"207","AUTUMN9404","27.37","2025-06-16 12:16:02","Promo menarik untuk anda"
"208","SALE2363","12.29","2025-06-28 23:36:23","Promo menarik untuk anda"
"209","NEW1455","32.21","2025-05-29 06:19:29","Promo menarik untuk anda"
"210","FLASH1749","15.93","2025-06-13 03:14:19","Promo menarik untuk anda"
"211","VIP4288","15.68","2024-10-14 05:31:19","Promo menarik untuk anda"
"212","AUTUMN3320","19.77","2025-02-02 18:56:03","Promo menarik untuk anda"
"213","SUMMER6450","24.93","2024-11-30 10:45:48","Promo menarik untuk anda"
"214","CRAZY2294","28.86","2024-10-09 23:41:44","Promo menarik untuk anda"
"215","PROMO5634","20.42","2025-05-25 12:06:31","Promo menarik untuk anda"
"216","DISC1405","32.3","2024-12-31 14:54:50","Promo menarik untuk anda"
"217","FREESHIP4391","27.8","2025-01-29 18:28:40","Promo menarik untuk anda"
"218","PROMO6175","29.68","2025-01-05 12:37:37","Promo menarik untuk anda"
"219","SUMMER1100","12.61","2024-12-22 18:25:59","Promo menarik untuk anda"
"220","SPRING5134","44.35","2025-02-10 05:01:23","Promo menarik untuk anda"
"221","SUPER2728","45.11","2024-11-30 12:57:52","Promo menarik untuk anda"
"222","WELCOME6516","15.54","2024-12-17 01:31:59","Promo menarik untuk anda"
"223","SPRING8490","5.35","2025-04-12 10:03:54","Promo menarik untuk anda"
"224","EXTRA6282","37.54","2025-03-29 00:39:16","Promo menarik untuk anda"
"225","HOT7973","29.89","2025-03-18 05:50:05","Promo menarik untuk anda"
"226","BONUS4825","29.38","2024-11-11 03:37:49","Promo menarik untuk anda"
"227","SUMMER1515","45.34","2024-12-26 13:29:27","Promo menarik untuk anda"
"228","EXTRA3741","5.49","2025-01-01 00:43:43","Promo menarik untuk anda"
"229","SPRING2453","40.32","2025-08-01 02:36:36","Promo menarik untuk anda"
"230","SPRING6559","36.29","2025-03-29 19:25:15","Promo menarik untuk anda"
"231","SPRING5964","35.52","2025-03-24 19:42:49","Promo menarik untuk anda"
"232","CRAZY2276","48.07","2025-01-22 20:40:28","Promo menarik untuk anda"
"233","VIP6348","11.64","2025-07-15 06:26:39","Promo menarik untuk anda"
"234","DISC6434","47.16","2024-11-13 23:39:28","Promo menarik untuk anda"
"235","AUTUMN4411","43.9","2025-02-16 07:38:12","Promo menarik untuk anda"
"236","SUMMER3545","23.13","2025-03-15 15:24:30","Promo menarik untuk anda"
"237","FLASH1493","7.91","2024-12-01 02:27:18","Promo menarik untuk anda"
"238","SUMMER9741","25.86","2025-08-04 19:05:14","Promo menarik untuk anda"
"239","BONUS5977","45.4","2024-08-14 11:20:26","Promo menarik untuk anda"
"240","HOT7064","28.34","2024-12-12 16:44:42","Promo menarik untuk anda"
"241","FREESHIP8457","32.67","2025-08-07 15:26:50","Promo menarik untuk anda"
"242","ULTRA1500","13.8","2025-07-23 20:17:22","Promo menarik untuk anda"
"243","CRAZY5816","35.81","2025-07-02 10:56:18","Promo menarik untuk anda"
"244","LUCKY6156","32.85","2025-03-14 06:58:30","Promo menarik untuk anda"
"245","FREESHIP3071","40.59","2025-05-07 15:00:27","Promo menarik untuk anda"
"246","WINTER9556","8.33","2025-06-08 11:32:38","Promo menarik untuk anda"
"247","SPRING2883","21.56","2024-12-08 22:34:22","Promo menarik untuk anda"
"248","VIP3179","35.23","2025-03-22 14:42:16","Promo menarik untuk anda"
"249","VIP4664","35.14","2024-12-25 04:40:35","Promo menarik untuk anda"
"250","FREEFLAG2025","100","2025-07-03 14:27:56","Special flag coupon"
"251","FLASH6185","30.02","2025-01-02 02:58:34","Promo menarik untuk anda"
"252","SUPER3540","30.28","2024-11-30 02:31:10","Promo menarik untuk anda"
"253","HOT4964","32.01","2025-07-09 14:34:14","Promo menarik untuk anda"
"254","FREESHIP5582","40.19","2024-12-28 10:18:10","Promo menarik untuk anda"
"255","WELCOME1834","33.69","2024-12-18 17:46:03","Promo menarik untuk anda"
"256","PROMO7331","48.19","2025-06-29 07:44:01","Promo menarik untuk anda"
"257","CRAZY1396","28.96","2025-07-10 18:05:07","Promo menarik untuk anda"
"258","CRAZY6411","33","2024-12-17 03:24:53","Promo menarik untuk anda"
"259","MEGA3000","49.22","2024-08-21 03:10:34","Promo menarik untuk anda"
"260","PROMO1545","20.78","2024-11-05 06:03:34","Promo menarik untuk anda"
"261","LUCKY7797","19.89","2024-12-13 01:34:55","Promo menarik untuk anda"
"262","WINTER6850","7.98","2025-03-31 17:08:45","Promo menarik untuk anda"
"263","FREESHIP7538","11.88","2025-08-04 22:12:43","Promo menarik untuk anda"
"264","MEGA6526","15.98","2024-11-13 13:09:52","Promo menarik untuk anda"
"265","ULTRA4274","40.04","2025-01-25 21:14:40","Promo menarik untuk anda"
"266","WINTER9151","45.36","2025-06-20 20:17:58","Promo menarik untuk anda"
"267","MEGA7661","38.15","2025-08-08 06:07:14","Promo menarik untuk anda"
"268","MEGA3818","27.7","2024-09-19 16:51:43","Promo menarik untuk anda"
"269","CRAZY9859","32.21","2025-03-23 10:55:00","Promo menarik untuk anda"
"270","NEW4669","49.14","2025-01-13 06:17:13","Promo menarik untuk anda"
"271","ULTRA9997","35.62","2025-07-18 22:10:44","Promo menarik untuk anda"
"272","PROMO3452","45.71","2024-10-21 03:02:21","Promo menarik untuk anda"
"273","MEGA5882","38.07","2025-07-07 02:24:50","Promo menarik untuk anda"
"274","SUPER1999","25.8","2025-02-05 02:34:55","Promo menarik untuk anda"
"275","AUTUMN5828","14.4","2025-04-20 21:58:37","Promo menarik untuk anda"
"276","HOT3615","13.54","2025-06-21 05:20:30","Promo menarik untuk anda"
"277","SUMMER6709","20.42","2024-08-26 03:30:49","Promo menarik untuk anda"
"278","HOT6013","39.81","2025-06-09 16:09:18","Promo menarik untuk anda"
"279","SALE9645","17.64","2024-08-29 03:09:57","Promo menarik untuk anda"
"280","SALE9306","24.41","2025-06-03 20:11:56","Promo menarik untuk anda"
"281","MEGA6076","42.7","2025-06-20 15:49:46","Promo menarik untuk anda"
"282","SPRING1713","30.4","2024-08-26 05:16:11","Promo menarik untuk anda"
"283","WINTER1804","35.93","2025-03-08 00:36:06","Promo menarik untuk anda"
"284","FREESHIP5929","8.72","2024-10-30 23:36:59","Promo menarik untuk anda"
"285","FLASH8943","26.32","2025-06-07 16:16:26","Promo menarik untuk anda"
"286","VIP7095","26.69","2025-04-25 16:32:26","Promo menarik untuk anda"
"287","WINTER2500","22.74","2024-10-29 14:15:04","Promo menarik untuk anda"
"288","SUPER1031","37.88","2025-01-08 18:45:08","Promo menarik untuk anda"
"289","SUMMER4136","12.51","2025-04-29 15:32:49","Promo menarik untuk anda"
"290","WINTER8129","38.14","2024-09-18 18:45:38","Promo menarik untuk anda"
"291","VIP8014","44.23","2025-06-03 14:13:28","Promo menarik untuk anda"
"292","BONUS6136","6.33","2024-12-23 01:54:36","Promo menarik untuk anda"
"293","AUTUMN5706","33.66","2025-01-21 23:22:25","Promo menarik untuk anda"
"294","SPRING9972","15.73","2024-09-09 00:41:14","Promo menarik untuk anda"
"295","SPRING2927","46.91","2025-06-25 02:38:20","Promo menarik untuk anda"
"296","BONUS5668","32.27","2024-10-31 07:27:19","Promo menarik untuk anda"
"297","DISC7675","28.75","2024-08-28 11:44:09","Promo menarik untuk anda"
"298","HOT4508","39.57","2024-11-28 16:18:01","Promo menarik untuk anda"
"299","SUPER6786","18.72","2025-06-06 11:25:21","Promo menarik untuk anda"
"300","WINTER2296","21.98","2025-04-03 09:38:53","Promo menarik untuk anda"
"301","FLASH5671","49.99","2024-10-27 18:00:21","Promo menarik untuk anda"
"302","WELCOME4599","25.53","2025-04-23 18:44:25","Promo menarik untuk anda"
"303","DISC6225","9.47","2025-04-02 00:05:42","Promo menarik untuk anda"
"304","FLASH6837","30.38","2024-08-17 02:51:35","Promo menarik untuk anda"
"305","WINTER6367","10.11","2025-02-28 00:44:57","Promo menarik untuk anda"
"306","LUCKY3614","17.52","2025-08-07 10:52:12","Promo menarik untuk anda"
"307","DISC6615","43","2024-10-19 22:50:27","Promo menarik untuk anda"
"308","BONUS5230","9.25","2025-05-28 22:57:02","Promo menarik untuk anda"
"309","VIP5905","33.67","2024-11-25 17:51:58","Promo menarik untuk anda"
"310","FREESHIP2544","35.01","2025-01-14 23:04:46","Promo menarik untuk anda"
"311","DISC2049","23.54","2024-10-05 05:02:45","Promo menarik untuk anda"
"312","HOT9608","46.95","2025-05-14 18:35:36","Promo menarik untuk anda"
"313","WELCOME5746","49.35","2025-01-03 09:07:02","Promo menarik untuk anda"
"314","MEGA2058","37.05","2024-11-09 03:40:48","Promo menarik untuk anda"
"315","FLASH6621","12.55","2025-05-17 20:09:23","Promo menarik untuk anda"
"316","AUTUMN5395","12.48","2025-03-31 08:45:10","Promo menarik untuk anda"
"317","AUTUMN1067","42.36","2024-12-21 04:25:54","Promo menarik untuk anda"
"318","PROMO8095","47.31","2025-06-29 13:01:28","Promo menarik untuk anda"
"319","SUMMER6731","9.3","2025-07-27 16:30:00","Promo menarik untuk anda"
"320","SALE6687","45.66","2025-01-08 23:59:57","Promo menarik untuk anda"
"321","PROMO5811","23","2024-09-22 06:41:59","Promo menarik untuk anda"
"322","SUPER1560","12.42","2025-03-24 12:05:50","Promo menarik untuk anda"
"323","SPRING9310","21.76","2024-10-11 10:21:50","Promo menarik untuk anda"
"324","EXTRA4796","19.04","2025-05-07 17:13:12","Promo menarik untuk anda"
"325","HOT8963","35.69","2025-03-22 19:06:45","Promo menarik untuk anda"
"326","SALE6892","20.58","2024-10-08 05:16:08","Promo menarik untuk anda"
"327","CRAZY3200","40.4","2024-12-17 05:52:31","Promo menarik untuk anda"
"328","HOT8528","38.32","2025-04-13 16:11:31","Promo menarik untuk anda"
"329","AUTUMN6540","48.56","2024-10-10 13:42:17","Promo menarik untuk anda"
"330","WELCOME3958","40.78","2024-12-30 21:25:01","Promo menarik untuk anda"
"331","DISC8204","17.08","2025-01-08 13:26:03","Promo menarik untuk anda"
"332","SUPER9704","18.31","2025-07-27 22:03:00","Promo menarik untuk anda"
"333","VIP5727","34.45","2025-03-01 07:21:08","Promo menarik untuk anda"
"334","NEW8846","34.17","2025-02-24 01:42:29","Promo menarik untuk anda"
"335","HOT7134","15.42","2025-07-04 22:05:44","Promo menarik untuk anda"
"336","DISC7866","46.4","2024-08-12 05:14:14","Promo menarik untuk anda"
"337","CRAZY8612","21.55","2024-11-05 07:12:07","Promo menarik untuk anda"
"338","FREESHIP4495","21.89","2025-03-23 09:03:04","Promo menarik untuk anda"
"339","ULTRA1407","15.77","2025-02-10 04:01:21","Promo menarik untuk anda"
"340","NEW1628","8.23","2024-10-05 02:16:58","Promo menarik untuk anda"
"341","SALE1619","41.13","2025-06-14 16:30:39","Promo menarik untuk anda"
"342","PROMO6787","15.76","2025-07-23 03:57:45","Promo menarik untuk anda"
"343","EXTRA6528","14.24","2024-11-30 13:50:21","Promo menarik untuk anda"
"344","SUMMER9866","18.4","2024-12-31 12:29:44","Promo menarik untuk anda"
"345","WINTER2929","37.43","2025-07-18 15:36:04","Promo menarik untuk anda"
"346","NEW7677","32.21","2025-01-21 16:57:32","Promo menarik untuk anda"
"347","FREESHIP3040","35.04","2025-07-13 07:07:07","Promo menarik untuk anda"
"348","LUCKY8657","8.87","2025-02-06 23:35:21","Promo menarik untuk anda"
"349","NEW1653","10.32","2025-01-15 09:42:50","Promo menarik untuk anda"
"350","CRAZY8979","47.98","2025-03-15 11:25:08","Promo menarik untuk anda"
"351","SUPER5134","19.65","2025-01-21 12:28:26","Promo menarik untuk anda"
"352","BONUS4246","31.42","2024-08-21 20:39:24","Promo menarik untuk anda"
"353","PROMO4269","37.15","2025-01-18 13:49:10","Promo menarik untuk anda"
"354","EXTRA2985","23.86","2024-12-06 08:50:54","Promo menarik untuk anda"
"355","CRAZY7684","34.15","2025-04-06 22:22:00","Promo menarik untuk anda"
"356","VIP3638","8.74","2025-02-15 17:57:03","Promo menarik untuk anda"
"357","WELCOME7977","32.3","2025-07-15 17:42:12","Promo menarik untuk anda"
"358","DISC3426","48.65","2024-08-20 17:45:45","Promo menarik untuk anda"
"359","ULTRA6389","26.77","2025-02-10 10:26:44","Promo menarik untuk anda"
"360","FREESHIP7910","38.54","2025-02-03 21:05:12","Promo menarik untuk anda"
"361","FLASH6262","24.96","2025-04-24 10:36:06","Promo menarik untuk anda"
"362","BONUS5168","31.32","2025-06-05 18:01:03","Promo menarik untuk anda"
"363","MEGA1760","7.61","2025-04-17 03:25:15","Promo menarik untuk anda"
"364","SUMMER1366","46.38","2025-04-28 02:00:36","Promo menarik untuk anda"
"365","SUPER7839","21.4","2025-08-06 03:36:12","Promo menarik untuk anda"
"366","FLASH2944","5.14","2024-08-28 20:21:16","Promo menarik untuk anda"
"367","AUTUMN5448","30.83","2025-02-23 07:27:06","Promo menarik untuk anda"
"368","PROMO2781","11.24","2025-06-18 19:56:45","Promo menarik untuk anda"
"369","WELCOME8675","35.05","2024-08-26 09:01:18","Promo menarik untuk anda"
"370","BONUS4989","8.69","2025-03-22 12:11:05","Promo menarik untuk anda"
"371","LUCKY6569","28.19","2025-02-28 00:39:47","Promo menarik untuk anda"
"372","AUTUMN8560","16.66","2025-08-06 22:35:30","Promo menarik untuk anda"
"373","SPRING6099","33.39","2024-10-08 15:31:59","Promo menarik untuk anda"
"374","FREESHIP6673","8.03","2025-06-20 11:34:32","Promo menarik untuk anda"
"375","SPRING2280","31.31","2025-03-02 20:44:33","Promo menarik untuk anda"
"376","WINTER1534","49.82","2025-06-14 04:46:11","Promo menarik untuk anda"
"377","WINTER9992","35.61","2025-06-01 15:07:56","Promo menarik untuk anda"
"378","SUPER5460","36.08","2024-12-31 07:19:43","Promo menarik untuk anda"
"379","VIP7670","31.86","2025-07-05 19:55:36","Promo menarik untuk anda"
"380","VIP6854","19.7","2025-03-10 08:47:52","Promo menarik untuk anda"
"381","PROMO4967","37.24","2024-11-08 18:02:34","Promo menarik untuk anda"
"382","FREESHIP4868","47.72","2024-09-30 12:30:49","Promo menarik untuk anda"
"383","AUTUMN2532","5.27","2025-06-16 03:33:09","Promo menarik untuk anda"
"384","HOT8447","34.49","2024-08-30 04:02:51","Promo menarik untuk anda"
"385","MEGA4462","47.92","2025-08-06 19:59:55","Promo menarik untuk anda"
"386","PROMO8751","42.73","2024-12-03 18:06:37","Promo menarik untuk anda"
"387","DISC3806","39.83","2025-06-15 01:08:42","Promo menarik untuk anda"
"388","SUMMER7362","23.55","2025-01-07 13:53:54","Promo menarik untuk anda"
"389","CRAZY3145","22.13","2025-06-13 09:57:30","Promo menarik untuk anda"
"390","VIP9288","8.06","2024-12-02 22:00:33","Promo menarik untuk anda"
"391","FREESHIP6729","5.92","2024-11-19 02:02:59","Promo menarik untuk anda"
"392","SPRING9990","17.31","2024-11-27 05:05:05","Promo menarik untuk anda"
"393","MEGA3186","11.3","2025-05-05 17:06:13","Promo menarik untuk anda"
"394","WELCOME8205","16.07","2024-10-12 22:30:50","Promo menarik untuk anda"
"395","LUCKY9164","48.03","2025-06-27 16:51:49","Promo menarik untuk anda"
"396","SALE7205","48.22","2024-11-15 22:19:49","Promo menarik untuk anda"
"397","HOT2720","29.47","2025-02-08 08:00:20","Promo menarik untuk anda"
"398","AUTUMN7743","40.02","2024-09-21 12:14:04","Promo menarik untuk anda"
"399","CRAZY3782","36.14","2025-03-29 18:33:51","Promo menarik untuk anda"
"400","FREESHIP4046","40.5","2025-02-12 19:29:45","Promo menarik untuk anda"
"401","AUTUMN7172","38.3","2025-01-04 01:32:55","Promo menarik untuk anda"
"402","CRAZY5803","30.51","2025-04-04 03:31:41","Promo menarik untuk anda"
"403","NEW1465","49.54","2025-03-02 15:53:13","Promo menarik untuk anda"
"404","DISC1516","37.21","2024-09-19 00:51:01","Promo menarik untuk anda"
"405","NEW1805","7.76","2025-01-08 18:43:19","Promo menarik untuk anda"
"406","FLASH7120","13.62","2025-05-13 23:25:11","Promo menarik untuk anda"
"407","WINTER2313","26.77","2025-02-02 03:20:38","Promo menarik untuk anda"
"408","BONUS4237","18.29","2024-11-03 05:41:06","Promo menarik untuk anda"
"409","FLASH3619","42.53","2025-05-29 17:51:50","Promo menarik untuk anda"
"410","SPRING7069","26.4","2025-06-02 19:44:23","Promo menarik untuk anda"
"411","NEW9850","5.7","2024-09-11 04:53:56","Promo menarik untuk anda"
"412","SUPER6640","20.6","2025-07-26 08:52:02","Promo menarik untuk anda"
"413","DISC4194","12.48","2025-05-12 07:08:28","Promo menarik untuk anda"
"414","CRAZY1544","8.79","2024-11-28 02:58:24","Promo menarik untuk anda"
"415","BONUS9704","32.13","2025-07-16 11:15:44","Promo menarik untuk anda"
"416","WINTER8274","13.19","2024-11-23 08:35:21","Promo menarik untuk anda"
"417","ULTRA8974","13.78","2025-03-04 15:42:25","Promo menarik untuk anda"
"418","SALE7551","47.77","2024-11-27 14:29:45","Promo menarik untuk anda"
"419","DISC7841","24.52","2024-11-21 03:16:53","Promo menarik untuk anda"
"420","EXTRA6629","15.84","2025-07-27 05:17:27","Promo menarik untuk anda"
"421","SUMMER6869","19.11","2024-10-20 05:02:07","Promo menarik untuk anda"
"422","ULTRA1181","17.93","2024-10-29 05:13:13","Promo menarik untuk anda"
"423","VIP7829","18.75","2025-02-04 01:54:14","Promo menarik untuk anda"
"424","SUPER5514","17.95","2024-09-19 04:20:30","Promo menarik untuk anda"
"425","BONUS4072","42.44","2025-03-11 19:25:35","Promo menarik untuk anda"
"426","CRAZY1487","18.35","2025-07-08 18:54:10","Promo menarik untuk anda"
"427","VIP6973","45.95","2025-02-23 01:01:29","Promo menarik untuk anda"
"428","SPRING4737","38.92","2024-10-31 06:34:25","Promo menarik untuk anda"
"429","SUPER5482","20.35","2024-12-28 05:35:49","Promo menarik untuk anda"
"430","AUTUMN9001","12.17","2025-01-30 22:56:26","Promo menarik untuk anda"
"431","SALE2715","43.42","2024-10-31 12:48:51","Promo menarik untuk anda"
"432","AUTUMN6739","16.22","2024-10-09 04:08:46","Promo menarik untuk anda"
"433","LUCKY9833","28.88","2025-01-27 18:48:10","Promo menarik untuk anda"
"434","PROMO8752","42.54","2024-10-24 00:07:30","Promo menarik untuk anda"
"435","NEW5344","47.59","2024-08-25 08:07:23","Promo menarik untuk anda"
"436","EXTRA5615","26.05","2024-10-22 22:40:48","Promo menarik untuk anda"
"437","CRAZY3354","9.86","2025-04-30 20:18:50","Promo menarik untuk anda"
"438","NEW9607","47.96","2024-11-07 03:41:08","Promo menarik untuk anda"
"439","SPRING7768","17.24","2024-11-28 15:06:39","Promo menarik untuk anda"
"440","FREESHIP2453","28.07","2025-07-22 09:37:04","Promo menarik untuk anda"
"441","SPRING1818","5.49","2025-01-16 02:54:16","Promo menarik untuk anda"
"442","SUPER4771","24.82","2025-07-14 07:17:31","Promo menarik untuk anda"
"443","CRAZY9802","8.17","2025-02-13 13:23:14","Promo menarik untuk anda"
"444","SUMMER9057","27.57","2024-10-06 15:59:55","Promo menarik untuk anda"
"445","NEW3255","16.94","2024-10-13 18:54:05","Promo menarik untuk anda"
"446","SPRING4450","9.69","2025-05-08 16:01:40","Promo menarik untuk anda"
"447","FREESHIP3797","41.56","2024-10-26 11:51:37","Promo menarik untuk anda"
"448","SUPER5590","22.59","2024-12-13 21:17:49","Promo menarik untuk anda"
"449","FREESHIP3168","7.39","2025-03-16 23:50:38","Promo menarik untuk anda"
"450","ULTRA2086","46.33","2024-10-08 13:23:16","Promo menarik untuk anda"
"451","FREESHIP7050","15.17","2025-06-11 03:43:51","Promo menarik untuk anda"
"452","SALE3832","12.09","2024-10-22 02:42:00","Promo menarik untuk anda"
"453","BONUS5232","26.26","2025-05-30 01:58:19","Promo menarik untuk anda"
"454","LUCKY4260","15.37","2025-06-03 04:05:05","Promo menarik untuk anda"
"455","SALE3894","14.63","2024-08-19 19:54:45","Promo menarik untuk anda"
"456","EXTRA1306","28.54","2025-05-05 18:39:00","Promo menarik untuk anda"
"457","MEGA9184","27.99","2024-12-28 13:25:05","Promo menarik untuk anda"
"458","BONUS7276","38.78","2025-01-14 17:12:10","Promo menarik untuk anda"
"459","WELCOME9391","19.68","2024-12-16 07:31:37","Promo menarik untuk anda"
"460","VIP5957","32.47","2024-10-12 19:57:36","Promo menarik untuk anda"
"461","EXTRA8366","29.48","2025-01-08 19:37:09","Promo menarik untuk anda"
"462","SUMMER1507","41.87","2024-10-22 05:05:59","Promo menarik untuk anda"
"463","AUTUMN7761","31.79","2025-03-31 19:44:04","Promo menarik untuk anda"
"464","FREESHIP9465","39.47","2025-01-11 21:49:43","Promo menarik untuk anda"
"465","HOT5121","11.42","2025-02-13 02:22:43","Promo menarik untuk anda"
"466","VIP9274","39.75","2025-02-17 11:36:47","Promo menarik untuk anda"
"467","MEGA5276","5.74","2025-08-04 18:47:27","Promo menarik untuk anda"
"468","PROMO7049","38.53","2025-03-17 08:49:05","Promo menarik untuk anda"
"469","SALE2723","21.08","2025-05-05 11:55:07","Promo menarik untuk anda"
"470","CRAZY5429","21.7","2025-03-07 04:21:14","Promo menarik untuk anda"
"471","MEGA9473","36.9","2025-06-23 12:27:41","Promo menarik untuk anda"
"472","SALE3442","22.04","2025-02-21 15:47:20","Promo menarik untuk anda"
"473","HOT9279","30.86","2024-11-04 18:16:37","Promo menarik untuk anda"
"474","WELCOME1121","19.99","2025-01-29 04:09:49","Promo menarik untuk anda"
"475","SUPER5370","31.01","2024-12-02 19:56:03","Promo menarik untuk anda"
"476","SPRING8955","46.8","2025-02-24 22:41:55","Promo menarik untuk anda"
"477","EXTRA9090","12.32","2025-04-11 17:58:45","Promo menarik untuk anda"
"478","FREESHIP3381","22.23","2024-11-20 23:25:40","Promo menarik untuk anda"
"479","FLASH1180","11.74","2025-04-06 21:53:57","Promo menarik untuk anda"
"480","EXTRA8605","10.56","2025-02-03 08:19:12","Promo menarik untuk anda"
"481","ULTRA8006","26.26","2024-09-23 23:20:10","Promo menarik untuk anda"
"482","SPRING6641","46.3","2024-08-30 02:29:24","Promo menarik untuk anda"
"483","ULTRA3759","29.73","2025-06-18 08:13:00","Promo menarik untuk anda"
"484","HOT2456","25.92","2025-05-27 07:36:50","Promo menarik untuk anda"
"485","DISC4128","10.63","2025-04-26 19:52:17","Promo menarik untuk anda"
"486","BONUS1848","12.6","2025-08-03 10:50:10","Promo menarik untuk anda"
"487","DISC8135","8.27","2024-12-06 09:47:55","Promo menarik untuk anda"
"488","NEW7415","35.75","2024-12-22 09:22:28","Promo menarik untuk anda"
"489","SPRING2383","33.08","2025-06-05 16:09:41","Promo menarik untuk anda"
"490","EXTRA4464","38.67","2025-06-04 01:17:52","Promo menarik untuk anda"
"491","ULTRA1166","49.8","2025-01-30 03:47:19","Promo menarik untuk anda"
"492","MEGA9504","19.73","2024-11-20 07:31:03","Promo menarik untuk anda"
"493","FREESHIP6303","43.16","2024-12-13 12:23:55","Promo menarik untuk anda"
"494","SALE8297","15.56","2024-08-18 07:57:47","Promo menarik untuk anda"
"495","SPRING1955","15","2025-06-03 15:07:48","Promo menarik untuk anda"
"496","ULTRA6037","41.88","2024-08-22 12:07:55","Promo menarik untuk anda"
"497","SUPER4402","39.58","2024-10-19 05:21:42","Promo menarik untuk anda"
"498","HOT8997","8.94","2025-07-09 08:04:33","Promo menarik untuk anda"
"499","NEW3672","22.71","2025-05-07 14:33:10","Promo menarik untuk anda"
"500","VIP7761","46.64","2025-07-08 22:54:49","Promo menarik untuk anda"
"501","SUMMER8664","16.55","2024-12-14 06:41:42","Promo menarik untuk anda"
"502","MEGA7104","16.56","2025-01-31 18:23:04","Promo menarik untuk anda"
"503","NEW7981","5.72","2025-02-02 22:46:56","Promo menarik untuk anda"
"504","MEGA6016","46.63","2024-08-21 16:11:43","Promo menarik untuk anda"
"505","MEGA9099","24.22","2024-10-11 09:39:39","Promo menarik untuk anda"
"506","CRAZY2756","21.4","2025-02-20 22:37:47","Promo menarik untuk anda"
"507","PROMO7655","23.32","2025-02-13 17:09:08","Promo menarik untuk anda"
"508","SUPER1016","18.63","2025-05-09 18:22:02","Promo menarik untuk anda"
"509","WELCOME2263","38.77","2025-03-06 23:27:24","Promo menarik untuk anda"
"510","SALE9087","22.2","2025-07-10 03:55:27","Promo menarik untuk anda"
"511","HOT2665","36.07","2025-04-14 13:45:55","Promo menarik untuk anda"
"512","VIP6534","5.88","2025-07-22 06:28:47","Promo menarik untuk anda"
"513","DISC7681","12.55","2025-05-27 04:07:47","Promo menarik untuk anda"
"514","SUPER4330","40.39","2025-03-15 21:59:10","Promo menarik untuk anda"
"515","WELCOME5120","9.39","2024-11-18 21:50:51","Promo menarik untuk anda"
"516","SUPER4370","13.4","2025-01-04 01:51:11","Promo menarik untuk anda"
"517","EXTRA4889","19.3","2025-04-19 09:42:53","Promo menarik untuk anda"
"518","VIP7689","29.16","2025-04-03 04:00:59","Promo menarik untuk anda"
"519","SPRING9958","22.67","2025-07-20 14:18:59","Promo menarik untuk anda"
"520","CRAZY5617","17.71","2024-11-07 22:58:13","Promo menarik untuk anda"
"521","BONUS6975","27.5","2024-10-13 18:50:37","Promo menarik untuk anda"
"522","PROMO7942","43.35","2025-06-08 07:45:24","Promo menarik untuk anda"
"523","SALE3100","7.57","2025-01-07 00:19:04","Promo menarik untuk anda"
"524","EXTRA3122","43.98","2025-06-06 21:30:12","Promo menarik untuk anda"
"525","WINTER8899","45.07","2024-12-10 08:40:33","Promo menarik untuk anda"
"526","CRAZY8175","5.11","2025-05-17 01:13:53","Promo menarik untuk anda"
"527","SALE4542","28.37","2025-02-10 04:16:48","Promo menarik untuk anda"
"528","DISC4511","14.52","2025-07-02 11:59:07","Promo menarik untuk anda"
"529","CRAZY2011","35.84","2024-09-10 17:10:11","Promo menarik untuk anda"
"530","VIP4755","8.83","2025-04-15 23:26:56","Promo menarik untuk anda"
"531","PROMO1762","33.58","2025-01-11 06:46:27","Promo menarik untuk anda"
"532","ULTRA2819","14.04","2025-02-28 14:51:30","Promo menarik untuk anda"
"533","WINTER3288","17.78","2024-09-11 06:53:45","Promo menarik untuk anda"
"534","FLASH3552","13.89","2025-02-27 16:32:02","Promo menarik untuk anda"
"535","SPRING5355","30.53","2025-06-04 21:05:07","Promo menarik untuk anda"
"536","MEGA7947","28.61","2024-09-13 00:12:29","Promo menarik untuk anda"
"537","ULTRA4658","16.65","2024-08-14 14:43:18","Promo menarik untuk anda"
"538","FREESHIP2657","31.04","2024-09-18 12:21:30","Promo menarik untuk anda"
"539","WINTER5924","47.54","2024-12-07 23:05:56","Promo menarik untuk anda"
"540","LUCKY5916","21.24","2025-04-09 02:12:32","Promo menarik untuk anda"
"541","WELCOME4027","20.35","2025-06-11 08:49:04","Promo menarik untuk anda"
"542","HOT5301","17.74","2025-04-19 23:48:57","Promo menarik untuk anda"
"543","EXTRA6060","12.86","2025-07-21 00:09:29","Promo menarik untuk anda"
"544","HOT5383","28.48","2025-05-07 21:30:21","Promo menarik untuk anda"
"545","LUCKY5863","18.68","2025-06-08 15:48:08","Promo menarik untuk anda"
"546","AUTUMN4551","28.52","2025-01-16 00:07:37","Promo menarik untuk anda"
"547","CRAZY6166","17.43","2025-06-11 04:14:22","Promo menarik untuk anda"
"548","MEGA9258","17.04","2024-11-12 01:41:40","Promo menarik untuk anda"
"549","HOT2569","7.21","2025-02-16 03:49:39","Promo menarik untuk anda"
"550","MEGA4578","21.75","2025-04-27 00:15:13","Promo menarik untuk anda"
"551","DISC6052","23.74","2025-02-01 18:51:06","Promo menarik untuk anda"
"552","FLASH6147","20.49","2025-04-18 00:56:32","Promo menarik untuk anda"
"553","DISC4591","26.98","2025-02-13 00:57:03","Promo menarik untuk anda"
"554","WELCOME9824","43.59","2024-11-13 13:52:47","Promo menarik untuk anda"
"555","SALE2224","37.04","2024-12-06 15:03:55","Promo menarik untuk anda"
"556","VIP8221","48.33","2025-03-31 19:59:45","Promo menarik untuk anda"
"557","AUTUMN6200","29.67","2025-05-02 21:05:07","Promo menarik untuk anda"
"558","LUCKY1701","11.17","2025-07-19 03:43:37","Promo menarik untuk anda"
"559","VIP1114","21.01","2025-01-17 20:42:40","Promo menarik untuk anda"
"560","SPRING6194","12.6","2025-05-31 15:17:48","Promo menarik untuk anda"
"561","SUPER2473","49.99","2025-08-02 13:25:55","Promo menarik untuk anda"
"562","PROMO2093","23.05","2024-09-06 19:21:53","Promo menarik untuk anda"
"563","PROMO2159","29.61","2025-05-27 07:31:32","Promo menarik untuk anda"
"564","NEW7678","42.74","2024-11-15 23:38:18","Promo menarik untuk anda"
"565","FLASH4388","7.18","2024-11-30 23:47:10","Promo menarik untuk anda"
"566","SUPER7509","26.56","2024-08-24 09:55:44","Promo menarik untuk anda"
"567","FREESHIP8998","38.8","2025-02-07 22:39:45","Promo menarik untuk anda"
"568","VIP1760","49.93","2024-10-22 03:41:50","Promo menarik untuk anda"
"569","EXTRA2469","13.94","2025-02-28 09:32:24","Promo menarik untuk anda"
"570","HOT3259","18.18","2024-08-10 17:23:43","Promo menarik untuk anda"
"571","FLASH7474","49.8","2024-10-17 13:55:25","Promo menarik untuk anda"
"572","SUPER8628","19.19","2025-01-23 02:50:15","Promo menarik untuk anda"
"573","VIP9724","47.05","2024-09-10 05:35:04","Promo menarik untuk anda"
"574","AUTUMN1473","33.34","2025-06-20 05:23:55","Promo menarik untuk anda"
"575","FREESHIP2529","24.2","2024-12-25 00:17:43","Promo menarik untuk anda"
"576","HOT3056","28.6","2024-09-07 17:43:47","Promo menarik untuk anda"
"577","DISC4865","36.34","2025-05-08 08:25:45","Promo menarik untuk anda"
"578","DISC2744","37.37","2025-04-06 05:55:04","Promo menarik untuk anda"
"579","SPRING2773","25.08","2025-02-13 23:06:00","Promo menarik untuk anda"
"580","FLASH1212","49.39","2025-02-28 21:42:52","Promo menarik untuk anda"
"581","SALE4055","12.89","2024-09-04 22:08:01","Promo menarik untuk anda"
"582","SUMMER1105","26.23","2025-06-13 20:16:45","Promo menarik untuk anda"
"583","MEGA6672","23.89","2025-03-10 11:47:42","Promo menarik untuk anda"
"584","LUCKY6686","22.83","2025-03-28 02:41:54","Promo menarik untuk anda"
"585","WINTER4190","34.97","2025-03-05 04:33:58","Promo menarik untuk anda"
"586","MEGA5585","23.95","2025-07-03 20:48:17","Promo menarik untuk anda"
"587","HOT4436","31.5","2024-09-06 20:44:31","Promo menarik untuk anda"
"588","DISC7348","47.43","2025-08-02 01:36:58","Promo menarik untuk anda"
"589","HOT3973","25.64","2025-05-31 05:41:55","Promo menarik untuk anda"
"590","FREESHIP7661","42.28","2024-10-27 23:04:54","Promo menarik untuk anda"
"591","EXTRA5456","27.91","2025-01-15 23:48:56","Promo menarik untuk anda"
"592","DISC5430","38.39","2024-10-14 06:26:14","Promo menarik untuk anda"
"593","FREESHIP7007","9.92","2025-02-01 17:37:45","Promo menarik untuk anda"
"594","PROMO6797","26.31","2025-05-30 14:58:14","Promo menarik untuk anda"
"595","MEGA4193","40.26","2024-10-26 18:22:39","Promo menarik untuk anda"
"596","FREESHIP5279","31.23","2025-05-01 05:27:50","Promo menarik untuk anda"
"597","SPRING8797","10.3","2025-01-01 03:05:33","Promo menarik untuk anda"
"598","NEW9864","31.69","2025-08-06 00:18:15","Promo menarik untuk anda"
"599","PROMO4633","28.95","2024-09-19 08:09:48","Promo menarik untuk anda"
"600","MEGA3351","30.46","2025-06-12 01:58:15","Promo menarik untuk anda"
"601","ULTRA1459","20.5","2025-03-24 05:27:24","Promo menarik untuk anda"
"602","AUTUMN2997","44.27","2025-02-06 17:01:11","Promo menarik untuk anda"
"603","SUPER7057","16.55","2025-07-20 10:17:26","Promo menarik untuk anda"
"604","AUTUMN4095","35.74","2025-01-26 21:44:50","Promo menarik untuk anda"
"605","DISC8813","47.96","2025-06-29 16:59:04","Promo menarik untuk anda"
"606","VIP9331","35.8","2025-05-19 02:25:06","Promo menarik untuk anda"
"607","SALE3165","40.93","2025-01-11 00:49:35","Promo menarik untuk anda"
"608","AUTUMN3382","44.69","2025-07-24 14:15:32","Promo menarik untuk anda"
"609","MEGA3311","22.76","2025-03-08 16:47:46","Promo menarik untuk anda"
"610","SALE2281","45.95","2025-01-02 20:46:53","Promo menarik untuk anda"
"611","CRAZY8356","25.45","2025-05-30 09:11:17","Promo menarik untuk anda"
"612","PROMO1144","41.15","2024-08-16 14:17:17","Promo menarik untuk anda"
"613","CRAZY1717","37.91","2024-11-03 05:17:35","Promo menarik untuk anda"
"614","WELCOME4361","5.65","2025-05-01 05:07:30","Promo menarik untuk anda"
"615","DISC9243","31.73","2024-11-25 23:34:51","Promo menarik untuk anda"
"616","FREESHIP8244","21.59","2025-01-23 20:16:24","Promo menarik untuk anda"
"617","HOT6835","13.96","2025-05-11 19:09:23","Promo menarik untuk anda"
"618","LUCKY7030","8.38","2025-06-29 11:34:49","Promo menarik untuk anda"
"619","DISC9317","19.49","2024-11-05 06:36:09","Promo menarik untuk anda"
"620","LUCKY1482","39.55","2024-11-10 23:46:02","Promo menarik untuk anda"
"621","EXTRA3971","20.57","2024-10-28 13:52:56","Promo menarik untuk anda"
"622","PROMO1673","45.74","2025-01-08 07:34:47","Promo menarik untuk anda"
"623","EXTRA1865","25.47","2025-06-09 09:40:16","Promo menarik untuk anda"
"624","LUCKY8099","5.83","2025-03-27 18:32:43","Promo menarik untuk anda"
"625","MEGA1277","39.3","2024-11-05 20:56:10","Promo menarik untuk anda"
"626","CRAZY3049","29.46","2025-04-14 03:24:13","Promo menarik untuk anda"
"627","DISC4129","18.1","2025-01-22 12:34:39","Promo menarik untuk anda"
"628","MEGA1533","40.41","2025-07-15 14:29:11","Promo menarik untuk anda"
"629","SUMMER2837","34.27","2025-02-05 02:29:55","Promo menarik untuk anda"
"630","SPRING5514","20.53","2025-02-24 11:10:44","Promo menarik untuk anda"
"631","SUMMER1619","21.45","2025-07-14 14:22:39","Promo menarik untuk anda"
"632","SUPER8638","25.44","2025-02-16 11:49:27","Promo menarik untuk anda"
"633","LUCKY4920","22.58","2024-09-07 05:16:48","Promo menarik untuk anda"
"634","FLASH7296","19.14","2024-08-31 22:40:17","Promo menarik untuk anda"
"635","FLASH8841","37.91","2024-09-12 13:19:48","Promo menarik untuk anda"
"636","FLASH3065","27.93","2024-12-17 00:18:43","Promo menarik untuk anda"
"637","DISC8224","25.32","2025-04-29 04:05:45","Promo menarik untuk anda"
"638","PROMO5340","25.93","2024-08-27 04:20:19","Promo menarik untuk anda"
"639","DISC9456","41.73","2025-04-04 13:46:48","Promo menarik untuk anda"
"640","PROMO4142","5.02","2024-08-27 21:26:36","Promo menarik untuk anda"
"641","SUMMER8177","39.46","2025-03-30 09:36:36","Promo menarik untuk anda"
"642","SUPER3852","17.97","2024-11-01 19:43:00","Promo menarik untuk anda"
"643","WELCOME7244","8.53","2025-02-19 15:43:31","Promo menarik untuk anda"
"644","SALE1053","27.67","2025-05-11 09:02:37","Promo menarik untuk anda"
"645","AUTUMN3458","23.2","2025-01-16 13:41:09","Promo menarik untuk anda"
"646","WELCOME6913","49.76","2024-12-11 10:02:53","Promo menarik untuk anda"
"647","FREESHIP7040","35.27","2025-04-18 04:34:17","Promo menarik untuk anda"
"648","MEGA1891","43.31","2025-06-03 20:36:49","Promo menarik untuk anda"
"649","BONUS7106","46.25","2025-08-09 02:23:13","Promo menarik untuk anda"
"650","AUTUMN8729","47.51","2024-08-30 18:32:04","Promo menarik untuk anda"
"651","EXTRA4972","42.58","2025-01-08 18:42:45","Promo menarik untuk anda"
"652","BONUS7292","20.52","2025-03-19 02:24:15","Promo menarik untuk anda"
"653","VIP1593","43.4","2024-08-22 01:32:55","Promo menarik untuk anda"
"654","EXTRA1643","21.17","2025-01-03 16:24:45","Promo menarik untuk anda"
"655","SUPER3918","23.98","2025-05-31 06:02:27","Promo menarik untuk anda"
"656","SUMMER9174","10.03","2025-02-07 04:31:05","Promo menarik untuk anda"
"657","VIP1385","19.55","2024-10-05 04:46:49","Promo menarik untuk anda"
"658","WINTER2311","46.65","2025-08-06 02:21:26","Promo menarik untuk anda"
"659","MEGA1849","38.04","2024-09-18 02:47:45","Promo menarik untuk anda"
"660","FREESHIP5915","14.16","2025-01-26 02:39:10","Promo menarik untuk anda"
"661","SUPER8960","18.94","2025-02-26 06:56:13","Promo menarik untuk anda"
"662","WINTER4973","36.47","2024-09-27 10:10:06","Promo menarik untuk anda"
"663","HOT4516","20","2024-09-03 14:19:22","Promo menarik untuk anda"
"664","SALE3806","43.38","2025-02-01 05:29:41","Promo menarik untuk anda"
"665","FREESHIP4860","47.87","2025-07-01 22:12:09","Promo menarik untuk anda"
"666","CRAZY9488","39.64","2024-08-14 02:17:40","Promo menarik untuk anda"
"667","LUCKY1655","21.36","2024-10-08 20:06:07","Promo menarik untuk anda"
"668","SUPER3525","11.47","2024-12-14 05:24:57","Promo menarik untuk anda"
"669","SPRING5039","21.63","2025-03-17 11:31:46","Promo menarik untuk anda"
"670","NEW1426","5.36","2025-08-03 11:22:50","Promo menarik untuk anda"
"671","DISC8267","19.3","2025-02-06 08:54:09","Promo menarik untuk anda"
"672","EXTRA7937","7.37","2025-06-29 22:41:12","Promo menarik untuk anda"
"673","SUPER1528","40.47","2024-11-30 08:35:24","Promo menarik untuk anda"
"674","CRAZY7911","41.92","2025-05-21 12:31:06","Promo menarik untuk anda"
"675","FLASH5785","29.53","2025-07-06 04:07:57","Promo menarik untuk anda"
"676","WELCOME6076","22.21","2024-09-03 21:55:24","Promo menarik untuk anda"
"677","AUTUMN5097","39.96","2025-02-24 17:09:37","Promo menarik untuk anda"
"678","SUMMER5236","15.36","2024-09-17 22:04:25","Promo menarik untuk anda"
"679","AUTUMN6095","33.98","2025-04-27 21:57:28","Promo menarik untuk anda"
"680","SPRING1093","17.38","2024-09-06 07:30:16","Promo menarik untuk anda"
"681","NEW7865","15.95","2025-03-07 00:04:57","Promo menarik untuk anda"
"682","LUCKY6660","47.9","2025-01-28 22:34:58","Promo menarik untuk anda"
"683","WINTER1540","16.96","2024-11-04 22:58:03","Promo menarik untuk anda"
"684","AUTUMN6175","47.24","2024-09-17 13:11:27","Promo menarik untuk anda"
"685","FREESHIP6648","26.95","2024-09-28 04:31:48","Promo menarik untuk anda"
"686","SUMMER9074","21.96","2025-05-01 18:48:43","Promo menarik untuk anda"
"687","FREESHIP3851","37.17","2025-03-29 02:58:36","Promo menarik untuk anda"
"688","AUTUMN3033","41.95","2024-12-10 04:24:10","Promo menarik untuk anda"
"689","HOT2774","34.34","2024-09-21 21:29:14","Promo menarik untuk anda"
"690","FLASH5662","38.87","2024-10-07 02:23:29","Promo menarik untuk anda"
"691","SUMMER3922","6.85","2024-11-15 10:04:10","Promo menarik untuk anda"
"692","WINTER2728","23.27","2024-12-26 14:34:48","Promo menarik untuk anda"
"693","SUMMER6267","11.96","2025-02-09 21:00:05","Promo menarik untuk anda"
"694","EXTRA6755","49.78","2024-11-11 04:57:51","Promo menarik untuk anda"
"695","FREESHIP5051","35.6","2024-10-05 14:01:31","Promo menarik untuk anda"
"696","SUPER1494","14.5","2024-12-25 12:25:31","Promo menarik untuk anda"
"697","FLASH8306","27.68","2025-04-13 11:02:10","Promo menarik untuk anda"
"698","HOT1073","16.06","2025-01-03 01:02:11","Promo menarik untuk anda"
"699","NEW8956","33.24","2025-07-18 05:11:14","Promo menarik untuk anda"
"700","SPRING2580","21.37","2024-09-12 18:59:52","Promo menarik untuk anda"
"701","DISC3662","19.08","2025-07-20 16:51:06","Promo menarik untuk anda"
"702","FLASH8193","45.59","2024-09-08 09:57:13","Promo menarik untuk anda"
"703","MEGA1341","41.86","2025-04-16 15:29:49","Promo menarik untuk anda"
"704","SUMMER2991","6.69","2024-10-24 23:04:17","Promo menarik untuk anda"
"705","WINTER6579","26.56","2025-06-08 21:37:41","Promo menarik untuk anda"
"706","HOT6469","46.92","2025-02-25 18:31:44","Promo menarik untuk anda"
"707","FLASH3790","46.91","2025-03-06 02:12:21","Promo menarik untuk anda"
"708","ULTRA3994","36.32","2025-04-17 04:43:31","Promo menarik untuk anda"
"709","LUCKY5044","16.57","2025-04-20 21:58:02","Promo menarik untuk anda"
"710","SALE4638","12.88","2025-05-13 19:03:01","Promo menarik untuk anda"
"711","WINTER9412","46.21","2025-05-08 23:50:42","Promo menarik untuk anda"
"712","NEW1141","46.19","2025-07-19 03:45:45","Promo menarik untuk anda"
"713","HOT1645","26.82","2024-11-06 21:50:41","Promo menarik untuk anda"
"714","FLASH8912","8.23","2025-07-20 05:41:16","Promo menarik untuk anda"
"715","LUCKY3518","27.73","2024-12-17 18:50:24","Promo menarik untuk anda"
"716","CRAZY7224","46.92","2025-03-07 08:27:44","Promo menarik untuk anda"
"717","DISC6999","22.8","2025-04-01 03:47:46","Promo menarik untuk anda"
"718","SPRING1634","17.75","2025-06-18 20:08:54","Promo menarik untuk anda"
"719","NEW8253","25.18","2024-12-15 00:09:01","Promo menarik untuk anda"
"720","MEGA9601","27.12","2024-11-03 20:39:41","Promo menarik untuk anda"
"721","PROMO2262","18.61","2024-09-23 15:10:12","Promo menarik untuk anda"
"722","SUPER9216","46.07","2025-06-01 23:54:36","Promo menarik untuk anda"
"723","LUCKY1181","46.48","2025-06-07 01:32:38","Promo menarik untuk anda"
"724","FLASH6435","31.33","2025-04-04 04:49:24","Promo menarik untuk anda"
"725","BONUS6009","28.7","2024-08-26 14:40:24","Promo menarik untuk anda"
"726","EXTRA3505","30.64","2025-03-01 00:20:44","Promo menarik untuk anda"
"727","EXTRA2273","5.14","2025-06-17 07:31:45","Promo menarik untuk anda"
"728","WINTER8914","26.39","2025-07-05 18:16:45","Promo menarik untuk anda"
"729","WELCOME9534","27.65","2024-10-02 10:10:02","Promo menarik untuk anda"
"730","FREESHIP7183","32.3","2025-02-06 10:46:34","Promo menarik untuk anda"
"731","LUCKY2017","11.55","2025-07-31 23:33:44","Promo menarik untuk anda"
"732","SPRING9208","43.1","2025-04-09 12:06:38","Promo menarik untuk anda"
"733","SPRING6871","41.64","2025-02-12 09:04:24","Promo menarik untuk anda"
"734","WINTER3053","7.71","2025-05-04 04:51:12","Promo menarik untuk anda"
"735","SUMMER4722","24.89","2024-10-15 12:16:13","Promo menarik untuk anda"
"736","NEW7680","16.73","2025-06-15 13:33:32","Promo menarik untuk anda"
"737","SUMMER1467","15.57","2024-08-19 00:09:59","Promo menarik untuk anda"
"738","VIP9644","29","2024-12-05 01:24:58","Promo menarik untuk anda"
"739","EXTRA8582","46.82","2024-11-04 10:02:52","Promo menarik untuk anda"
"740","FLASH4379","25.92","2025-01-02 10:32:14","Promo menarik untuk anda"
"741","NEW1899","15.63","2025-05-24 18:03:56","Promo menarik untuk anda"
"742","AUTUMN6887","25.99","2024-09-16 16:07:33","Promo menarik untuk anda"
"743","ULTRA3251","27.43","2024-10-09 04:50:11","Promo menarik untuk anda"
"744","EXTRA5985","6.15","2024-12-03 19:22:32","Promo menarik untuk anda"
"745","SUPER5997","23.9","2025-02-10 01:43:15","Promo menarik untuk anda"
"746","SPRING8294","45.73","2024-10-10 08:27:41","Promo menarik untuk anda"
"747","EXTRA7020","27.85","2024-11-04 12:28:43","Promo menarik untuk anda"
"748","PROMO5901","47.65","2025-01-13 11:45:46","Promo menarik untuk anda"
"749","WINTER9656","21.33","2024-10-29 14:25:36","Promo menarik untuk anda"
"750","EXTRA9696","44.23","2025-02-20 21:27:44","Promo menarik untuk anda"
"751","WINTER1334","20.95","2024-09-11 06:29:45","Promo menarik untuk anda"
"752","DISC4676","6.67","2025-01-06 21:36:58","Promo menarik untuk anda"
"753","AUTUMN3203","48.5","2025-06-24 15:42:20","Promo menarik untuk anda"
"754","SPRING3986","32.95","2025-07-07 08:50:31","Promo menarik untuk anda"
"755","HOT3330","10.26","2025-07-12 04:58:38","Promo menarik untuk anda"
"756","SPRING9795","13.77","2025-05-23 13:32:28","Promo menarik untuk anda"
"757","ULTRA5842","17.16","2024-11-19 13:18:19","Promo menarik untuk anda"
"758","LUCKY6590","27.22","2024-10-12 21:37:55","Promo menarik untuk anda"
"759","EXTRA9117","6.25","2025-05-23 07:15:11","Promo menarik untuk anda"
"760","ULTRA4383","6.59","2025-06-13 08:05:04","Promo menarik untuk anda"
"761","NEW2051","41.28","2025-07-29 20:04:18","Promo menarik untuk anda"
"762","SUMMER3508","21.97","2024-10-06 05:18:17","Promo menarik untuk anda"
"763","CRAZY1375","38.38","2025-02-26 13:41:29","Promo menarik untuk anda"
"764","ULTRA7873","38.57","2025-03-13 09:32:33","Promo menarik untuk anda"
"765","CRAZY4295","10.65","2025-06-11 14:12:06","Promo menarik untuk anda"
"766","PROMO5810","48.05","2024-11-12 18:32:39","Promo menarik untuk anda"
"767","HOT9656","13.8","2025-06-02 16:11:26","Promo menarik untuk anda"
"768","ULTRA1622","41.88","2025-03-11 23:59:02","Promo menarik untuk anda"
"769","AUTUMN4043","32.61","2025-05-12 17:54:01","Promo menarik untuk anda"
"770","NEW3194","49.49","2024-10-18 05:49:32","Promo menarik untuk anda"
"771","ULTRA5112","43.74","2025-07-03 07:21:02","Promo menarik untuk anda"
"772","WINTER5156","21.41","2024-11-09 06:44:53","Promo menarik untuk anda"
"773","BONUS2277","11.24","2024-12-01 01:36:55","Promo menarik untuk anda"
"774","PROMO5691","20.82","2024-12-07 08:38:14","Promo menarik untuk anda"
"775","HOT6266","29.51","2025-06-04 03:09:38","Promo menarik untuk anda"
"776","NEW9465","39.84","2025-05-20 20:40:52","Promo menarik untuk anda"
"777","FLASH1971","12.07","2025-07-14 17:17:24","Promo menarik untuk anda"
"778","SALE2397","49.15","2025-05-27 01:34:54","Promo menarik untuk anda"
"779","VIP7929","27.03","2024-11-15 05:23:32","Promo menarik untuk anda"
"780","WINTER7451","24.64","2024-12-29 05:48:47","Promo menarik untuk anda"
"781","DISC1374","20.97","2025-05-08 14:36:20","Promo menarik untuk anda"
"782","DISC7103","23.18","2024-10-20 07:59:16","Promo menarik untuk anda"
"783","SPRING6408","32.62","2024-09-24 15:20:31","Promo menarik untuk anda"
"784","NEW9047","21.43","2025-05-18 14:46:24","Promo menarik untuk anda"
"785","BONUS3907","18.22","2025-06-15 18:58:17","Promo menarik untuk anda"
"786","CRAZY1174","30.22","2025-08-07 07:51:07","Promo menarik untuk anda"
"787","AUTUMN5935","30.01","2025-02-10 19:24:38","Promo menarik untuk anda"
"788","ULTRA9090","14.44","2025-02-08 20:42:31","Promo menarik untuk anda"
"789","AUTUMN2629","10.14","2024-09-08 09:57:16","Promo menarik untuk anda"
"790","NEW7546","11.6","2025-07-15 21:30:13","Promo menarik untuk anda"
"791","WELCOME7861","8.75","2024-12-02 07:12:58","Promo menarik untuk anda"
"792","VIP3374","43.06","2025-03-17 05:11:19","Promo menarik untuk anda"
"793","MEGA7198","29.58","2025-03-23 02:55:18","Promo menarik untuk anda"
"794","AUTUMN4997","6.89","2025-02-24 15:45:24","Promo menarik untuk anda"
"795","AUTUMN7946","39.23","2024-11-17 21:08:17","Promo menarik untuk anda"
"796","DISC7384","8.25","2024-11-26 20:41:56","Promo menarik untuk anda"
"797","FLASH3257","17.46","2024-09-29 01:15:14","Promo menarik untuk anda"
"798","SUMMER2558","39.54","2025-08-01 05:11:50","Promo menarik untuk anda"
"799","WINTER2734","23.55","2025-04-10 05:42:54","Promo menarik untuk anda"
"800","LUCKY8386","48.73","2025-06-26 11:30:44","Promo menarik untuk anda"
"801","FLASH4580","11.45","2024-11-05 01:29:08","Promo menarik untuk anda"
"802","DISC4979","27.17","2025-06-14 03:28:57","Promo menarik untuk anda"
"803","LUCKY4197","6.62","2025-04-11 23:13:09","Promo menarik untuk anda"
"804","ULTRA7941","16.66","2025-03-27 23:12:53","Promo menarik untuk anda"
"805","AUTUMN5685","37.34","2025-03-03 19:08:35","Promo menarik untuk anda"
"806","MEGA6486","45","2025-02-08 23:52:50","Promo menarik untuk anda"
"807","AUTUMN1123","41.96","2024-10-21 10:17:33","Promo menarik untuk anda"
"808","WINTER7764","33.13","2024-08-22 10:06:29","Promo menarik untuk anda"
"809","WINTER7904","8.75","2025-07-12 05:12:53","Promo menarik untuk anda"
"810","LUCKY7775","36.77","2025-07-05 07:46:43","Promo menarik untuk anda"
"811","WELCOME7043","10.47","2024-09-10 14:43:17","Promo menarik untuk anda"
"812","FLASH5093","41.18","2024-12-03 15:49:57","Promo menarik untuk anda"
"813","PROMO1909","27.52","2025-05-18 07:36:08","Promo menarik untuk anda"
"814","LUCKY2587","40.31","2025-03-20 00:40:01","Promo menarik untuk anda"
"815","CRAZY7607","26.54","2025-01-01 07:36:59","Promo menarik untuk anda"
"816","VIP1199","18.78","2024-10-20 15:16:21","Promo menarik untuk anda"
"817","SPRING7409","22.84","2025-07-15 13:14:51","Promo menarik untuk anda"
"818","AUTUMN6687","18.25","2025-01-06 11:50:08","Promo menarik untuk anda"
"819","DISC2502","17.18","2024-12-17 19:13:38","Promo menarik untuk anda"
"820","EXTRA5533","48.8","2025-02-27 08:06:07","Promo menarik untuk anda"
"821","LUCKY4796","16.61","2024-10-14 02:14:05","Promo menarik untuk anda"
"822","SPRING7569","30.31","2025-04-01 19:05:40","Promo menarik untuk anda"
"823","MEGA6838","27.64","2025-03-08 06:41:38","Promo menarik untuk anda"
"824","HOT9367","46.47","2024-11-10 10:18:35","Promo menarik untuk anda"
"825","BONUS4067","28.02","2024-08-17 07:47:28","Promo menarik untuk anda"
"826","AUTUMN9816","47.4","2024-09-07 20:40:13","Promo menarik untuk anda"
"827","NEW5765","16.9","2024-11-23 06:13:21","Promo menarik untuk anda"
"828","MEGA2420","50","2024-12-22 01:30:32","Promo menarik untuk anda"
"829","FLASH6625","35.74","2024-10-23 20:16:06","Promo menarik untuk anda"
"830","HOT9282","8.84","2025-06-21 13:31:31","Promo menarik untuk anda"
"831","MEGA4997","46.53","2024-09-01 20:05:16","Promo menarik untuk anda"
"832","SPRING6558","9.07","2024-10-02 10:53:53","Promo menarik untuk anda"
"833","EXTRA2385","43.4","2024-11-13 18:40:31","Promo menarik untuk anda"
"834","ULTRA7976","25.3","2025-04-15 23:39:58","Promo menarik untuk anda"
"835","SALE5331","31.33","2024-11-06 11:35:25","Promo menarik untuk anda"
"836","MEGA5277","11.76","2025-07-05 09:23:59","Promo menarik untuk anda"
"837","MEGA2736","45.23","2024-12-14 22:26:34","Promo menarik untuk anda"
"838","VIP7798","32.19","2024-10-16 07:49:52","Promo menarik untuk anda"
"839","NEW5505","39.95","2025-02-13 19:46:40","Promo menarik untuk anda"
"840","SPRING7035","16.24","2024-12-18 23:48:02","Promo menarik untuk anda"
"841","SUMMER7622","29.69","2025-01-26 01:43:49","Promo menarik untuk anda"
"842","WINTER1434","38.14","2024-11-15 22:42:08","Promo menarik untuk anda"
"843","SALE4857","25.03","2025-04-23 16:15:36","Promo menarik untuk anda"
"844","LUCKY1200","34.32","2024-12-21 05:16:07","Promo menarik untuk anda"
"845","NEW6212","9.06","2025-03-13 11:39:54","Promo menarik untuk anda"
"846","WINTER5116","42","2025-03-18 17:15:07","Promo menarik untuk anda"
"847","ULTRA1302","16.82","2024-10-09 12:17:23","Promo menarik untuk anda"
"848","SUMMER6944","10.35","2024-12-08 23:14:31","Promo menarik untuk anda"
"849","WELCOME4342","38.73","2024-10-12 02:48:50","Promo menarik untuk anda"
"850","FREESHIP9747","8.84","2024-12-02 16:38:52","Promo menarik untuk anda"
"851","WELCOME1389","7.66","2025-04-13 08:50:58","Promo menarik untuk anda"
"852","FREESHIP9477","6.86","2025-02-16 05:57:02","Promo menarik untuk anda"
"853","SUPER4744","46.77","2024-10-20 05:35:58","Promo menarik untuk anda"
"854","EXTRA9162","37.12","2024-11-13 15:16:21","Promo menarik untuk anda"
"855","CRAZY3626","11.13","2025-01-20 10:51:21","Promo menarik untuk anda"
"856","VIP9074","8.19","2024-11-26 00:22:38","Promo menarik untuk anda"
"857","ULTRA5570","49.55","2025-01-12 22:30:40","Promo menarik untuk anda"
"858","EXTRA7117","25.03","2025-03-15 13:30:36","Promo menarik untuk anda"
"859","SALE1234","14.9","2025-07-28 23:23:20","Promo menarik untuk anda"
"860","MEGA9164","17.86","2025-06-19 14:57:26","Promo menarik untuk anda"
"861","MEGA2618","8.79","2025-07-03 13:00:46","Promo menarik untuk anda"
"862","FREESHIP9686","12.91","2025-02-24 07:13:13","Promo menarik untuk anda"
"863","VIP3743","11.26","2025-02-18 15:06:36","Promo menarik untuk anda"
"864","CRAZY2641","12.38","2025-02-22 02:24:19","Promo menarik untuk anda"
"865","SPRING9884","11.77","2025-03-02 10:52:19","Promo menarik untuk anda"
"866","DISC2391","42.14","2025-05-15 07:07:18","Promo menarik untuk anda"
"867","MEGA2985","23.59","2024-09-13 06:08:24","Promo menarik untuk anda"
"868","DISC9807","27.48","2025-04-20 18:23:49","Promo menarik untuk anda"
"869","FLASH1829","33.12","2025-01-25 08:22:17","Promo menarik untuk anda"
"870","AUTUMN2252","16.9","2025-04-29 00:36:23","Promo menarik untuk anda"
"871","SUMMER1295","10.86","2025-07-25 08:57:43","Promo menarik untuk anda"
"872","SUMMER4533","40.12","2025-07-09 08:50:39","Promo menarik untuk anda"
"873","AUTUMN5675","44.58","2024-10-15 07:18:52","Promo menarik untuk anda"
"874","WELCOME1090","37.83","2024-09-28 11:23:03","Promo menarik untuk anda"
"875","PROMO8603","12.56","2024-12-13 07:31:18","Promo menarik untuk anda"
"876","SUPER2279","42.34","2024-12-31 06:53:40","Promo menarik untuk anda"
"877","BONUS6082","39.85","2024-11-04 14:10:58","Promo menarik untuk anda"
"878","DISC4235","31.47","2024-10-10 04:55:25","Promo menarik untuk anda"
"879","WELCOME9562","46.16","2025-07-13 11:20:57","Promo menarik untuk anda"
"880","CRAZY6206","9.18","2025-05-30 20:35:09","Promo menarik untuk anda"
"881","NEW9888","19.19","2024-10-21 21:18:03","Promo menarik untuk anda"
"882","DISC8763","35.46","2025-04-25 13:39:01","Promo menarik untuk anda"
"883","SALE2613","27.59","2025-02-04 15:45:24","Promo menarik untuk anda"
"884","WELCOME5339","6.08","2025-06-14 02:05:39","Promo menarik untuk anda"
"885","EXTRA2044","39.94","2025-01-14 21:02:43","Promo menarik untuk anda"
"886","FLASH5650","30.48","2025-07-22 07:59:10","Promo menarik untuk anda"
"887","DISC2271","46.52","2025-06-23 03:59:18","Promo menarik untuk anda"
"888","SPRING7508","46.52","2025-04-02 06:51:43","Promo menarik untuk anda"
"889","DISC5352","18.15","2024-11-01 19:43:48","Promo menarik untuk anda"
"890","MEGA8278","33.92","2025-08-06 02:45:56","Promo menarik untuk anda"
"891","VIP1176","43.1","2024-09-05 13:36:52","Promo menarik untuk anda"
"892","SALE1258","35.16","2025-04-03 07:57:54","Promo menarik untuk anda"
"893","MEGA2602","13.32","2025-03-19 22:25:07","Promo menarik untuk anda"
"894","BONUS3050","38.68","2025-04-11 12:56:59","Promo menarik untuk anda"
"895","SALE1638","30.17","2025-03-23 21:35:49","Promo menarik untuk anda"
"896","BONUS4573","35.95","2024-09-21 18:13:44","Promo menarik untuk anda"
"897","ULTRA2695","29.87","2025-06-26 09:48:27","Promo menarik untuk anda"
"898","WINTER9658","42.91","2024-12-23 15:26:13","Promo menarik untuk anda"
"899","FREESHIP1776","30.69","2024-09-01 04:43:10","Promo menarik untuk anda"
"900","MEGA3372","11.03","2025-02-08 19:14:47","Promo menarik untuk anda"
"901","CRAZY3798","46.43","2025-07-17 23:41:01","Promo menarik untuk anda"
"902","HOT9042","33.99","2025-07-22 09:35:50","Promo menarik untuk anda"
"903","ULTRA4366","39.68","2025-08-07 15:19:54","Promo menarik untuk anda"
"904","MEGA6495","41.2","2025-03-11 03:47:53","Promo menarik untuk anda"
"905","VIP4057","10.92","2025-06-27 04:55:34","Promo menarik untuk anda"
"906","FREESHIP2568","22.68","2025-06-09 12:25:05","Promo menarik untuk anda"
"907","WINTER4727","47.43","2024-08-29 07:09:35","Promo menarik untuk anda"
"908","VIP1691","49.01","2025-07-28 15:23:27","Promo menarik untuk anda"
"909","CRAZY8990","8.47","2024-09-16 19:48:14","Promo menarik untuk anda"
"910","EXTRA3455","24.83","2025-02-14 00:23:58","Promo menarik untuk anda"
"911","VIP3254","8.48","2024-10-19 15:54:02","Promo menarik untuk anda"
"912","VIP6053","41.66","2024-11-03 02:33:07","Promo menarik untuk anda"
"913","DISC5326","11.32","2025-07-16 11:56:48","Promo menarik untuk anda"
"914","PROMO4564","25","2025-01-11 22:19:04","Promo menarik untuk anda"
"915","WELCOME1898","36","2025-05-25 07:50:31","Promo menarik untuk anda"
"916","HOT6603","37.22","2025-03-04 19:21:16","Promo menarik untuk anda"
"917","DISC8308","20.33","2024-10-21 08:40:19","Promo menarik untuk anda"
"918","SUPER4495","29.03","2025-01-08 06:51:41","Promo menarik untuk anda"
"919","MEGA9244","45.33","2025-05-06 17:49:58","Promo menarik untuk anda"
"920","PROMO7260","39.09","2024-09-16 08:05:52","Promo menarik untuk anda"
"921","WINTER2825","31.11","2025-01-14 05:46:59","Promo menarik untuk anda"
"922","SALE3612","38.92","2024-09-07 03:26:42","Promo menarik untuk anda"
"923","HOT2545","14.99","2025-07-19 17:35:23","Promo menarik untuk anda"
"924","SPRING3554","40.33","2025-05-21 06:06:08","Promo menarik untuk anda"
"925","FREESHIP1682","5.21","2024-12-21 07:00:44","Promo menarik untuk anda"
"926","AUTUMN5250","36.97","2025-07-06 05:06:48","Promo menarik untuk anda"
"927","DISC7127","40.42","2024-09-12 10:15:50","Promo menarik untuk anda"
"928","SPRING7894","25.26","2025-08-09 16:19:57","Promo menarik untuk anda"
"929","DISC1529","11.1","2025-07-20 22:08:58","Promo menarik untuk anda"
"930","NEW4618","39.72","2025-03-04 09:04:38","Promo menarik untuk anda"
"931","BONUS2135","19.34","2024-08-16 00:08:30","Promo menarik untuk anda"
"932","MEGA3149","43.54","2024-11-14 07:11:37","Promo menarik untuk anda"
"933","SALE4919","9.22","2025-07-10 10:43:50","Promo menarik untuk anda"
"934","EXTRA6907","19.73","2025-08-04 18:02:40","Promo menarik untuk anda"
"935","WELCOME9060","30.43","2025-04-02 20:15:13","Promo menarik untuk anda"
"936","PROMO7098","21.28","2025-01-31 07:41:51","Promo menarik untuk anda"
"937","BONUS9474","38.03","2025-06-03 21:44:16","Promo menarik untuk anda"
"938","AUTUMN7267","29.91","2025-06-13 21:01:14","Promo menarik untuk anda"
"939","NEW6421","22.83","2025-05-09 14:32:16","Promo menarik untuk anda"
"940","SUPER7073","43.84","2024-11-22 10:47:54","Promo menarik untuk anda"
"941","ULTRA6051","41.44","2025-01-05 12:01:22","Promo menarik untuk anda"
"942","LUCKY3429","43.72","2024-08-28 20:04:28","Promo menarik untuk anda"
"943","NEW1291","34.36","2025-03-03 12:48:55","Promo menarik untuk anda"
"944","HOT4976","38.58","2024-12-30 11:16:47","Promo menarik untuk anda"
"945","HOT4202","37.33","2025-03-28 07:17:26","Promo menarik untuk anda"
"946","WINTER6797","39.16","2024-10-02 07:45:31","Promo menarik untuk anda"
"947","NEW1951","13.63","2025-05-07 21:20:24","Promo menarik untuk anda"
"948","FREESHIP4544","14.89","2024-12-08 12:48:00","Promo menarik untuk anda"
"949","VIP1210","6.68","2025-06-04 06:05:24","Promo menarik untuk anda"
"950","VIP5306","44.98","2024-09-30 03:31:09","Promo menarik untuk anda"
"951","EXTRA6919","12.62","2025-03-17 16:54:29","Promo menarik untuk anda"
"952","FREESHIP8685","13.61","2024-09-26 19:58:03","Promo menarik untuk anda"
"953","WINTER8483","36.3","2025-04-23 08:32:17","Promo menarik untuk anda"
"954","NEW5044","33.41","2025-04-27 23:59:27","Promo menarik untuk anda"
"955","ULTRA7634","7.79","2024-11-24 16:42:14","Promo menarik untuk anda"
"956","AUTUMN9615","28.78","2025-05-06 10:57:37","Promo menarik untuk anda"
"957","SUPER8252","13.61","2025-02-19 15:33:51","Promo menarik untuk anda"
"958","LUCKY7707","36.88","2024-10-04 10:21:49","Promo menarik untuk anda"
"959","BONUS4575","12.75","2025-02-08 23:50:42","Promo menarik untuk anda"
"960","WELCOME4894","37.87","2025-01-20 10:36:14","Promo menarik untuk anda"
"961","FLASH3030","21.75","2025-03-06 11:05:30","Promo menarik untuk anda"
"962","HOT2614","41.63","2024-09-18 17:28:17","Promo menarik untuk anda"
"963","WINTER4312","25.09","2024-10-23 21:16:28","Promo menarik untuk anda"
"964","ULTRA2195","49.52","2024-12-21 11:06:21","Promo menarik untuk anda"
"965","VIP4912","16.39","2025-02-11 02:30:33","Promo menarik untuk anda"
"966","MEGA1422","48.6","2025-07-05 19:23:31","Promo menarik untuk anda"
"967","SUMMER5994","10.15","2025-01-02 12:02:40","Promo menarik untuk anda"
"968","FLASH3578","38.12","2024-12-23 07:45:39","Promo menarik untuk anda"
"969","VIP1464","34.4","2025-03-17 14:43:00","Promo menarik untuk anda"
"970","PROMO5112","44.48","2024-12-02 11:35:44","Promo menarik untuk anda"
"971","AUTUMN9221","11.56","2025-05-09 14:41:59","Promo menarik untuk anda"
"972","NEW5533","9.6","2024-11-10 23:17:16","Promo menarik untuk anda"
"973","CRAZY4744","24.59","2025-02-10 07:05:33","Promo menarik untuk anda"
"974","HOT9380","18.32","2025-04-06 14:18:21","Promo menarik untuk anda"
"975","MEGA2964","39.47","2025-03-20 01:08:52","Promo menarik untuk anda"
"976","ULTRA6764","48.21","2024-10-30 15:32:50","Promo menarik untuk anda"
"977","VIP6525","29.87","2025-06-19 20:24:34","Promo menarik untuk anda"
"978","PROMO7691","20.2","2025-02-15 10:07:42","Promo menarik untuk anda"
"979","FLASH5401","32.35","2024-10-05 21:57:02","Promo menarik untuk anda"
"980","HOT4687","45.11","2024-10-19 14:01:14","Promo menarik untuk anda"
"981","PROMO8965","49.32","2025-02-25 02:59:23","Promo menarik untuk anda"
"982","AUTUMN4518","32.08","2025-06-13 09:35:39","Promo menarik untuk anda"
"983","SPRING1794","44.61","2025-05-03 20:03:32","Promo menarik untuk anda"
"984","ULTRA3511","22.65","2025-01-03 05:25:10","Promo menarik untuk anda"
"985","SUMMER5719","25.26","2025-04-08 17:58:07","Promo menarik untuk anda"
"986","LUCKY4423","41.59","2025-03-16 04:03:27","Promo menarik untuk anda"
"987","BONUS5243","47.41","2024-08-12 10:59:57","Promo menarik untuk anda"
"988","AUTUMN1137","49.81","2024-11-10 23:14:38","Promo menarik untuk anda"
"989","SUPER8526","46.1","2025-02-25 03:49:03","Promo menarik untuk anda"
"990","AUTUMN5006","13.77","2024-08-12 18:22:28","Promo menarik untuk anda"
"991","HOT4276","41.43","2025-04-04 06:53:52","Promo menarik untuk anda"
"992","VIP8997","24.09","2025-02-03 21:43:03","Promo menarik untuk anda"
"993","SALE4311","16.12","2025-02-17 23:15:39","Promo menarik untuk anda"
"994","FREESHIP1712","29.82","2024-08-26 02:25:41","Promo menarik untuk anda"
"995","CRAZY6821","36.2","2025-06-04 21:07:19","Promo menarik untuk anda"
"996","ULTRA9641","41.51","2025-02-14 02:17:54","Promo menarik untuk anda"
"997","MEGA4574","29.35","2024-10-26 02:58:20","Promo menarik untuk anda"
"998","CRAZY4395","7.14","2024-12-02 23:14:12","Promo menarik untuk anda"
"999","VIP8980","40.32","2024-09-01 02:29:39","Promo menarik untuk anda"
"1000","VIP4040","48.86","2024-10-14 14:23:25","Promo menarik untuk anda"