"id","order_id","shipment_date","status"
"1","1","2025-07-30 11:53:31","returned"
"2","2","2025-07-16 10:43:31","delivered"
"3","3","2025-07-30 01:13:08","in_transit"
"4","4","2025-08-08 22:22:25","delivered"
"5","5","2025-07-19 02:33:39","out_for_delivery"
"6","6","2025-08-04 16:03:06","out_for_delivery"
"7","7","2025-07-28 05:59:08","pending"
"8","8","2025-07-16 04:18:32","shipped"
"9","9","2025-07-23 05:10:00","delivered"
"10","10","2025-08-01 06:39:19","returned"
"11","11","2025-07-23 21:01:19","returned"
"12","12","2025-07-25 10:16:19","out_for_delivery"
"13","13","2025-07-22 12:40:49","pending"
"14","14","2025-07-14 01:40:25","out_for_delivery"
"15","15","2025-07-18 07:24:16","shipped"
"16","16","2025-07-19 01:39:48","returned"
"17","17","2025-07-17 09:54:19","pending"
"18","18","2025-07-27 16:46:09","out_for_delivery"
"19","19","2025-08-03 12:00:41","out_for_delivery"
"20","20","2025-08-02 12:43:33","delivered"
"21","21","2025-07-26 20:54:38","pending"
"22","22","2025-07-30 11:16:05","delayed"
"23","23","2025-08-07 21:19:30","in_transit"
"24","24","2025-07-15 10:35:15","shipped"
"25","25","2025-08-02 03:36:47","in_transit"
"26","26","2025-07-21 13:19:13","pending"
"27","27","2025-07-17 06:11:26","out_for_delivery"
"28","28","2025-07-28 16:07:47","delivered"
"29","29","2025-07-26 17:43:44","in_transit"
"30","30","2025-07-18 00:08:08","delayed"
"31","31","2025-07-21 04:20:05","delayed"
"32","32","2025-07-22 17:16:12","returned"
"33","33","2025-07-16 00:06:26","out_for_delivery"
"34","34","2025-07-11 20:17:38","pending"
"35","35","2025-07-29 08:30:02","pending"
"36","36","2025-08-03 22:44:07","delivered"
"37","37","2025-08-01 09:12:01","delayed"
"38","38","2025-08-07 14:45:32","in_transit"
"39","39","2025-07-22 12:39:42","delayed"
"40","40","2025-08-02 04:42:31","returned"
"41","41","2025-07-28 01:32:31","delayed"
"42","42","2025-07-23 12:28:34","delayed"
"43","43","2025-07-29 03:34:31","out_for_delivery"
"44","44","2025-08-03 17:16:24","delayed"
"45","45","2025-08-06 12:18:04","out_for_delivery"
"46","46","2025-07-25 01:12:13","out_for_delivery"
"47","47","2025-07-21 20:12:29","shipped"
"48","48","2025-07-12 18:21:01","pending"
"49","49","2025-07-29 04:36:12","in_transit"
"50","50","2025-08-08 08:21:43","delivered"
"51","51","2025-08-03 10:22:16","out_for_delivery"
"52","52","2025-08-07 13:59:40","returned"
"53","53","2025-07-14 12:13:35","delivered"
"54","54","2025-07-24 00:03:17","shipped"
"55","55","2025-07-18 16:46:57","delayed"
"56","56","2025-07-18 00:08:28","delivered"
"57","57","2025-07-29 06:08:38","in_transit"
"58","58","2025-07-23 04:13:30","shipped"
"59","59","2025-07-14 05:37:22","out_for_delivery"
"60","60","2025-07-29 04:51:06","pending"
"61","61","2025-07-20 21:21:12","shipped"
"62","62","2025-07-17 07:22:06","delivered"
"63","63","2025-07-18 20:56:42","out_for_delivery"
"64","64","2025-08-03 00:29:34","returned"
"65","65","2025-07-23 08:49:30","delayed"
"66","66","2025-07-30 15:16:25","in_transit"
"67","67","2025-07-23 01:20:34","returned"
"68","68","2025-07-18 04:47:49","out_for_delivery"
"69","69","2025-07-18 13:32:20","out_for_delivery"
"70","70","2025-07-18 14:04:04","returned"
"71","71","2025-07-25 15:54:45","returned"
"72","72","2025-07-19 23:43:58","delayed"
"73","73","2025-08-03 10:47:54","delayed"
"74","74","2025-07-26 10:59:03","pending"
"75","75","2025-08-05 10:46:41","delivered"
"76","76","2025-08-06 11:13:13","out_for_delivery"
"77","77","2025-08-07 15:15:10","shipped"
"78","78","2025-07-30 22:12:23","returned"
"79","79","2025-08-10 06:09:59","in_transit"
"80","80","2025-07-18 16:01:38","pending"
"81","81","2025-07-26 05:47:07","in_transit"
"82","82","2025-08-05 09:12:59","delayed"
"83","83","2025-07-19 19:03:53","pending"
"84","84","2025-07-15 15:52:23","delayed"
"85","85","2025-07-17 00:25:13","returned"
"86","86","2025-07-28 00:21:36","delivered"
"87","87","2025-08-04 03:55:14","shipped"
"88","88","2025-08-01 04:13:22","delivered"
"89","89","2025-08-04 13:33:16","delayed"
"90","90","2025-07-13 01:29:31","returned"
"91","91","2025-07-13 03:52:45","out_for_delivery"
"92","92","2025-07-20 23:57:46","shipped"
"93","93","2025-07-22 16:50:43","returned"
"94","94","2025-07-15 04:30:02","delayed"
"95","95","2025-07-23 11:05:56","shipped"
"96","96","2025-07-12 05:10:51","returned"
"97","97","2025-07-26 06:08:10","out_for_delivery"
"98","98","2025-08-08 21:07:19","shipped"
"99","99","2025-07-22 07:30:43","in_transit"
"100","100","2025-07-13 14:18:06","out_for_delivery"
"101","101","2025-07-23 06:17:31","returned"
"102","102","2025-07-13 05:12:07","out_for_delivery"
"103","103","2025-07-19 17:43:41","delivered"
"104","104","2025-08-07 00:07:49","shipped"
"105","105","2025-07-16 03:28:30","returned"
"106","106","2025-07-28 07:01:47","delayed"
"107","107","2025-07-24 15:28:16","out_for_delivery"
"108","108","2025-07-31 21:27:16","returned"
"109","109","2025-08-07 05:04:10","delayed"
"110","110","2025-08-04 00:47:55","out_for_delivery"
"111","111","2025-07-20 09:49:08","delivered"
"112","112","2025-07-31 23:02:08","delayed"
"113","113","2025-07-16 04:56:55","delayed"
"114","114","2025-08-03 03:36:38","delivered"
"115","115","2025-07-15 11:39:26","shipped"
"116","116","2025-07-14 13:15:59","in_transit"
"117","117","2025-07-12 11:22:54","pending"
"118","118","2025-07-30 02:12:36","in_transit"
"119","119","2025-07-16 13:04:34","returned"
"120","120","2025-08-01 08:36:27","out_for_delivery"
"121","121","2025-08-02 01:01:47","in_transit"
"122","122","2025-07-21 08:42:03","delayed"
"123","123","2025-07-26 10:54:32","out_for_delivery"
"124","124","2025-07-14 19:20:42","out_for_delivery"
"125","125","2025-08-04 12:25:19","returned"
"126","126","2025-07-16 11:07:38","in_transit"
"127","127","2025-08-01 03:57:14","delayed"
"128","128","2025-08-06 13:14:12","out_for_delivery"
"129","129","2025-07-31 10:08:58","shipped"
"130","130","2025-08-06 05:47:56","delayed"
"131","131","2025-07-29 12:36:24","delayed"
"132","132","2025-08-04 22:51:04","shipped"
"133","133","2025-08-08 07:40:36","shipped"
"134","134","2025-07-13 11:24:56","shipped"
"135","135","2025-07-31 20:15:20","returned"
"136","136","2025-07-28 11:11:49","shipped"
"137","137","2025-08-08 15:26:38","out_for_delivery"
"138","138","2025-08-04 09:05:43","in_transit"
"139","139","2025-07-19 02:38:34","delayed"
"140","140","2025-07-29 16:06:25","shipped"
"141","141","2025-07-28 09:07:31","delivered"
"142","142","2025-07-19 21:58:21","in_transit"
"143","143","2025-07-13 02:51:28","shipped"
"144","144","2025-08-06 08:28:20","delivered"
"145","145","2025-08-09 23:18:33","delayed"
"146","146","2025-07-17 10:05:39","in_transit"
"147","147","2025-08-08 02:19:09","in_transit"
"148","148","2025-08-06 23:41:35","delivered"
"149","149","2025-07-15 06:41:58","delayed"
"150","150","2025-07-20 10:14:16","returned"
"151","151","2025-07-18 10:47:27","in_transit"
"152","152","2025-07-17 23:35:45","out_for_delivery"
"153","153","2025-07-30 05:59:28","in_transit"
"154","154","2025-07-21 15:36:56","in_transit"
"155","155","2025-07-20 02:17:21","returned"
"156","156","2025-08-08 14:17:00","out_for_delivery"
"157","157","2025-08-07 02:54:32","pending"
"158","158","2025-08-01 06:01:50","delivered"
"159","159","2025-07-22 08:34:41","shipped"
"160","160","2025-08-01 02:07:31","out_for_delivery"
"161","161","2025-08-02 05:33:16","shipped"
"162","162","2025-08-05 14:11:09","shipped"
"163","163","2025-07-26 16:31:11","pending"
"164","164","2025-07-22 09:46:51","delivered"
"165","165","2025-08-06 12:26:35","returned"
"166","166","2025-08-06 05:35:54","in_transit"
"167","167","2025-08-05 13:19:42","out_for_delivery"
"168","168","2025-08-01 13:28:29","in_transit"
"169","169","2025-08-08 00:36:15","in_transit"
"170","170","2025-07-12 23:31:03","pending"
"171","171","2025-07-12 21:20:36","returned"
"172","172","2025-08-03 09:48:40","in_transit"
"173","173","2025-07-12 14:03:58","out_for_delivery"
"174","174","2025-07-31 02:03:06","delivered"
"175","175","2025-07-30 10:46:02","in_transit"
"176","176","2025-07-27 13:53:13","returned"
"177","177","2025-07-30 13:19:08","shipped"
"178","178","2025-08-05 12:56:40","in_transit"
"179","179","2025-07-14 14:17:44","delayed"
"180","180","2025-07-19 15:30:33","returned"
"181","181","2025-07-29 04:48:26","out_for_delivery"
"182","182","2025-07-25 22:07:26","delivered"
"183","183","2025-07-19 14:25:06","shipped"
"184","184","2025-07-31 15:07:57","pending"
"185","185","2025-07-13 11:37:26","shipped"
"186","186","2025-08-08 12:34:10","in_transit"
"187","187","2025-07-12 01:45:15","out_for_delivery"
"188","188","2025-07-29 03:13:38","returned"
"189","189","2025-07-21 03:45:44","in_transit"
"190","190","2025-07-20 03:55:23","delayed"
"191","191","2025-07-12 03:21:25","returned"
"192","192","2025-07-17 16:06:55","delayed"
"193","193","2025-07-20 16:55:06","returned"
"194","194","2025-07-24 21:37:42","returned"
"195","195","2025-07-31 21:21:43","in_transit"
"196","196","2025-08-08 21:44:19","delivered"
"197","197","2025-07-29 11:35:09","delayed"
"198","198","2025-08-08 08:43:02","pending"
"199","199","2025-07-31 10:16:28","returned"
"200","200","2025-07-18 08:00:54","pending"
"201","201","2025-08-07 11:26:21","shipped"
"202","202","2025-07-14 01:59:15","returned"
"203","203","2025-08-01 02:47:24","out_for_delivery"
"204","204","2025-07-16 09:03:05","delivered"
"205","205","2025-08-05 01:35:15","out_for_delivery"
"206","206","2025-07-22 07:35:02","out_for_delivery"
"207","207","2025-08-09 21:03:13","pending"
"208","208","2025-07-19 05:59:16","out_for_delivery"
"209","209","2025-07-26 15:06:21","in_transit"
"210","210","2025-07-24 10:24:47","delivered"
"211","211","2025-07-20 12:03:12","delivered"
"212","212","2025-07-23 16:23:28","delivered"
"213","213","2025-07-29 01:08:36","delayed"
"214","214","2025-07-25 03:37:17","pending"
"215","215","2025-07-12 10:00:49","delivered"
"216","216","2025-07-23 03:15:31","pending"
"217","217","2025-08-05 06:30:32","shipped"
"218","218","2025-07-31 06:33:53","delivered"
"219","219","2025-08-04 01:02:52","delayed"
"220","220","2025-07-15 16:43:24","shipped"
"221","221","2025-07-21 04:49:50","out_for_delivery"
"222","222","2025-07-31 16:26:36","shipped"
"223","223","2025-07-20 08:53:02","shipped"
"224","224","2025-08-09 15:08:40","returned"
"225","225","2025-08-08 19:11:18","shipped"
"226","226","2025-07-17 01:25:26","delivered"
"227","227","2025-08-06 22:25:45","pending"
"228","228","2025-08-07 01:16:28","in_transit"
"229","229","2025-08-03 23:56:00","out_for_delivery"
"230","230","2025-07-23 08:54:34","delivered"
"231","231","2025-07-18 23:59:15","delayed"
"232","232","2025-07-30 08:22:16","in_transit"
"233","233","2025-07-20 14:50:49","in_transit"
"234","234","2025-07-12 03:37:15","delayed"
"235","235","2025-08-04 18:49:21","in_transit"
"236","236","2025-07-25 18:00:21","delayed"
"237","237","2025-07-19 13:22:30","returned"
"238","238","2025-07-22 17:42:38","delayed"
"239","239","2025-08-08 05:14:56","pending"
"240","240","2025-07-17 06:46:40","shipped"
"241","241","2025-07-16 02:58:09","out_for_delivery"
"242","242","2025-07-15 12:48:00","in_transit"
"243","243","2025-07-16 10:43:38","returned"
"244","244","2025-07-21 18:50:54","pending"
"245","245","2025-08-02 00:03:40","shipped"
"246","246","2025-08-04 18:33:37","delivered"
"247","247","2025-08-05 14:44:57","delayed"
"248","248","2025-07-30 18:02:35","shipped"
"249","249","2025-07-21 11:55:36","shipped"
"250","250","2025-07-31 10:42:59","out_for_delivery"
"251","251","2025-07-31 08:40:03","pending"
"252","252","2025-07-30 20:51:15","out_for_delivery"
"253","253","2025-08-05 06:34:34","returned"
"254","254","2025-07-27 03:15:33","in_transit"
"255","255","2025-08-05 18:20:25","in_transit"
"256","256","2025-07-18 01:15:11","in_transit"
"257","257","2025-08-05 13:36:56","delayed"
"258","258","2025-07-28 14:32:00","pending"
"259","259","2025-07-23 10:58:18","in_transit"
"260","260","2025-07-31 10:34:53","delayed"
"261","261","2025-07-26 15:36:36","out_for_delivery"
"262","262","2025-08-05 10:29:58","out_for_delivery"
"263","263","2025-07-27 15:13:24","shipped"
"264","264","2025-08-06 09:18:26","returned"
"265","265","2025-07-31 09:12:42","delayed"
"266","266","2025-07-13 16:12:14","out_for_delivery"
"267","267","2025-08-09 12:07:27","in_transit"
"268","268","2025-07-12 21:34:39","pending"
"269","269","2025-08-03 14:00:03","shipped"
"270","270","2025-07-28 11:39:31","returned"
"271","271","2025-08-05 09:35:41","delivered"
"272","272","2025-07-17 09:41:35","returned"
"273","273","2025-08-03 18:11:38","pending"
"274","274","2025-07-17 01:12:23","in_transit"
"275","275","2025-07-11 14:17:53","delayed"
"276","276","2025-08-09 01:24:11","delayed"
"277","277","2025-07-21 01:40:01","returned"
"278","278","2025-07-27 09:59:27","delayed"
"279","279","2025-08-02 13:39:13","returned"
"280","280","2025-07-28 12:51:23","delivered"
"281","281","2025-07-16 20:13:00","in_transit"
"282","282","2025-08-07 20:12:49","delayed"
"283","283","2025-07-24 15:52:28","delayed"
"284","284","2025-07-30 18:22:15","out_for_delivery"
"285","285","2025-07-18 15:05:00","delayed"
"286","286","2025-07-15 12:35:55","returned"
"287","287","2025-08-08 05:15:14","out_for_delivery"
"288","288","2025-07-31 11:36:26","out_for_delivery"
"289","289","2025-08-05 14:10:27","in_transit"
"290","290","2025-08-02 15:26:49","pending"
"291","291","2025-07-29 11:02:30","pending"
"292","292","2025-08-07 00:11:02","returned"
"293","293","2025-07-24 23:44:53","in_transit"
"294","294","2025-08-05 15:51:21","returned"
"295","295","2025-08-06 09:31:20","delivered"
"296","296","2025-07-16 02:08:10","returned"
"297","297","2025-07-23 07:48:16","delayed"
"298","298","2025-07-16 08:05:29","out_for_delivery"
"299","299","2025-08-02 08:57:22","pending"
"300","300","2025-07-14 07:10:04","out_for_delivery"
"301","301","2025-07-11 15:07:42","in_transit"
"302","302","2025-07-31 00:47:27","delayed"
"303","303","2025-07-16 03:21:22","pending"
"304","304","2025-08-09 12:43:10","returned"
"305","305","2025-07-13 07:28:51","pending"
"306","306","2025-08-09 09:08:06","in_transit"
"307","307","2025-08-04 04:44:03","delivered"
"308","308","2025-08-09 09:13:43","in_transit"
"309","309","2025-07-29 06:02:31","delivered"
"310","310","2025-07-15 08:04:28","pending"
"311","311","2025-08-10 04:25:00","out_for_delivery"
"312","312","2025-07-20 08:02:35","delivered"
"313","313","2025-08-10 03:32:53","pending"
"314","314","2025-07-23 07:55:31","returned"
"315","315","2025-08-09 22:53:04","delivered"
"316","316","2025-08-07 14:32:06","out_for_delivery"
"317","317","2025-07-25 16:26:34","in_transit"
"318","318","2025-07-30 07:49:28","in_transit"
"319","319","2025-08-08 08:03:40","pending"
"320","320","2025-07-26 04:23:20","returned"
"321","321","2025-07-22 16:03:49","in_transit"
"322","322","2025-08-08 00:44:43","pending"
"323","323","2025-07-19 11:12:16","delayed"
"324","324","2025-07-12 04:48:55","shipped"
"325","325","2025-07-19 03:42:01","returned"
"326","326","2025-07-27 09:23:59","in_transit"
"327","327","2025-07-20 09:59:48","out_for_delivery"
"328","328","2025-07-30 21:24:07","shipped"
"329","329","2025-07-26 01:07:07","shipped"
"330","330","2025-07-28 20:41:54","out_for_delivery"
"331","331","2025-07-29 21:19:12","pending"
"332","332","2025-08-09 13:17:12","shipped"
"333","333","2025-08-04 20:59:26","shipped"
"334","334","2025-07-22 11:47:11","delivered"
"335","335","2025-07-22 13:27:25","pending"
"336","336","2025-07-17 00:25:38","delivered"
"337","337","2025-07-23 15:03:34","out_for_delivery"
"338","338","2025-08-03 04:08:50","shipped"
"339","339","2025-07-25 06:02:45","returned"
"340","340","2025-07-24 22:50:53","returned"
"341","341","2025-07-17 10:08:23","pending"
"342","342","2025-08-05 14:11:21","pending"
"343","343","2025-07-31 12:08:02","delayed"
"344","344","2025-07-19 02:23:54","delayed"
"345","345","2025-07-23 01:10:28","delivered"
"346","346","2025-07-19 04:43:58","delayed"
"347","347","2025-07-22 07:33:48","in_transit"
"348","348","2025-08-03 06:31:37","returned"
"349","349","2025-07-31 17:49:59","delayed"
"350","350","2025-08-09 15:35:05","pending"
"351","351","2025-07-17 12:24:23","shipped"
"352","352","2025-07-27 16:26:37","returned"
"353","353","2025-07-29 00:00:40","pending"
"354","354","2025-07-19 11:05:07","pending"
"355","355","2025-08-10 06:31:09","delivered"
"356","356","2025-07-20 10:04:02","delivered"
"357","357","2025-07-30 01:44:52","pending"
"358","358","2025-07-18 09:55:42","shipped"
"359","359","2025-08-02 14:59:49","shipped"
"360","360","2025-07-20 06:25:20","delivered"
"361","361","2025-07-15 07:58:49","returned"
"362","362","2025-08-05 20:36:50","delayed"
"363","363","2025-07-31 17:17:57","returned"
"364","364","2025-07-17 17:01:08","shipped"
"365","365","2025-07-28 16:08:33","returned"
"366","366","2025-08-04 05:33:40","shipped"
"367","367","2025-08-03 06:24:21","delivered"
"368","368","2025-07-14 21:42:32","out_for_delivery"
"369","369","2025-07-28 03:16:21","returned"
"370","370","2025-07-26 16:35:51","pending"
"371","371","2025-08-09 00:11:52","in_transit"
"372","372","2025-08-03 17:16:16","in_transit"
"373","373","2025-07-29 00:15:42","delayed"
"374","374","2025-08-04 14:49:38","pending"
"375","375","2025-08-02 22:57:45","shipped"
"376","376","2025-07-12 09:36:22","returned"
"377","377","2025-08-05 15:29:01","in_transit"
"378","378","2025-07-11 11:58:57","out_for_delivery"
"379","379","2025-07-20 01:33:11","in_transit"
"380","380","2025-07-27 10:21:07","in_transit"
"381","381","2025-07-23 16:48:21","delivered"
"382","382","2025-08-09 03:02:14","delayed"
"383","383","2025-07-27 09:35:38","delivered"
"384","384","2025-07-31 05:58:12","shipped"
"385","385","2025-07-19 22:30:40","delayed"
"386","386","2025-07-19 00:56:03","returned"
"387","387","2025-07-26 20:56:01","delayed"
"388","388","2025-07-30 01:23:36","out_for_delivery"
"389","389","2025-08-02 11:55:09","delayed"
"390","390","2025-07-17 04:50:50","returned"
"391","391","2025-08-02 22:46:52","in_transit"
"392","392","2025-08-01 12:41:48","delayed"
"393","393","2025-08-04 17:30:23","shipped"
"394","394","2025-07-12 07:50:59","in_transit"
"395","395","2025-07-31 23:58:32","delivered"
"396","396","2025-08-06 16:45:08","pending"
"397","397","2025-07-19 09:02:12","pending"
"398","398","2025-07-12 03:18:04","returned"
"399","399","2025-07-28 21:13:51","in_transit"
"400","400","2025-07-13 17:40:56","pending"
"401","401","2025-07-29 05:05:54","returned"
"402","402","2025-07-27 23:50:42","shipped"
"403","403","2025-07-31 15:06:24","delayed"
"404","404","2025-07-20 11:57:02","out_for_delivery"
"405","405","2025-07-29 15:21:34","delayed"
"406","406","2025-07-18 03:35:54","pending"
"407","407","2025-07-31 01:37:20","pending"
"408","408","2025-07-13 08:20:28","delivered"
"409","409","2025-08-07 03:28:57","pending"
"410","410","2025-08-06 10:25:15","shipped"
"411","411","2025-07-31 18:57:19","in_transit"
"412","412","2025-08-05 15:56:13","shipped"
"413","413","2025-08-01 18:37:44","pending"
"414","414","2025-08-04 01:12:41","pending"
"415","415","2025-07-25 15:30:59","in_transit"
"416","416","2025-07-14 05:59:47","shipped"
"417","417","2025-07-11 21:06:41","shipped"
"418","418","2025-07-11 16:08:50","shipped"
"419","419","2025-07-18 01:30:52","shipped"
"420","420","2025-07-31 09:19:55","delivered"
"421","421","2025-07-15 21:50:42","pending"
"422","422","2025-07-18 01:32:52","delivered"
"423","423","2025-07-13 18:43:54","returned"
"424","424","2025-07-17 08:34:58","delivered"
"425","425","2025-07-24 01:18:54","shipped"
"426","426","2025-07-27 06:07:03","pending"
"427","427","2025-08-08 23:16:03","pending"
"428","428","2025-07-20 20:16:51","returned"
"429","429","2025-07-20 08:45:08","delivered"
"430","430","2025-08-08 06:08:23","in_transit"
"431","431","2025-07-20 09:29:57","out_for_delivery"
"432","432","2025-08-01 08:14:22","delivered"
"433","433","2025-07-25 14:46:11","delivered"
"434","434","2025-07-17 20:04:39","delayed"
"435","435","2025-08-02 23:37:16","delayed"
"436","436","2025-08-02 07:05:45","shipped"
"437","437","2025-07-13 07:59:31","pending"
"438","438","2025-07-16 04:35:17","in_transit"
"439","439","2025-07-19 22:09:54","shipped"
"440","440","2025-07-12 01:11:48","in_transit"
"441","441","2025-08-08 07:22:49","returned"
"442","442","2025-08-03 15:41:47","shipped"
"443","443","2025-07-27 20:35:13","shipped"
"444","444","2025-07-21 10:35:50","delayed"
"445","445","2025-07-22 11:56:18","in_transit"
"446","446","2025-08-07 17:08:35","returned"
"447","447","2025-07-30 19:50:14","pending"
"448","448","2025-08-01 14:31:40","pending"
"449","449","2025-07-30 20:06:11","shipped"
"450","450","2025-07-16 05:40:57","delayed"
"451","451","2025-07-15 18:35:14","pending"
"452","452","2025-07-22 08:22:28","pending"
"453","453","2025-07-18 06:21:00","returned"
"454","454","2025-07-12 08:38:43","delivered"
"455","455","2025-08-01 16:43:06","shipped"
"456","456","2025-07-26 07:37:08","out_for_delivery"
"457","457","2025-07-22 04:11:52","shipped"
"458","458","2025-07-29 01:48:13","delivered"
"459","459","2025-08-05 20:01:29","pending"
"460","460","2025-08-01 08:28:33","delivered"
"461","461","2025-07-17 23:44:24","in_transit"
"462","462","2025-07-17 11:38:44","delivered"
"463","463","2025-07-26 21:44:02","shipped"
"464","464","2025-08-07 07:45:31","returned"
"465","465","2025-07-21 20:31:31","out_for_delivery"
"466","466","2025-07-22 22:37:37","delivered"
"467","467","2025-07-14 18:37:26","shipped"
"468","468","2025-07-24 09:28:54","in_transit"
"469","469","2025-08-03 13:19:45","in_transit"
"470","470","2025-07-15 23:26:56","out_for_delivery"
"471","471","2025-07-15 23:38:48","delayed"
"472","472","2025-07-24 05:39:22","pending"
"473","473","2025-07-20 08:15:57","delivered"
"474","474","2025-08-04 17:46:13","in_transit"
"475","475","2025-08-09 00:21:36","out_for_delivery"
"476","476","2025-07-18 00:09:15","shipped"
"477","477","2025-07-24 12:27:39","shipped"
"478","478","2025-08-04 22:26:56","shipped"
"479","479","2025-07-23 01:27:36","pending"
"480","480","2025-07-15 20:04:00","in_transit"
"481","481","2025-07-25 15:07:51","delivered"
"482","482","2025-08-01 03:51:49","out_for_delivery"
"483","483","2025-07-28 17:16:43","out_for_delivery"
"484","484","2025-07-16 10:55:14","delivered"
"485","485","2025-08-09 17:52:29","delayed"
"486","486","2025-07-24 06:40:42","pending"
"487","487","2025-08-08 22:56:52","pending"
"488","488","2025-07-20 01:06:50","delayed"
"489","489","2025-07-24 19:18:53","returned"
"490","490","2025-07-26 20:48:17","pending"
"491","491","2025-07-26 03:38:35","delivered"
"492","492","2025-07-25 17:28:22","delayed"
"493","493","2025-07-15 14:08:49","out_for_delivery"
"494","494","2025-08-03 14:06:05","pending"
"495","495","2025-07-16 06:30:06","pending"
"496","496","2025-07-16 15:24:15","in_transit"
"497","497","2025-07-18 16:13:11","shipped"
"498","498","2025-07-22 23:43:08","in_transit"
"499","499","2025-08-03 07:46:17","returned"
"500","500","2025-07-22 04:37:21","shipped"
"501","501","2025-07-26 16:04:59","delayed"
"502","502","2025-08-09 12:33:26","out_for_delivery"
"503","503","2025-07-21 01:34:33","delivered"
"504","504","2025-07-25 18:09:16","returned"
"505","505","2025-08-05 06:22:21","out_for_delivery"
"506","506","2025-08-09 11:59:30","returned"
"507","507","2025-07-22 20:58:04","returned"
"508","508","2025-08-09 14:29:41","delivered"
"509","509","2025-07-30 21:01:17","delayed"
"510","510","2025-07-24 11:10:57","delivered"
"511","511","2025-07-18 10:23:06","pending"
"512","512","2025-07-14 15:29:49","delayed"
"513","513","2025-08-07 01:01:51","delivered"
"514","514","2025-07-13 16:07:59","shipped"
"515","515","2025-07-28 02:38:40","returned"
"516","516","2025-08-02 12:07:12","pending"
"517","517","2025-07-22 15:45:40","in_transit"
"518","518","2025-07-28 11:34:37","pending"
"519","519","2025-07-19 14:20:37","out_for_delivery"
"520","520","2025-07-16 10:05:47","shipped"
"521","521","2025-07-16 13:39:50","out_for_delivery"
"522","522","2025-07-14 14:21:03","in_transit"
"523","523","2025-08-06 17:40:50","pending"
"524","524","2025-07-18 00:26:06","shipped"
"525","525","2025-08-04 12:47:37","returned"
"526","526","2025-08-05 20:37:02","out_for_delivery"
"527","527","2025-07-29 12:21:14","returned"
"528","528","2025-07-12 22:46:02","returned"
"529","529","2025-07-25 03:00:23","shipped"
"530","530","2025-07-22 21:23:05","out_for_delivery"
"531","531","2025-07-30 02:59:08","delayed"
"532","532","2025-07-28 23:55:26","shipped"
"533","533","2025-08-05 03:52:24","delayed"
"534","534","2025-07-25 16:00:58","returned"
"535","535","2025-07-14 19:25:44","delayed"
"536","536","2025-08-05 21:12:10","pending"
"537","537","2025-07-21 18:37:21","delivered"
"538","538","2025-07-26 12:02:37","pending"
"539","539","2025-07-13 20:16:01","delayed"
"540","540","2025-07-13 00:18:10","out_for_delivery"
"541","541","2025-07-16 18:10:10","delayed"
"542","542","2025-07-15 16:04:56","delayed"
"543","543","2025-08-07 03:15:43","pending"
"544","544","2025-08-06 21:17:11","out_for_delivery"
"545","545","2025-07-23 20:05:42","out_for_delivery"
"546","546","2025-08-02 05:51:50","shipped"
"547","547","2025-07-16 22:26:27","delivered"
"548","548","2025-07-27 10:54:24","pending"
"549","549","2025-08-05 08:40:20","delayed"
"550","550","2025-07-27 15:58:38","pending"
"551","551","2025-07-16 12:49:40","in_transit"
"552","552","2025-07-13 03:05:17","shipped"
"553","553","2025-07-20 01:15:14","pending"
"554","554","2025-08-01 04:18:16","delayed"
"555","555","2025-07-18 23:30:25","in_transit"
"556","556","2025-08-05 10:21:11","delayed"
"557","557","2025-07-18 02:43:32","in_transit"
"558","558","2025-07-19 09:21:07","delayed"
"559","559","2025-08-02 11:22:38","returned"
"560","560","2025-07-21 11:56:38","pending"
"561","561","2025-07-18 23:42:26","delayed"
"562","562","2025-07-16 01:28:20","shipped"
"563","563","2025-07-13 10:57:43","in_transit"
"564","564","2025-07-23 02:23:55","returned"
"565","565","2025-08-08 04:33:14","in_transit"
"566","566","2025-07-31 00:08:57","shipped"
"567","567","2025-07-14 05:38:08","delivered"
"568","568","2025-07-31 18:08:08","delayed"
"569","569","2025-07-29 00:34:37","shipped"
"570","570","2025-07-14 10:34:58","out_for_delivery"
"571","571","2025-07-21 02:39:07","in_transit"
"572","572","2025-07-16 20:59:29","returned"
"573","573","2025-07-22 10:44:53","in_transit"
"574","574","2025-07-26 00:07:13","returned"
"575","575","2025-08-02 12:07:57","returned"
"576","576","2025-07-17 06:22:11","in_transit"
"577","577","2025-07-18 14:29:25","in_transit"
"578","578","2025-07-25 08:11:13","delivered"
"579","579","2025-07-20 06:09:04","out_for_delivery"
"580","580","2025-08-04 22:19:10","shipped"
"581","581","2025-08-06 09:17:16","delivered"
"582","582","2025-07-26 22:48:45","in_transit"
"583","583","2025-07-27 04:32:12","out_for_delivery"
"584","584","2025-07-31 00:49:27","returned"
"585","585","2025-08-01 02:37:57","shipped"
"586","586","2025-07-31 07:06:26","delayed"
"587","587","2025-07-24 23:10:12","pending"
"588","588","2025-08-08 23:12:54","shipped"
"589","589","2025-08-07 05:29:18","in_transit"
"590","590","2025-07-24 23:23:07","shipped"
"591","591","2025-07-22 17:42:35","returned"
"592","592","2025-07-27 17:08:39","in_transit"
"593","593","2025-07-15 23:47:12","in_transit"
"594","594","2025-07-18 01:53:20","shipped"
"595","595","2025-07-18 23:21:14","pending"
"596","596","2025-07-26 20:06:10","shipped"
"597","597","2025-07-28 19:00:02","delayed"
"598","598","2025-07-15 02:44:11","out_for_delivery"
"599","599","2025-08-04 00:49:59","shipped"
"600","600","2025-07-19 19:38:42","pending"
"601","601","2025-07-20 22:25:21","pending"
"602","602","2025-08-03 11:05:10","in_transit"
"603","603","2025-07-25 17:14:48","in_transit"
"604","604","2025-07-20 13:15:10","shipped"
"605","605","2025-07-24 21:37:41","returned"
"606","606","2025-07-16 16:00:14","in_transit"
"607","607","2025-07-15 20:29:08","pending"
"608","608","2025-07-22 00:23:05","shipped"
"609","609","2025-07-26 20:47:12","returned"
"610","610","2025-07-19 07:38:49","delivered"
"611","611","2025-07-18 07:48:25","shipped"
"612","612","2025-07-19 16:52:14","delivered"
"613","613","2025-07-23 13:17:07","pending"
"614","614","2025-07-23 22:51:29","pending"
"615","615","2025-07-28 19:05:48","returned"
"616","616","2025-07-16 06:11:56","delivered"
"617","617","2025-07-12 14:24:24","out_for_delivery"
"618","618","2025-07-13 23:00:48","delivered"
"619","619","2025-07-24 19:11:04","in_transit"
"620","620","2025-08-02 09:21:56","pending"
"621","621","2025-08-07 01:47:47","out_for_delivery"
"622","622","2025-08-10 03:52:54","returned"
"623","623","2025-07-18 15:42:32","returned"
"624","624","2025-07-17 06:15:42","delayed"
"625","625","2025-07-23 17:28:16","delivered"
"626","626","2025-07-24 17:21:23","in_transit"
"627","627","2025-07-31 18:13:00","in_transit"
"628","628","2025-07-26 12:26:27","out_for_delivery"
"629","629","2025-07-26 11:14:33","in_transit"
"630","630","2025-07-25 16:58:21","pending"
"631","631","2025-07-23 17:30:16","in_transit"
"632","632","2025-07-14 14:39:23","out_for_delivery"
"633","633","2025-07-31 18:10:05","in_transit"
"634","634","2025-07-14 12:11:55","shipped"
"635","635","2025-08-06 00:58:43","pending"
"636","636","2025-07-20 07:30:47","delivered"
"637","637","2025-07-27 08:18:20","out_for_delivery"
"638","638","2025-08-07 09:06:26","delivered"
"639","639","2025-07-15 18:13:29","in_transit"
"640","640","2025-07-22 14:25:38","delivered"
"641","641","2025-07-19 14:09:07","pending"
"642","642","2025-07-16 13:54:34","returned"
"643","643","2025-07-22 13:36:02","in_transit"
"644","644","2025-08-07 06:19:03","shipped"
"645","645","2025-07-12 04:39:12","out_for_delivery"
"646","646","2025-07-21 13:02:22","pending"
"647","647","2025-07-19 04:37:25","pending"
"648","648","2025-07-27 13:39:24","delayed"
"649","649","2025-07-21 09:05:15","out_for_delivery"
"650","650","2025-07-20 23:12:35","out_for_delivery"
"651","651","2025-07-22 11:31:05","delayed"
"652","652","2025-07-29 15:14:11","out_for_delivery"
"653","653","2025-07-18 12:21:20","delivered"
"654","654","2025-07-18 12:26:40","delayed"
"655","655","2025-07-18 16:40:07","shipped"
"656","656","2025-08-08 23:42:09","delayed"
"657","657","2025-07-21 21:15:24","delayed"
"658","658","2025-07-27 11:19:48","delayed"
"659","659","2025-07-14 21:08:10","delayed"
"660","660","2025-08-07 04:29:38","returned"
"661","661","2025-07-19 20:40:07","returned"
"662","662","2025-07-19 07:24:31","shipped"
"663","663","2025-07-11 10:31:43","shipped"
"664","664","2025-07-12 01:55:32","shipped"
"665","665","2025-07-31 12:04:23","shipped"
"666","666","2025-07-30 16:25:27","delivered"
"667","667","2025-07-22 23:14:09","shipped"
"668","668","2025-07-27 11:22:55","pending"
"669","669","2025-07-16 13:13:04","out_for_delivery"
"670","670","2025-08-07 17:55:54","shipped"
"671","671","2025-07-22 07:01:44","in_transit"
"672","672","2025-08-08 23:32:13","delivered"
"673","673","2025-07-16 14:15:20","out_for_delivery"
"674","674","2025-08-03 02:55:31","delayed"
"675","675","2025-07-15 13:25:19","in_transit"
"676","676","2025-07-16 08:05:26","delayed"
"677","677","2025-07-25 22:42:52","returned"
"678","678","2025-07-12 23:26:51","returned"
"679","679","2025-07-22 11:01:51","shipped"
"680","680","2025-08-04 20:30:07","shipped"
"681","681","2025-07-29 05:18:02","shipped"
"682","682","2025-07-20 03:49:55","returned"
"683","683","2025-08-02 13:02:07","in_transit"
"684","684","2025-07-14 11:45:44","in_transit"
"685","685","2025-07-16 13:42:29","delayed"
"686","686","2025-07-15 01:59:12","pending"
"687","687","2025-08-01 06:13:24","out_for_delivery"
"688","688","2025-07-27 14:02:18","delivered"
"689","689","2025-07-16 06:45:30","pending"
"690","690","2025-08-07 11:29:11","delivered"
"691","691","2025-07-18 04:58:12","in_transit"
"692","692","2025-07-24 01:23:31","delayed"
"693","693","2025-07-28 23:00:14","delayed"
"694","694","2025-07-30 14:10:53","delayed"
"695","695","2025-07-21 15:52:30","delivered"
"696","696","2025-07-16 20:06:09","out_for_delivery"
"697","697","2025-07-30 03:58:12","out_for_delivery"
"698","698","2025-07-13 18:59:56","in_transit"
"699","699","2025-07-14 21:51:50","in_transit"
"700","700","2025-07-14 08:15:25","returned"
"701","701","2025-07-30 15:51:46","delivered"
"702","702","2025-08-09 07:34:55","out_for_delivery"
"703","703","2025-07-15 05:16:26","delayed"
"704","704","2025-07-21 17:47:17","returned"
"705","705","2025-07-31 03:03:45","delayed"
"706","706","2025-07-11 20:40:25","delayed"
"707","707","2025-07-13 08:09:28","shipped"
"708","708","2025-08-03 19:10:12","in_transit"
"709","709","2025-08-02 09:32:44","in_transit"
"710","710","2025-08-01 07:08:05","delivered"
"711","711","2025-07-23 11:37:49","in_transit"
"712","712","2025-08-04 21:57:59","in_transit"
"713","713","2025-07-11 13:10:10","delivered"
"714","714","2025-07-19 11:08:18","delayed"
"715","715","2025-07-25 03:46:51","returned"
"716","716","2025-07-12 10:45:38","delivered"
"717","717","2025-08-07 09:13:36","shipped"
"718","718","2025-07-23 18:05:55","out_for_delivery"
"719","719","2025-08-10 00:52:45","returned"
"720","720","2025-07-22 22:43:09","out_for_delivery"
"721","721","2025-08-01 16:52:59","pending"
"722","722","2025-07-26 20:14:18","delivered"
"723","723","2025-07-17 16:23:38","in_transit"
"724","724","2025-08-04 03:04:12","delayed"
"725","725","2025-07-29 06:08:43","delivered"
"726","726","2025-07-12 15:39:46","delivered"
"727","727","2025-07-13 23:03:29","pending"
"728","728","2025-07-23 13:54:28","in_transit"
"729","729","2025-07-12 23:18:40","delivered"
"730","730","2025-08-08 04:59:12","delivered"
"731","731","2025-07-15 04:30:14","out_for_delivery"
"732","732","2025-08-10 03:29:31","pending"
"733","733","2025-07-21 08:01:59","out_for_delivery"
"734","734","2025-07-15 12:48:11","pending"
"735","735","2025-07-29 18:51:16","delivered"
"736","736","2025-07-12 15:37:35","returned"
"737","737","2025-07-14 23:59:28","shipped"
"738","738","2025-07-28 06:16:19","in_transit"
"739","739","2025-07-16 08:32:36","pending"
"740","740","2025-07-20 17:49:18","delivered"
"741","741","2025-07-20 15:27:36","returned"
"742","742","2025-08-01 03:59:34","pending"
"743","743","2025-07-16 06:34:37","out_for_delivery"
"744","744","2025-07-31 12:18:51","shipped"
"745","745","2025-08-05 15:03:56","shipped"
"746","746","2025-08-08 10:08:07","delayed"
"747","747","2025-07-30 10:49:32","shipped"
"748","748","2025-07-28 03:48:50","returned"
"749","749","2025-07-13 02:30:32","shipped"
"750","750","2025-07-15 12:48:08","in_transit"
"751","751","2025-08-04 21:02:34","in_transit"
"752","752","2025-07-31 17:40:54","out_for_delivery"
"753","753","2025-07-27 12:00:03","out_for_delivery"
"754","754","2025-07-22 16:21:27","pending"
"755","755","2025-08-01 18:47:58","shipped"
"756","756","2025-07-14 07:55:24","out_for_delivery"
"757","757","2025-07-12 03:37:06","delivered"
"758","758","2025-08-03 07:25:59","out_for_delivery"
"759","759","2025-08-04 05:21:55","returned"
"760","760","2025-07-25 04:51:25","out_for_delivery"
"761","761","2025-07-17 00:05:54","delivered"
"762","762","2025-08-08 07:32:49","out_for_delivery"
"763","763","2025-08-08 22:13:41","in_transit"
"764","764","2025-07-31 00:42:52","returned"
"765","765","2025-08-04 00:38:25","delayed"
"766","766","2025-08-01 01:26:35","delivered"
"767","767","2025-08-10 00:10:05","delayed"
"768","768","2025-07-22 18:27:51","returned"
"769","769","2025-07-30 06:53:47","shipped"
"770","770","2025-07-19 20:40:46","shipped"
"771","771","2025-08-04 16:47:34","delivered"
"772","772","2025-07-31 15:24:00","pending"
"773","773","2025-08-01 20:33:18","returned"
"774","774","2025-08-05 08:46:14","pending"
"775","775","2025-07-23 03:34:57","pending"
"776","776","2025-07-20 14:28:06","delayed"
"777","777","2025-07-12 09:55:42","in_transit"
"778","778","2025-07-18 13:22:48","returned"
"779","779","2025-07-21 09:53:46","delayed"
"780","780","2025-08-04 18:20:20","in_transit"
"781","781","2025-08-09 14:08:12","out_for_delivery"
"782","782","2025-08-02 23:46:20","in_transit"
"783","783","2025-08-07 21:05:13","shipped"
"784","784","2025-08-07 15:30:51","delivered"
"785","785","2025-07-12 00:47:38","out_for_delivery"
"786","786","2025-08-03 18:14:44","shipped"
"787","787","2025-08-03 03:02:11","pending"
"788","788","2025-07-29 04:50:29","pending"
"789","789","2025-08-09 23:49:24","shipped"
"790","790","2025-07-23 05:18:42","returned"
"791","791","2025-07-22 22:40:33","out_for_delivery"
"792","792","2025-07-29 08:04:23","in_transit"
"793","793","2025-07-23 09:47:40","in_transit"
"794","794","2025-08-06 23:57:59","in_transit"
"795","795","2025-08-04 10:55:16","returned"
"796","796","2025-07-31 22:22:56","delayed"
"797","797","2025-07-28 16:41:49","delayed"
"798","798","2025-07-31 10:25:58","delivered"
"799","799","2025-07-16 08:07:34","delivered"
"800","800","2025-07-23 17:36:11","delivered"
"801","801","2025-07-21 03:03:01","pending"
"802","802","2025-07-20 12:54:15","in_transit"
"803","803","2025-08-03 07:03:42","pending"
"804","804","2025-08-05 14:36:34","delivered"
"805","805","2025-08-03 02:23:55","in_transit"
"806","806","2025-08-01 21:20:43","out_for_delivery"
"807","807","2025-07-25 22:36:08","shipped"
"808","808","2025-07-22 09:16:35","shipped"
"809","809","2025-08-09 03:24:46","delayed"
"810","810","2025-07-17 12:25:00","delivered"
"811","811","2025-07-19 17:22:44","in_transit"
"812","812","2025-07-24 12:37:31","pending"
"813","813","2025-07-24 07:13:39","delivered"
"814","814","2025-08-10 00:47:52","out_for_delivery"
"815","815","2025-07-13 16:19:26","delivered"
"816","816","2025-07-28 12:47:15","in_transit"
"817","817","2025-08-02 13:22:14","pending"
"818","818","2025-08-05 05:40:14","delivered"
"819","819","2025-07-11 18:09:19","shipped"
"820","820","2025-08-03 06:34:36","pending"
"821","821","2025-08-05 21:23:05","delayed"
"822","822","2025-07-26 04:41:09","delivered"
"823","823","2025-07-24 04:07:27","out_for_delivery"
"824","824","2025-07-23 01:51:40","in_transit"
"825","825","2025-07-11 16:42:19","returned"
"826","826","2025-07-31 21:56:54","out_for_delivery"
"827","827","2025-07-26 20:07:30","returned"
"828","828","2025-08-02 18:11:03","in_transit"
"829","829","2025-07-18 01:23:09","out_for_delivery"
"830","830","2025-07-24 13:34:15","in_transit"
"831","831","2025-08-08 22:57:08","delayed"
"832","832","2025-08-06 04:05:54","shipped"
"833","833","2025-08-07 21:57:20","delivered"
"834","834","2025-08-05 11:25:42","shipped"
"835","835","2025-08-03 05:56:54","delayed"
"836","836","2025-08-05 13:00:24","shipped"
"837","837","2025-07-19 23:39:50","delivered"
"838","838","2025-07-19 02:48:10","delivered"
"839","839","2025-07-28 13:58:54","in_transit"
"840","840","2025-07-12 06:55:39","delayed"
"841","841","2025-07-14 11:30:45","out_for_delivery"
"842","842","2025-07-28 21:02:12","pending"
"843","843","2025-07-13 14:25:31","pending"
"844","844","2025-08-09 12:44:55","in_transit"
"845","845","2025-07-20 06:12:12","delivered"
"846","846","2025-07-14 14:26:04","shipped"
"847","847","2025-07-23 13:37:47","returned"
"848","848","2025-07-29 06:10:28","in_transit"
"849","849","2025-08-01 14:21:37","delayed"
"850","850","2025-07-31 02:17:51","shipped"
"851","851","2025-07-22 01:33:05","returned"
"852","852","2025-07-16 08:46:17","out_for_delivery"
"853","853","2025-08-06 09:06:32","delivered"
"854","854","2025-07-26 08:51:41","out_for_delivery"
"855","855","2025-07-19 02:03:24","pending"
"856","856","2025-08-07 05:14:36","shipped"
"857","857","2025-07-12 19:53:35","in_transit"
"858","858","2025-07-28 06:51:24","delayed"
"859","859","2025-07-21 17:04:23","pending"
"860","860","2025-07-24 11:55:21","delayed"
"861","861","2025-07-16 22:42:23","shipped"
"862","862","2025-07-13 21:38:57","returned"
"863","863","2025-07-25 19:01:22","delivered"
"864","864","2025-07-24 04:40:48","out_for_delivery"
"865","865","2025-07-14 14:45:42","in_transit"
"866","866","2025-08-10 07:17:38","out_for_delivery"
"867","867","2025-08-06 09:39:32","out_for_delivery"
"868","868","2025-08-08 03:36:16","shipped"
"869","869","2025-08-02 16:37:39","returned"
"870","870","2025-07-16 05:17:46","in_transit"
"871","871","2025-07-16 03:35:09","delayed"
"872","872","2025-07-28 15:15:55","returned"
"873","873","2025-08-07 19:39:08","delivered"
"874","874","2025-08-02 11:32:09","delivered"
"875","875","2025-07-22 23:21:20","returned"
"876","876","2025-07-25 23:50:02","delayed"
"877","877","2025-07-23 20:01:32","out_for_delivery"
"878","878","2025-08-09 16:39:21","shipped"
"879","879","2025-07-12 04:03:32","in_transit"
"880","880","2025-08-06 03:17:40","delivered"
"881","881","2025-07-14 17:00:48","in_transit"
"882","882","2025-08-05 21:35:03","returned"
"883","883","2025-08-01 22:15:39","out_for_delivery"
"884","884","2025-07-17 13:23:38","out_for_delivery"
"885","885","2025-07-27 09:22:41","in_transit"
"886","886","2025-08-09 06:12:59","returned"
"887","887","2025-07-18 17:40:17","delayed"
"888","888","2025-07-27 05:25:57","delivered"
"889","889","2025-07-30 18:47:55","out_for_delivery"
"890","890","2025-08-07 10:03:20","pending"
"891","891","2025-08-08 20:45:48","out_for_delivery"
"892","892","2025-07-23 23:25:10","returned"
"893","893","2025-07-25 20:20:47","shipped"
"894","894","2025-07-28 06:11:56","delayed"
"895","895","2025-07-11 18:01:24","delivered"
"896","896","2025-07-22 02:21:56","pending"
"897","897","2025-07-19 01:47:27","returned"
"898","898","2025-07-18 16:37:17","delivered"
"899","899","2025-07-19 11:15:11","delayed"
"900","900","2025-08-09 12:41:49","in_transit"
"901","901","2025-08-08 09:25:29","out_for_delivery"
"902","902","2025-08-04 01:57:02","delayed"
"903","903","2025-07-25 05:03:07","out_for_delivery"
"904","904","2025-07-26 09:14:21","delayed"
"905","905","2025-08-06 13:48:12","returned"
"906","906","2025-07-15 08:04:43","pending"
"907","907","2025-07-29 08:50:56","delayed"
"908","908","2025-08-01 13:35:04","out_for_delivery"
"909","909","2025-07-25 23:50:51","shipped"
"910","910","2025-08-02 01:08:36","delayed"
"911","911","2025-08-01 03:05:10","returned"
"912","912","2025-07-21 11:06:13","pending"
"913","913","2025-07-17 00:06:29","out_for_delivery"
"914","914","2025-08-08 08:00:02","returned"
"915","915","2025-08-09 19:06:04","out_for_delivery"
"916","916","2025-08-05 15:28:59","returned"
"917","917","2025-07-12 04:01:45","returned"
"918","918","2025-07-29 20:08:22","shipped"
"919","919","2025-08-02 16:52:56","out_for_delivery"
"920","920","2025-07-30 15:46:19","pending"
"921","921","2025-07-18 12:01:03","delayed"
"922","922","2025-07-20 18:39:01","returned"
"923","923","2025-08-10 07:21:41","in_transit"
"924","924","2025-08-01 20:15:42","shipped"
"925","925","2025-07-14 06:14:23","pending"
"926","926","2025-07-16 00:13:07","pending"
"927","927","2025-07-18 05:11:08","delayed"
"928","928","2025-07-14 11:35:47","pending"
"929","929","2025-07-11 15:44:23","out_for_delivery"
"930","930","2025-07-21 03:55:41","out_for_delivery"
"931","931","2025-08-08 22:40:57","pending"
"932","932","2025-08-06 19:33:43","delayed"
"933","933","2025-08-05 13:01:07","shipped"
"934","934","2025-07-14 06:22:38","in_transit"
"935","935","2025-07-19 09:31:59","returned"
"936","936","2025-07-27 23:24:34","delivered"
"937","937","2025-08-04 02:20:30","in_transit"
"938","938","2025-07-19 03:58:03","delayed"
"939","939","2025-08-09 04:20:28","returned"
"940","940","2025-07-17 12:02:20","shipped"
"941","941","2025-08-02 09:22:24","delayed"
"942","942","2025-07-29 04:06:33","pending"
"943","943","2025-07-26 19:09:08","out_for_delivery"
"944","944","2025-08-02 19:24:16","returned"
"945","945","2025-08-06 20:55:44","out_for_delivery"
"946","946","2025-08-08 22:32:01","returned"
"947","947","2025-08-06 06:13:51","delayed"
"948","948","2025-08-08 03:12:49","returned"
"949","949","2025-07-19 12:40:19","shipped"
"950","950","2025-07-31 05:14:50","delivered"
"951","951","2025-07-22 13:39:24","pending"
"952","952","2025-08-07 17:26:01","pending"
"953","953","2025-08-09 23:51:59","delivered"
"954","954","2025-07-19 23:42:35","returned"
"955","955","2025-07-21 09:24:35","out_for_delivery"
"956","956","2025-07-13 15:54:50","pending"
"957","957","2025-07-14 05:48:20","delayed"
"958","958","2025-08-04 02:47:57","returned"
"959","959","2025-07-12 17:01:15","shipped"
"960","960","2025-08-03 01:58:11","delayed"
"961","961","2025-07-23 12:02:26","pending"
"962","962","2025-07-23 18:10:38","returned"
"963","963","2025-07-12 17:16:34","delayed"
"964","964","2025-07-29 18:22:12","returned"
"965","965","2025-07-19 04:33:41","shipped"
"966","966","2025-07-28 01:31:04","shipped"
"967","967","2025-07-30 21:35:42","delivered"
"968","968","2025-07-31 04:33:07","in_transit"
"969","969","2025-07-26 00:27:05","returned"
"970","970","2025-07-17 22:12:19","out_for_delivery"
"971","971","2025-07-30 09:05:52","delayed"
"972","972","2025-07-22 15:42:52","shipped"
"973","973","2025-08-05 12:57:11","returned"
"974","974","2025-07-14 02:24:32","returned"
"975","975","2025-07-17 15:07:15","shipped"
"976","976","2025-07-25 11:34:37","delivered"
"977","977","2025-08-05 16:20:54","returned"
"978","978","2025-07-18 00:08:03","shipped"
"979","979","2025-08-06 14:30:36","pending"
"980","980","2025-08-05 03:08:13","pending"
"981","981","2025-07-20 07:06:07","pending"
"982","982","2025-07-31 15:30:36","returned"
"983","983","2025-08-02 23:03:09","returned"
"984","984","2025-07-20 16:08:53","returned"
"985","985","2025-07-15 15:02:56","in_transit"
"986","986","2025-07-12 11:11:59","delivered"
"987","987","2025-07-24 04:45:32","shipped"
"988","988","2025-07-13 01:07:34","out_for_delivery"
"989","989","2025-08-03 09:37:25","returned"
"990","990","2025-07-27 09:27:02","shipped"
"991","991","2025-07-21 13:59:37","shipped"
"992","992","2025-07-13 20:02:30","returned"
"993","993","2025-07-25 14:17:43","out_for_delivery"
"994","994","2025-08-03 05:24:25","shipped"
"995","995","2025-08-05 18:54:13","in_transit"
"996","996","2025-07-26 09:21:12","out_for_delivery"
"997","997","2025-07-28 23:23:35","delivered"
"998","998","2025-08-07 15:33:16","pending"
"999","999","2025-08-06 08:27:43","shipped"
"1000","1000","2025-07-12 11:31:57","delayed"