"id","fullname","email","phone","profile_picture"
"1","Jihan Halimah","jihan.halimah1@example.com","085422713448","null"
"2","Sari Aziz","sari.aziz2@example.com","087954363816","null"
"3","Cahyo Halimah","cahyo.halimah3@example.com","085767169495","null"
"4","Joko Utama","joko.utama4@example.com","085160951530","null"
"5","Budi Lestari","budi.lestari5@example.com","084612849061","null"
"6","Erwin Aziz","erwin.aziz6@example.com","089439057126","null"
"7","Indra Rahman","indra.rahman7@example.com","089705430819","null"
"8","Budi Fauzan","budi.fauzan8@example.com","082233655263","null"
"9","Hana Aziz","hana.aziz9@example.com","085236108550","null"
"10","Umar Putra","umar.putra10@example.com","082561570904","null"
"11","Wira Kusuma","wira.kusuma11@example.com","082379932633","null"
"12","Niko Wijayanto","niko.wijayanto12@example.com","083356462318","null"
"13","Dina Halim","dina.halim13@example.com","080295773018","null"
"14","Fajar Dewantara","fajar.dewantara14@example.com","087450396175","null"
"15","Wira Wijayanto","wira.wijayanto15@example.com","089394512889","null"
"16","Budi Kurniawan","budi.kurniawan16@example.com","080679599961","null"
"17","Wira Halimah","wira.halimah17@example.com","083157501260","null"
"18","Citra Lutfiah","citra.lutfiah18@example.com","080126502193","null"
"19","Fajar Wijayanto","fajar.wijayanto19@example.com","084105638113","null"
"20","Vina Aziz","vina.aziz20@example.com","089127014400","null"
"21","Bella Ramadhan","bella.ramadhan21@example.com","082409152048","null"
"22","Tari Santoso","tari.santoso22@example.com","088917933919","null"
"23","Budi Yusuf","budi.yusuf23@example.com","081264064480","null"
"24","Dewi Halim","dewi.halim24@example.com","087816142166","null"
"25","Bella Pangestu","bella.pangestu25@example.com","080071252922","null"
"26","Indra Prasetyo","indra.prasetyo26@example.com","085259187801","null"
"27","Mira Yusuf","mira.yusuf27@example.com","082072871025","null"
"28","Cahyo Utama","cahyo.utama28@example.com","088498191966","null"
"29","Maya Sutanto","maya.sutanto29@example.com","080446314171","null"
"30","Hendra Rahman","hendra.rahman30@example.com","082781447605","null"
"31","Indra Halimah","indra.halimah31@example.com","085931066851","null"
"32","Vina Yusuf","vina.yusuf32@example.com","088892913637","null"
"33","Eka Utama","eka.utama33@example.com","087631288426","null"
"34","Dina Halim","dina.halim34@example.com","080712201075","null"
"35","Kevin Sutanto","kevin.sutanto35@example.com","083529985507","null"
"36","Sari Fauzan","sari.fauzan36@example.com","084664885097","null"
"37","Jihan Santoso","jihan.santoso37@example.com","082829404482","null"
"38","Rina Pratama","rina.pratama38@example.com","084865220721","null"
"39","Rina Fauzan","rina.fauzan39@example.com","081202786403","null"
"40","Dina Prasetyo","dina.prasetyo40@example.com","087160029745","null"
"41","Nina Dewantara","nina.dewantara41@example.com","080792287115","null"
"42","Lala Lutfiah","lala.lutfiah42@example.com","085602566087","null"
"43","Adi Hidayat","adi.hidayat43@example.com","080501205224","null"
"44","Farah Gunawan","farah.gunawan44@example.com","081992871972","null"
"45","Wira Ramadhan","wira.ramadhan45@example.com","089502883574","null"
"46","Cahyo Sari","cahyo.sari46@example.com","085074203227","null"
"47","Hana Gunawan","hana.gunawan47@example.com","082736845456","null"
"48","Putu Wijayanto","putu.wijayanto48@example.com","088468109395","null"
"49","Nina Hidayat","nina.hidayat49@example.com","083053003210","null"
"50","Umar Kusuma","umar.kusuma50@example.com","082217232200","null"
"51","Adi Wijaya","adi.wijaya51@example.com","080675943358","null"
"52","Sari Sukma","sari.sukma52@example.com","089083810623","null"
"53","Lala Wijaya","lala.wijaya53@example.com","080945784211","null"
"54","Indra Kusuma","indra.kusuma54@example.com","086254441042","null"
"55","Qori Halim","qori.halim55@example.com","082469224720","null"
"56","Nina Kusuma","nina.kusuma56@example.com","089411863238","null"
"57","Eka Saputra","eka.saputra57@example.com","081710061693","null"
"58","Wira Putra","wira.putra58@example.com","085996091841","null"
"59","Sari Ramadhan","sari.ramadhan59@example.com","081909680249","null"
"60","Lala Kurniawan","lala.kurniawan60@example.com","085919838180","null"
"61","Farah Nuraini","farah.nuraini61@example.com","080395621684","null"
"62","Budi Halim","budi.halim62@example.com","089484273568","null"
"63","Putu Halim","putu.halim63@example.com","086118540272","null"
"64","Galang Nuraini","galang.nuraini64@example.com","087718576005","null"
"65","Xena Utama","xena.utama65@example.com","088786894729","null"
"66","Vina Aziz","vina.aziz66@example.com","086355045375","null"
"67","Jihan Wibowo","jihan.wibowo67@example.com","087681422137","null"
"68","Lina Santoso","lina.santoso68@example.com","081344660859","null"
"69","Galang Aziz","galang.aziz69@example.com","086713329771","null"
"70","Hana Aziz","hana.aziz70@example.com","085186824139","null"
"71","Sari Lutfiah","sari.lutfiah71@example.com","081363179082","null"
"72","Oka Saputra","oka.saputra72@example.com","088094729939","null"
"73","Oka Sukma","oka.sukma73@example.com","083206542253","null"
"74","Dewi Halim","dewi.halim74@example.com","085810414213","null"
"75","Hana Sutanto","hana.sutanto75@example.com","086807426271","null"
"76","Wira Gunawan","wira.gunawan76@example.com","085864973913","null"
"77","Agus Wijaya","agus.wijaya77@example.com","086716311977","null"
"78","Vina Sukma","vina.sukma78@example.com","086178438438","null"
"79","Cahyo Pangestu","cahyo.pangestu79@example.com","089487998162","null"
"80","Nina Rahadi","nina.rahadi80@example.com","082576494589","null"
"81","Cahyo Sutanto","cahyo.sutanto81@example.com","080483273087","null"
"82","Niko Hidayat","niko.hidayat82@example.com","080689563431","null"
"83","Nina Halimah","nina.halimah83@example.com","085780968675","null"
"84","Sari Kurniawan","sari.kurniawan84@example.com","082868745926","null"
"85","Hana Halimah","hana.halimah85@example.com","084465807249","null"
"86","Eka Halim","eka.halim86@example.com","089311745750","null"
"87","Tari Yusuf","tari.yusuf87@example.com","085445446265","null"
"88","Oka Putra","oka.putra88@example.com","088625492920","null"
"89","Putu Sutanto","putu.sutanto89@example.com","083039362018","null"
"90","Lina Gunawan","lina.gunawan90@example.com","086908813590","null"
"91","Mira Aziz","mira.aziz91@example.com","088151691969","null"
"92","Tari Putra","tari.putra92@example.com","089216008185","null"
"93","Farah Wijayanto","farah.wijayanto93@example.com","087683381026","null"
"94","Nina Saputra","nina.saputra94@example.com","086833507743","null"
"95","Dewi Putra","dewi.putra95@example.com","080400216905","null"
"96","Erwin Dewantara","erwin.dewantara96@example.com","080453377894","null"
"97","Qori Ramadhan","qori.ramadhan97@example.com","083952226358","null"
"98","Hendra Hidayat","hendra.hidayat98@example.com","080105134108","null"
"99","Qori Halim","qori.halim99@example.com","080472631000","null"
"100","Joko Gunawan","joko.gunawan100@example.com","083877394688","null"
"101","Kiki Wijaya","kiki.wijaya101@example.com","089146750462","null"
"102","Adi Kusuma","adi.kusuma102@example.com","080536203185","null"
"103","Hana Nuraini","hana.nuraini103@example.com","084087231703","null"
"104","Cahyo Lutfiah","cahyo.lutfiah104@example.com","081149060268","null"
"105","Rina Lestari","rina.lestari105@example.com","086065873377","null"
"106","Iwan Pratama","iwan.pratama106@example.com","086317153822","null"
"107","Agus Hidayatullah","agus.hidayatullah107@example.com","081005035061","null"
"108","Sari Hidayatullah","sari.hidayatullah108@example.com","085315023002","null"
"109","Nina Fauzan","nina.fauzan109@example.com","088897051555","null"
"110","Agus Santoso","agus.santoso110@example.com","087545282808","null"
"111","Cahyo Kusuma","cahyo.kusuma111@example.com","088097421832","null"
"112","Lala Hidayatullah","lala.hidayatullah112@example.com","087014241099","null"
"113","Dina Putra","dina.putra113@example.com","089874186624","null"
"114","Gita Yusuf","gita.yusuf114@example.com","086214918394","null"
"115","Mira Nuraini","mira.nuraini115@example.com","082120991001","null"
"116","Maya Wijaya","maya.wijaya116@example.com","087473329108","null"
"117","Yogi Lutfiah","yogi.lutfiah117@example.com","080488119518","null"
"118","Maya Ramadhan","maya.ramadhan118@example.com","080688902325","null"
"119","Nina Hidayat","nina.hidayat119@example.com","080180311165","null"
"120","Rina Sari","rina.sari120@example.com","085284276860","null"
"121","Bella Kurniawan","bella.kurniawan121@example.com","082054770765","null"
"122","Sari Halimah","sari.halimah122@example.com","081095904596","null"
"123","Nina Utama","nina.utama123@example.com","083611173503","null"
"124","Nina Hidayatullah","nina.hidayatullah124@example.com","088867016009","null"
"125","Umar Nuraini","umar.nuraini125@example.com","087124005111","null"
"126","Hendra Dewantara","hendra.dewantara126@example.com","084637620292","null"
"127","Lala Utama","lala.utama127@example.com","089993871973","null"
"128","Maya Rahman","maya.rahman128@example.com","089865287860","null"
"129","Vina Rahadi","vina.rahadi129@example.com","082999895562","null"
"130","Sari Lestari","sari.lestari130@example.com","087274391225","null"
"131","Budi Lutfiah","budi.lutfiah131@example.com","086123113192","null"
"132","Cahyo Nuraini","cahyo.nuraini132@example.com","083675175275","null"
"133","Nina Hidayat","nina.hidayat133@example.com","082190843316","null"
"134","Agus Fauzan","agus.fauzan134@example.com","081376104037","null"
"135","Fajar Dewantara","fajar.dewantara135@example.com","080290086147","null"
"136","Zahra Pangestu","zahra.pangestu136@example.com","087932896444","null"
"137","Adi Halimah","adi.halimah137@example.com","088179994976","null"
"138","Umar Prasetyo","umar.prasetyo138@example.com","083809839019","null"
"139","Niko Santoso","niko.santoso139@example.com","089373286652","null"
"140","Bella Dewantara","bella.dewantara140@example.com","081134163380","null"
"141","Galang Sukma","galang.sukma141@example.com","084881671950","null"
"142","Hana Sutanto","hana.sutanto142@example.com","084523555894","null"
"143","Lala Kusuma","lala.kusuma143@example.com","085309586274","null"
"144","Jihan Wibowo","jihan.wibowo144@example.com","089901195539","null"
"145","Erwin Gunawan","erwin.gunawan145@example.com","080591027623","null"
"146","Putu Santoso","putu.santoso146@example.com","088442450703","null"
"147","Putu Sutanto","putu.sutanto147@example.com","089431396489","null"
"148","Nina Pangestu","nina.pangestu148@example.com","084878481279","null"
"149","Erwin Lutfiah","erwin.lutfiah149@example.com","089083873408","null"
"150","Tari Wibowo","tari.wibowo150@example.com","088135585251","null"
"151","Wira Kurniawan","wira.kurniawan151@example.com","089408258576","null"
"152","Budi Halimah","budi.halimah152@example.com","081176027965","null"
"153","Nina Sukma","nina.sukma153@example.com","080149163751","null"
"154","Tari Utama","tari.utama154@example.com","088224022574","null"
"155","Zahra Yusuf","zahra.yusuf155@example.com","086264960129","null"
"156","Yogi Sari","yogi.sari156@example.com","089432016218","null"
"157","Kiki Wibowo","kiki.wibowo157@example.com","085398146665","null"
"158","Xena Wijayanto","xena.wijayanto158@example.com","088447403118","null"
"159","Lala Wijayanto","lala.wijayanto159@example.com","083625308303","null"
"160","Eka Putra","eka.putra160@example.com","085828184668","null"
"161","Erwin Ramadhan","erwin.ramadhan161@example.com","087130187471","null"
"162","Dina Lestari","dina.lestari162@example.com","082485899164","null"
"163","Hendra Aziz","hendra.aziz163@example.com","087452448425","null"
"164","Farah Yusuf","farah.yusuf164@example.com","081375423778","null"
"165","Galang Pangestu","galang.pangestu165@example.com","088811427681","null"
"166","Cahyo Hidayat","cahyo.hidayat166@example.com","084642712085","null"
"167","Joko Sutanto","joko.sutanto167@example.com","086919521477","null"
"168","Hendra Hidayatullah","hendra.hidayatullah168@example.com","084362543723","null"
"169","Jihan Prasetyo","jihan.prasetyo169@example.com","087393771791","null"
"170","Budi Putra","budi.putra170@example.com","085610471416","null"
"171","Adi Prasetyo","adi.prasetyo171@example.com","087069171388","null"
"172","Yogi Wijayanto","yogi.wijayanto172@example.com","082688110955","null"
"173","Tari Sari","tari.sari173@example.com","080505964203","null"
"174","Eka Lutfiah","eka.lutfiah174@example.com","087902074316","null"
"175","Tari Putra","tari.putra175@example.com","084229003934","null"
"176","Indra Kurniawan","indra.kurniawan176@example.com","083020308197","null"
"177","Vina Rahman","vina.rahman177@example.com","087898129135","null"
"178","Galang Nuraini","galang.nuraini178@example.com","080964685062","null"
"179","Farah Hidayatullah","farah.hidayatullah179@example.com","084658724830","null"
"180","Rina Prasetyo","rina.prasetyo180@example.com","082001878916","null"
"181","Jihan Sukma","jihan.sukma181@example.com","088658266758","null"
"182","Hendra Putra","hendra.putra182@example.com","084562832273","null"
"183","Kiki Wijaya","kiki.wijaya183@example.com","086081784071","null"
"184","Nina Santoso","nina.santoso184@example.com","084140549310","null"
"185","Hendra Pangestu","hendra.pangestu185@example.com","083018391128","null"
"186","Galang Hidayat","galang.hidayat186@example.com","089928897727","null"
"187","Gita Sari","gita.sari187@example.com","082137948372","null"
"188","Hana Wijaya","hana.wijaya188@example.com","089339997691","null"
"189","Galang Wijaya","galang.wijaya189@example.com","086900174885","null"
"190","Joko Putra","joko.putra190@example.com","088999769941","null"
"191","Fajar Ramadhan","fajar.ramadhan191@example.com","083849159934","null"
"192","Vina Pangestu","vina.pangestu192@example.com","081582945897","null"
"193","Hana Lutfiah","hana.lutfiah193@example.com","082253843891","null"
"194","Hendra Gunawan","hendra.gunawan194@example.com","081163216677","null"
"195","Galang Yusuf","galang.yusuf195@example.com","083002178964","null"
"196","Citra Ramadhan","citra.ramadhan196@example.com","086570365909","null"
"197","Umar Aziz","umar.aziz197@example.com","084524089743","null"
"198","Hana Ramadhan","hana.ramadhan198@example.com","084072376803","null"
"199","Erwin Sukma","erwin.sukma199@example.com","080253382111","null"
"200","Lina Pangestu","lina.pangestu200@example.com","088804787010","null"
"201","Vina Halimah","vina.halimah201@example.com","089916240646","null"
"202","Qori Pratama","qori.pratama202@example.com","085823124790","null"
"203","Yogi Halimah","yogi.halimah203@example.com","089559522208","null"
"204","Kevin Utama","kevin.utama204@example.com","086116136363","null"
"205","Jihan Pratama","jihan.pratama205@example.com","089192425961","null"
"206","Budi Lutfiah","budi.lutfiah206@example.com","087702450962","null"
"207","Gita Saputra","gita.saputra207@example.com","083891780503","null"
"208","Galang Utama","galang.utama208@example.com","083660043647","null"
"209","Citra Wijayanto","citra.wijayanto209@example.com","080518412170","null"
"210","Fajar Hidayatullah","fajar.hidayatullah210@example.com","081303489749","null"
"211","Gita Wijaya","gita.wijaya211@example.com","087115717261","null"
"212","Dina Dewantara","dina.dewantara212@example.com","086622735140","null"
"213","Jihan Nuraini","jihan.nuraini213@example.com","086536344793","null"
"214","Dewi Yusuf","dewi.yusuf214@example.com","086726948230","null"
"215","Joko Hidayatullah","joko.hidayatullah215@example.com","085371627535","null"
"216","Fajar Wijayanto","fajar.wijayanto216@example.com","089988303298","null"
"217","Gita Sari","gita.sari217@example.com","085956292541","null"
"218","Xena Halim","xena.halim218@example.com","086519941621","null"
"219","Rina Santoso","rina.santoso219@example.com","084799214562","null"
"220","Putu Halimah","putu.halimah220@example.com","083777910659","null"
"221","Rina Gunawan","rina.gunawan221@example.com","085679833308","null"
"222","Kiki Sutanto","kiki.sutanto222@example.com","087970515437","null"
"223","Putu Gunawan","putu.gunawan223@example.com","089235394245","null"
"224","Budi Dewantara","budi.dewantara224@example.com","088891703294","null"
"225","Lina Santoso","lina.santoso225@example.com","082471245417","null"
"226","Wira Sari","wira.sari226@example.com","081960347595","null"
"227","Hendra Yusuf","hendra.yusuf227@example.com","083702560879","null"
"228","Umar Hidayat","umar.hidayat228@example.com","084395102819","null"
"229","Qori Yusuf","qori.yusuf229@example.com","085247512498","null"
"230","Wira Rahman","wira.rahman230@example.com","081943237648","null"
"231","Galang Ramadhan","galang.ramadhan231@example.com","084652515530","null"
"232","Umar Fauzan","umar.fauzan232@example.com","082148928323","null"
"233","Lala Kusuma","lala.kusuma233@example.com","087183653273","null"
"234","Lala Sari","lala.sari234@example.com","087699654016","null"
"235","Budi Rahadi","budi.rahadi235@example.com","088341390065","null"
"236","Dina Wijaya","dina.wijaya236@example.com","089939405731","null"
"237","Farah Aziz","farah.aziz237@example.com","087577865727","null"
"238","Zahra Halim","zahra.halim238@example.com","084091695207","null"
"239","Rina Rahman","rina.rahman239@example.com","086024173606","null"
"240","Eka Sukma","eka.sukma240@example.com","081824514199","null"
"241","Dina Putra","dina.putra241@example.com","089666228663","null"
"242","Budi Yusuf","budi.yusuf242@example.com","083766820678","null"
"243","Indra Fauzan","indra.fauzan243@example.com","087750502925","null"
"244","Putu Kurniawan","putu.kurniawan244@example.com","083320989206","null"
"245","Mira Wijayanto","mira.wijayanto245@example.com","081369174252","null"
"246","Wira Halim","wira.halim246@example.com","087609282830","null"
"247","Bella Sari","bella.sari247@example.com","081394375413","null"
"248","Erwin Rahman","erwin.rahman248@example.com","082890469407","null"
"249","Nina Rahman","nina.rahman249@example.com","086291821014","null"
"250","Galang Halim","galang.halim250@example.com","086583135821","null"
"251","Adi Prasetyo","adi.prasetyo251@example.com","086817047924","null"
"252","Indra Rahadi","indra.rahadi252@example.com","087032628645","null"
"253","Hana Gunawan","hana.gunawan253@example.com","084233671995","null"
"254","Tari Sutanto","tari.sutanto254@example.com","080417114195","null"
"255","Oka Kusuma","oka.kusuma255@example.com","081914575369","null"
"256","Oka Lestari","oka.lestari256@example.com","081514774370","null"
"257","Adi Utama","adi.utama257@example.com","087355793244","null"
"258","Umar Rahman","umar.rahman258@example.com","088942313607","null"
"259","Sari Sutanto","sari.sutanto259@example.com","083318449505","null"
"260","Bella Putra","bella.putra260@example.com","085502005324","null"
"261","Lala Yusuf","lala.yusuf261@example.com","085967408439","null"
"262","Adi Wijaya","adi.wijaya262@example.com","080534354995","null"
"263","Mira Saputra","mira.saputra263@example.com","086410974675","null"
"264","Kevin Lestari","kevin.lestari264@example.com","081526780421","null"
"265","Maya Nuraini","maya.nuraini265@example.com","088671169308","null"
"266","Putu Wibowo","putu.wibowo266@example.com","084576621939","null"
"267","Niko Prasetyo","niko.prasetyo267@example.com","083486647266","null"
"268","Mira Yusuf","mira.yusuf268@example.com","081034065109","null"
"269","Umar Rahadi","umar.rahadi269@example.com","085107694791","null"
"270","Tari Pratama","tari.pratama270@example.com","083037042942","null"
"271","Putu Hidayatullah","putu.hidayatullah271@example.com","087699292723","null"
"272","Xena Rahman","xena.rahman272@example.com","083363071212","null"
"273","Lina Sutanto","lina.sutanto273@example.com","089656342735","null"
"274","Kiki Pratama","kiki.pratama274@example.com","089327474192","null"
"275","Gita Saputra","gita.saputra275@example.com","086471887885","null"
"276","Maya Halim","maya.halim276@example.com","087039077436","null"
"277","Hendra Hidayat","hendra.hidayat277@example.com","089075420968","null"
"278","Gita Wibowo","gita.wibowo278@example.com","080727605002","null"
"279","Cahyo Putra","cahyo.putra279@example.com","084540658087","null"
"280","Budi Hidayatullah","budi.hidayatullah280@example.com","083424082341","null"
"281","Zahra Sari","zahra.sari281@example.com","086657065161","null"
"282","Lina Pangestu","lina.pangestu282@example.com","087472376483","null"
"283","Fajar Halim","fajar.halim283@example.com","088924021688","null"
"284","Yogi Prasetyo","yogi.prasetyo284@example.com","089296324354","null"
"285","Erwin Sari","erwin.sari285@example.com","083655514600","null"
"286","Yogi Kusuma","yogi.kusuma286@example.com","088652542614","null"
"287","Fajar Halim","fajar.halim287@example.com","080573463843","null"
"288","Agus Kusuma","agus.kusuma288@example.com","082140508691","null"
"289","Putu Lestari","putu.lestari289@example.com","082814173432","null"
"290","Nina Sari","nina.sari290@example.com","087519226626","null"
"291","Eka Santoso","eka.santoso291@example.com","087305636435","null"
"292","Mira Halim","mira.halim292@example.com","089432860037","null"
"293","Tari Utama","tari.utama293@example.com","082903470603","null"
"294","Zahra Hidayat","zahra.hidayat294@example.com","089584490691","null"
"295","Agus Wijaya","agus.wijaya295@example.com","083315590695","null"
"296","Xena Santoso","xena.santoso296@example.com","087619811457","null"
"297","Joko Lutfiah","joko.lutfiah297@example.com","086298006050","null"
"298","Oka Rahman","oka.rahman298@example.com","082492865659","null"
"299","Citra Kusuma","citra.kusuma299@example.com","087188198457","null"
"300","Yogi Rahman","yogi.rahman300@example.com","086896841928","null"
"301","Erwin Kurniawan","erwin.kurniawan301@example.com","089207876441","null"
"302","Yogi Aziz","yogi.aziz302@example.com","089536189381","null"
"303","Adi Ramadhan","adi.ramadhan303@example.com","084303284611","null"
"304","Xena Wijaya","xena.wijaya304@example.com","088822250865","null"
"305","Xena Pangestu","xena.pangestu305@example.com","087007029438","null"
"306","Wira Santoso","wira.santoso306@example.com","082868520704","null"
"307","Putu Wijayanto","putu.wijayanto307@example.com","083997277507","null"
"308","Erwin Halimah","erwin.halimah308@example.com","086145406320","null"
"309","Kiki Sutanto","kiki.sutanto309@example.com","085426843927","null"
"310","Oka Halimah","oka.halimah310@example.com","081176913170","null"
"311","Galang Gunawan","galang.gunawan311@example.com","084274091759","null"
"312","Xena Pangestu","xena.pangestu312@example.com","082865244268","null"
"313","Bella Sukma","bella.sukma313@example.com","082275799591","null"
"314","Wira Prasetyo","wira.prasetyo314@example.com","087135745936","null"
"315","Hana Hidayatullah","hana.hidayatullah315@example.com","089792638641","null"
"316","Maya Nuraini","maya.nuraini316@example.com","084120306740","null"
"317","Lala Fauzan","lala.fauzan317@example.com","085751841931","null"
"318","Oka Pangestu","oka.pangestu318@example.com","085101476352","null"
"319","Gita Utama","gita.utama319@example.com","088535680678","null"
"320","Xena Gunawan","xena.gunawan320@example.com","089566701092","null"
"321","Adi Kurniawan","adi.kurniawan321@example.com","087023325401","null"
"322","Niko Santoso","niko.santoso322@example.com","082175131053","null"
"323","Qori Wibowo","qori.wibowo323@example.com","087595646209","null"
"324","Citra Wibowo","citra.wibowo324@example.com","089684808490","null"
"325","Oka Hidayatullah","oka.hidayatullah325@example.com","088161521081","null"
"326","Oka Dewantara","oka.dewantara326@example.com","081524830610","null"
"327","Eka Putra","eka.putra327@example.com","089155604804","null"
"328","Fajar Lestari","fajar.lestari328@example.com","080538042563","null"
"329","Yogi Yusuf","yogi.yusuf329@example.com","085887398543","null"
"330","Erwin Hidayat","erwin.hidayat330@example.com","082876971172","null"
"331","Bella Saputra","bella.saputra331@example.com","082580652942","null"
"332","Dina Wijayanto","dina.wijayanto332@example.com","084235433435","null"
"333","Zahra Wijayanto","zahra.wijayanto333@example.com","088334654309","null"
"334","Oka Wijayanto","oka.wijayanto334@example.com","080142663571","null"
"335","Gita Ramadhan","gita.ramadhan335@example.com","088550622566","null"
"336","Oka Kurniawan","oka.kurniawan336@example.com","083387124983","null"
"337","Eka Prasetyo","eka.prasetyo337@example.com","089628063615","null"
"338","Lina Sari","lina.sari338@example.com","082947058301","null"
"339","Agus Prasetyo","agus.prasetyo339@example.com","088715956769","null"
"340","Gita Sukma","gita.sukma340@example.com","081101310194","null"
"341","Joko Prasetyo","joko.prasetyo341@example.com","087516383486","null"
"342","Qori Lestari","qori.lestari342@example.com","089920777598","null"
"343","Hana Kusuma","hana.kusuma343@example.com","083645255566","null"
"344","Vina Santoso","vina.santoso344@example.com","089551882212","null"
"345","Adi Rahman","adi.rahman345@example.com","080217905665","null"
"346","Gita Aziz","gita.aziz346@example.com","084311622633","null"
"347","Indra Wibowo","indra.wibowo347@example.com","083533378966","null"
"348","Citra Dewantara","citra.dewantara348@example.com","086989399998","null"
"349","Qori Sutanto","qori.sutanto349@example.com","086820316494","null"
"350","Umar Kurniawan","umar.kurniawan350@example.com","083941409564","null"
"351","Kiki Saputra","kiki.saputra351@example.com","084444774988","null"
"352","Kevin Kurniawan","kevin.kurniawan352@example.com","084253238170","null"
"353","Vina Aziz","vina.aziz353@example.com","087375101533","null"
"354","Vina Pangestu","vina.pangestu354@example.com","083076030383","null"
"355","Niko Halimah","niko.halimah355@example.com","082995649044","null"
"356","Farah Dewantara","farah.dewantara356@example.com","087238808230","null"
"357","Budi Santoso","budi.santoso357@example.com","081476730715","null"
"358","Oka Sutanto","oka.sutanto358@example.com","082055583645","null"
"359","Dewi Fauzan","dewi.fauzan359@example.com","080583718903","null"
"360","Lina Fauzan","lina.fauzan360@example.com","080023881202","null"
"361","Eka Putra","eka.putra361@example.com","085360771546","null"
"362","Hendra Yusuf","hendra.yusuf362@example.com","080331879718","null"
"363","Galang Wibowo","galang.wibowo363@example.com","085929117542","null"
"364","Adi Fauzan","adi.fauzan364@example.com","088710253623","null"
"365","Farah Sari","farah.sari365@example.com","088444781714","null"
"366","Nina Kusuma","nina.kusuma366@example.com","080834279761","null"
"367","Oka Kurniawan","oka.kurniawan367@example.com","089517550914","null"
"368","Eka Pangestu","eka.pangestu368@example.com","087911107872","null"
"369","Indra Yusuf","indra.yusuf369@example.com","088638675147","null"
"370","Adi Gunawan","adi.gunawan370@example.com","084925900089","null"
"371","Maya Wibowo","maya.wibowo371@example.com","088560653625","null"
"372","Agus Fauzan","agus.fauzan372@example.com","083677185685","null"
"373","Oka Sutanto","oka.sutanto373@example.com","084084351266","null"
"374","Vina Lestari","vina.lestari374@example.com","085537700752","null"
"375","Sari Prasetyo","sari.prasetyo375@example.com","081697038187","null"
"376","Wira Aziz","wira.aziz376@example.com","086288775670","null"
"377","Joko Rahadi","joko.rahadi377@example.com","089488812608","null"
"378","Mira Dewantara","mira.dewantara378@example.com","082252809551","null"
"379","Mira Pratama","mira.pratama379@example.com","088206620071","null"
"380","Iwan Utama","iwan.utama380@example.com","089658522432","null"
"381","Joko Gunawan","joko.gunawan381@example.com","080884157218","null"
"382","Lala Lestari","lala.lestari382@example.com","082979128190","null"
"383","Tari Sutanto","tari.sutanto383@example.com","085470483933","null"
"384","Farah Rahadi","farah.rahadi384@example.com","080285728031","null"
"385","Mira Prasetyo","mira.prasetyo385@example.com","081237523565","null"
"386","Qori Wibowo","qori.wibowo386@example.com","080585903354","null"
"387","Indra Kusuma","indra.kusuma387@example.com","084196707787","null"
"388","Kevin Hidayat","kevin.hidayat388@example.com","087182290181","null"
"389","Lala Pangestu","lala.pangestu389@example.com","085601046849","null"
"390","Citra Halim","citra.halim390@example.com","081058878557","null"
"391","Galang Sari","galang.sari391@example.com","088127197607","null"
"392","Iwan Rahman","iwan.rahman392@example.com","086552018197","null"
"393","Putu Lestari","putu.lestari393@example.com","085689701261","null"
"394","Yogi Hidayatullah","yogi.hidayatullah394@example.com","085521051174","null"
"395","Galang Wijayanto","galang.wijayanto395@example.com","086303912840","null"
"396","Indra Sukma","indra.sukma396@example.com","089411165371","null"
"397","Mira Pangestu","mira.pangestu397@example.com","084907334641","null"
"398","Mira Hidayatullah","mira.hidayatullah398@example.com","088259980064","null"
"399","Agus Sari","agus.sari399@example.com","081891887985","null"
"400","Xena Lutfiah","xena.lutfiah400@example.com","082261117062","null"
"401","Oka Sukma","oka.sukma401@example.com","080922511567","null"
"402","Eka Prasetyo","eka.prasetyo402@example.com","084062496720","null"
"403","Farah Fauzan","farah.fauzan403@example.com","089928449668","null"
"404","Xena Halim","xena.halim404@example.com","085847563691","null"
"405","Eka Sutanto","eka.sutanto405@example.com","085857653570","null"
"406","Eka Halim","eka.halim406@example.com","082534329021","null"
"407","Adi Lutfiah","adi.lutfiah407@example.com","083412086522","null"
"408","Budi Halimah","budi.halimah408@example.com","086636350305","null"
"409","Indra Pangestu","indra.pangestu409@example.com","086027126566","null"
"410","Lala Utama","lala.utama410@example.com","085877206686","null"
"411","Kiki Aziz","kiki.aziz411@example.com","084881903063","null"
"412","Putu Halim","putu.halim412@example.com","083411248721","null"
"413","Sari Sari","sari.sari413@example.com","086716917380","null"
"414","Vina Pratama","vina.pratama414@example.com","085086418460","null"
"415","Gita Dewantara","gita.dewantara415@example.com","086218380131","null"
"416","Tari Kurniawan","tari.kurniawan416@example.com","087339600782","null"
"417","Farah Santoso","farah.santoso417@example.com","088606215976","null"
"418","Xena Nuraini","xena.nuraini418@example.com","084322409018","null"
"419","Mira Yusuf","mira.yusuf419@example.com","084148501464","null"
"420","Jihan Hidayatullah","jihan.hidayatullah420@example.com","085725100038","null"
"421","Iwan Rahman","iwan.rahman421@example.com","080163561609","null"
"422","Gita Sutanto","gita.sutanto422@example.com","084173694861","null"
"423","Kiki Prasetyo","kiki.prasetyo423@example.com","083710075911","null"
"424","Lina Ramadhan","lina.ramadhan424@example.com","080183898362","null"
"425","Citra Sukma","citra.sukma425@example.com","083915786374","null"
"426","Indra Gunawan","indra.gunawan426@example.com","088613225931","null"
"427","Bella Gunawan","bella.gunawan427@example.com","080767634023","null"
"428","Hendra Lestari","hendra.lestari428@example.com","082075281218","null"
"429","Qori Putra","qori.putra429@example.com","083392109192","null"
"430","Tari Sukma","tari.sukma430@example.com","083686177218","null"
"431","Yogi Hidayatullah","yogi.hidayatullah431@example.com","080679742602","null"
"432","Kevin Halim","kevin.halim432@example.com","082454061943","null"
"433","Niko Lutfiah","niko.lutfiah433@example.com","083529934682","null"
"434","Agus Santoso","agus.santoso434@example.com","088550438911","null"
"435","Joko Halimah","joko.halimah435@example.com","088833229971","null"
"436","Qori Prasetyo","qori.prasetyo436@example.com","089013550100","null"
"437","Xena Pangestu","xena.pangestu437@example.com","087120763496","null"
"438","Mira Wijaya","mira.wijaya438@example.com","086175394318","null"
"439","Kiki Yusuf","kiki.yusuf439@example.com","087742881467","null"
"440","Vina Prasetyo","vina.prasetyo440@example.com","087345201208","null"
"441","Joko Ramadhan","joko.ramadhan441@example.com","080931975038","null"
"442","Niko Pangestu","niko.pangestu442@example.com","083635733314","null"
"443","Budi Utama","budi.utama443@example.com","084675532418","null"
"444","Oka Ramadhan","oka.ramadhan444@example.com","083457788440","null"
"445","Joko Utama","joko.utama445@example.com","082415645332","null"
"446","Budi Santoso","budi.santoso446@example.com","085681217676","null"
"447","Kevin Rahadi","kevin.rahadi447@example.com","080011362287","null"
"448","Vina Fauzan","vina.fauzan448@example.com","085220076337","null"
"449","Putu Pratama","putu.pratama449@example.com","085651286218","null"
"450","Joko Gunawan","joko.gunawan450@example.com","089529472379","null"
"451","Hendra Kusuma","hendra.kusuma451@example.com","086968472547","null"
"452","Iwan Wijaya","iwan.wijaya452@example.com","082245775318","null"
"453","Fajar Saputra","fajar.saputra453@example.com","083093113691","null"
"454","Mira Kurniawan","mira.kurniawan454@example.com","081065908771","null"
"455","Nina Utama","nina.utama455@example.com","083681641363","null"
"456","Cahyo Pratama","cahyo.pratama456@example.com","089530104483","null"
"457","Kiki Prasetyo","kiki.prasetyo457@example.com","088724088411","null"
"458","Joko Yusuf","joko.yusuf458@example.com","084255570590","null"
"459","Mira Sukma","mira.sukma459@example.com","083368911282","null"
"460","Agus Wijaya","agus.wijaya460@example.com","084417074087","null"
"461","Sari Rahadi","sari.rahadi461@example.com","082658241632","null"
"462","Agus Yusuf","agus.yusuf462@example.com","081386479527","null"
"463","Adi Wijaya","adi.wijaya463@example.com","084051809670","null"
"464","Dewi Gunawan","dewi.gunawan464@example.com","086825971192","null"
"465","Xena Hidayatullah","xena.hidayatullah465@example.com","088736738773","null"
"466","Citra Sutanto","citra.sutanto466@example.com","081459152061","null"
"467","Kiki Nuraini","kiki.nuraini467@example.com","081148767053","null"
"468","Wira Fauzan","wira.fauzan468@example.com","088033282781","null"
"469","Citra Sari","citra.sari469@example.com","084369371764","null"
"470","Lina Rahman","lina.rahman470@example.com","082910846297","null"
"471","Umar Halimah","umar.halimah471@example.com","085088605771","null"
"472","Bella Utama","bella.utama472@example.com","088776031494","null"
"473","Xena Halimah","xena.halimah473@example.com","082518876210","null"
"474","Hendra Sukma","hendra.sukma474@example.com","084374126887","null"
"475","Eka Lutfiah","eka.lutfiah475@example.com","084655351806","null"
"476","Xena Wibowo","xena.wibowo476@example.com","085948577614","null"
"477","Fajar Pratama","fajar.pratama477@example.com","085279315923","null"
"478","Eka Wibowo","eka.wibowo478@example.com","082681649495","null"
"479","Kiki Pratama","kiki.pratama479@example.com","085954370641","null"
"480","Dina Dewantara","dina.dewantara480@example.com","083012875725","null"
"481","Umar Yusuf","umar.yusuf481@example.com","083879120866","null"
"482","Qori Rahman","qori.rahman482@example.com","084022002078","null"
"483","Niko Pangestu","niko.pangestu483@example.com","081536311934","null"
"484","Joko Lutfiah","joko.lutfiah484@example.com","088072740867","null"
"485","Kiki Pratama","kiki.pratama485@example.com","080117322845","null"
"486","Kiki Utama","kiki.utama486@example.com","088280198439","null"
"487","Indra Prasetyo","indra.prasetyo487@example.com","084452669981","null"
"488","Erwin Gunawan","erwin.gunawan488@example.com","085779597666","null"
"489","Lina Sari","lina.sari489@example.com","088291440860","null"
"490","Erwin Yusuf","erwin.yusuf490@example.com","089550042421","null"
"491","Dina Fauzan","dina.fauzan491@example.com","082897356279","null"
"492","Qori Rahadi","qori.rahadi492@example.com","084130715152","null"
"493","Iwan Gunawan","iwan.gunawan493@example.com","089890059719","null"
"494","Nina Wijayanto","nina.wijayanto494@example.com","084332675221","null"
"495","Vina Kusuma","vina.kusuma495@example.com","084618914494","null"
"496","Wira Rahadi","wira.rahadi496@example.com","080478091829","null"
"497","Umar Hidayat","umar.hidayat497@example.com","089245950947","null"
"498","Hana Putra","hana.putra498@example.com","089845174666","null"
"499","Bella Pangestu","bella.pangestu499@example.com","080897504196","null"
"500","Kiki Saputra","kiki.saputra500@example.com","086619368091","null"
"501","Dina Kurniawan","dina.kurniawan501@example.com","080735738723","null"
"502","Fajar Sutanto","fajar.sutanto502@example.com","088351793673","null"
"503","Dina Ramadhan","dina.ramadhan503@example.com","083296531277","null"
"504","Rina Lutfiah","rina.lutfiah504@example.com","080887406274","null"
"505","Yogi Aziz","yogi.aziz505@example.com","083271669183","null"
"506","Galang Hidayat","galang.hidayat506@example.com","081993778208","null"
"507","Dina Pratama","dina.pratama507@example.com","089829595019","null"
"508","Mira Utama","mira.utama508@example.com","084484687515","null"
"509","Eka Lestari","eka.lestari509@example.com","086597707542","null"
"510","Agus Pangestu","agus.pangestu510@example.com","085149597550","null"
"511","Gita Santoso","gita.santoso511@example.com","088761883986","null"
"512","Kevin Wibowo","kevin.wibowo512@example.com","088030327387","null"
"513","Hendra Lestari","hendra.lestari513@example.com","087672073657","null"
"514","Kiki Yusuf","kiki.yusuf514@example.com","084316538031","null"
"515","Tari Pratama","tari.pratama515@example.com","081703586656","null"
"516","Budi Saputra","budi.saputra516@example.com","085446840869","null"
"517","Lina Sutanto","lina.sutanto517@example.com","080023454588","null"
"518","Dewi Sari","dewi.sari518@example.com","080518252677","null"
"519","Hana Hidayatullah","hana.hidayatullah519@example.com","081548889214","null"
"520","Putu Hidayat","putu.hidayat520@example.com","088959269458","null"
"521","Dina Sari","dina.sari521@example.com","088145140423","null"
"522","Bella Pratama","bella.pratama522@example.com","083551985741","null"
"523","Iwan Utama","iwan.utama523@example.com","085676172362","null"
"524","Sari Wibowo","sari.wibowo524@example.com","086085790603","null"
"525","Qori Fauzan","qori.fauzan525@example.com","084592448351","null"
"526","Rina Wijaya","rina.wijaya526@example.com","088695723032","null"
"527","Kiki Halimah","kiki.halimah527@example.com","088631805842","null"
"528","Xena Wijaya","xena.wijaya528@example.com","086527031984","null"
"529","Fajar Prasetyo","fajar.prasetyo529@example.com","086527851875","null"
"530","Jihan Rahadi","jihan.rahadi530@example.com","081502373119","null"
"531","Lala Fauzan","lala.fauzan531@example.com","083823118000","null"
"532","Kevin Sari","kevin.sari532@example.com","081534780465","null"
"533","Kiki Sukma","kiki.sukma533@example.com","085483885326","null"
"534","Hendra Kurniawan","hendra.kurniawan534@example.com","087143030438","null"
"535","Cahyo Hidayatullah","cahyo.hidayatullah535@example.com","082797347156","null"
"536","Gita Gunawan","gita.gunawan536@example.com","085380241813","null"
"537","Adi Lutfiah","adi.lutfiah537@example.com","089709978829","null"
"538","Sari Wijayanto","sari.wijayanto538@example.com","087422680132","null"
"539","Sari Sari","sari.sari539@example.com","086456729396","null"
"540","Iwan Sutanto","iwan.sutanto540@example.com","086346615686","null"
"541","Niko Lutfiah","niko.lutfiah541@example.com","082205148887","null"
"542","Mira Aziz","mira.aziz542@example.com","082050323540","null"
"543","Erwin Wijayanto","erwin.wijayanto543@example.com","089736813540","null"
"544","Eka Nuraini","eka.nuraini544@example.com","082901729946","null"
"545","Agus Putra","agus.putra545@example.com","086782594798","null"
"546","Agus Halimah","agus.halimah546@example.com","089706981885","null"
"547","Sari Utama","sari.utama547@example.com","087376841170","null"
"548","Iwan Lestari","iwan.lestari548@example.com","081804733782","null"
"549","Iwan Prasetyo","iwan.prasetyo549@example.com","082159828141","null"
"550","Hana Putra","hana.putra550@example.com","084169597107","null"
"551","Gita Saputra","gita.saputra551@example.com","086706527533","null"
"552","Zahra Wibowo","zahra.wibowo552@example.com","086131607009","null"
"553","Budi Dewantara","budi.dewantara553@example.com","085047273355","null"
"554","Wira Putra","wira.putra554@example.com","088990768000","null"
"555","Vina Prasetyo","vina.prasetyo555@example.com","080856489362","null"
"556","Bella Rahman","bella.rahman556@example.com","083334352468","null"
"557","Oka Utama","oka.utama557@example.com","089604097385","null"
"558","Zahra Pangestu","zahra.pangestu558@example.com","086644770251","null"
"559","Gita Pratama","gita.pratama559@example.com","085561283986","null"
"560","Tari Saputra","tari.saputra560@example.com","089937065117","null"
"561","Farah Saputra","farah.saputra561@example.com","083008729968","null"
"562","Rina Lestari","rina.lestari562@example.com","081141801763","null"
"563","Indra Ramadhan","indra.ramadhan563@example.com","080182028651","null"
"564","Cahyo Lutfiah","cahyo.lutfiah564@example.com","089336251065","null"
"565","Maya Hidayat","maya.hidayat565@example.com","080799152324","null"
"566","Dina Wijaya","dina.wijaya566@example.com","089682254692","null"
"567","Kevin Gunawan","kevin.gunawan567@example.com","084300529872","null"
"568","Tari Lestari","tari.lestari568@example.com","087888263448","null"
"569","Adi Gunawan","adi.gunawan569@example.com","080048243720","null"
"570","Indra Halim","indra.halim570@example.com","087221084498","null"
"571","Dewi Halimah","dewi.halimah571@example.com","083836326585","null"
"572","Maya Wijayanto","maya.wijayanto572@example.com","080041593733","null"
"573","Qori Utama","qori.utama573@example.com","085349967715","null"
"574","Adi Wijaya","adi.wijaya574@example.com","089086660217","null"
"575","Joko Utama","joko.utama575@example.com","081207514092","null"
"576","Niko Putra","niko.putra576@example.com","084482188513","null"
"577","Umar Santoso","umar.santoso577@example.com","085973161573","null"
"578","Farah Pratama","farah.pratama578@example.com","086663819480","null"
"579","Yogi Hidayat","yogi.hidayat579@example.com","084267946325","null"
"580","Hendra Kusuma","hendra.kusuma580@example.com","082296735009","null"
"581","Jihan Lutfiah","jihan.lutfiah581@example.com","086118063111","null"
"582","Joko Lestari","joko.lestari582@example.com","088999023495","null"
"583","Adi Utama","adi.utama583@example.com","081202113962","null"
"584","Umar Rahman","umar.rahman584@example.com","080313545026","null"
"585","Hana Kusuma","hana.kusuma585@example.com","088194137860","null"
"586","Budi Kurniawan","budi.kurniawan586@example.com","080468525749","null"
"587","Sari Sutanto","sari.sutanto587@example.com","085539997679","null"
"588","Agus Prasetyo","agus.prasetyo588@example.com","084502095890","null"
"589","Budi Sari","budi.sari589@example.com","083418570707","null"
"590","Putu Sutanto","putu.sutanto590@example.com","084902781923","null"
"591","Xena Utama","xena.utama591@example.com","083606693870","null"
"592","Fajar Wijaya","fajar.wijaya592@example.com","081990946161","null"
"593","Nina Sukma","nina.sukma593@example.com","086173982149","null"
"594","Cahyo Gunawan","cahyo.gunawan594@example.com","086276251455","null"
"595","Dina Hidayat","dina.hidayat595@example.com","080933455556","null"
"596","Joko Aziz","joko.aziz596@example.com","088015035486","null"
"597","Budi Sari","budi.sari597@example.com","088492309156","null"
"598","Gita Gunawan","gita.gunawan598@example.com","080022884518","null"
"599","Tari Pratama","tari.pratama599@example.com","088698516489","null"
"600","Rina Lutfiah","rina.lutfiah600@example.com","082792446516","null"
"601","Dina Lutfiah","dina.lutfiah601@example.com","085635649149","null"
"602","Budi Ramadhan","budi.ramadhan602@example.com","087670143307","null"
"603","Mira Rahadi","mira.rahadi603@example.com","088121333281","null"
"604","Qori Wibowo","qori.wibowo604@example.com","088983673982","null"
"605","Yogi Gunawan","yogi.gunawan605@example.com","082094699292","null"
"606","Mira Lutfiah","mira.lutfiah606@example.com","088126209415","null"
"607","Mira Sutanto","mira.sutanto607@example.com","082066925585","null"
"608","Xena Saputra","xena.saputra608@example.com","082772471988","null"
"609","Kiki Santoso","kiki.santoso609@example.com","088346468727","null"
"610","Bella Lestari","bella.lestari610@example.com","081116215813","null"
"611","Citra Kusuma","citra.kusuma611@example.com","089186031227","null"
"612","Dina Gunawan","dina.gunawan612@example.com","083944128664","null"
"613","Gita Pangestu","gita.pangestu613@example.com","089626931426","null"
"614","Hana Sutanto","hana.sutanto614@example.com","087041312380","null"
"615","Joko Hidayatullah","joko.hidayatullah615@example.com","088090476506","null"
"616","Yogi Lutfiah","yogi.lutfiah616@example.com","084012150336","null"
"617","Cahyo Ramadhan","cahyo.ramadhan617@example.com","080748545840","null"
"618","Adi Hidayat","adi.hidayat618@example.com","085045119107","null"
"619","Wira Lutfiah","wira.lutfiah619@example.com","087093731086","null"
"620","Jihan Pratama","jihan.pratama620@example.com","082235657916","null"
"621","Putu Hidayatullah","putu.hidayatullah621@example.com","088332833029","null"
"622","Oka Lestari","oka.lestari622@example.com","086928164777","null"
"623","Bella Pratama","bella.pratama623@example.com","082477983958","null"
"624","Kevin Aziz","kevin.aziz624@example.com","085174600445","null"
"625","Bella Hidayatullah","bella.hidayatullah625@example.com","087175264630","null"
"626","Umar Wijayanto","umar.wijayanto626@example.com","080352352384","null"
"627","Budi Kurniawan","budi.kurniawan627@example.com","081701719657","null"
"628","Hana Santoso","hana.santoso628@example.com","083002760304","null"
"629","Agus Kusuma","agus.kusuma629@example.com","080276539773","null"
"630","Vina Fauzan","vina.fauzan630@example.com","083105480243","null"
"631","Vina Sukma","vina.sukma631@example.com","085467588741","null"
"632","Farah Sukma","farah.sukma632@example.com","083994649228","null"
"633","Galang Yusuf","galang.yusuf633@example.com","083688028459","null"
"634","Fajar Rahadi","fajar.rahadi634@example.com","084214884119","null"
"635","Vina Prasetyo","vina.prasetyo635@example.com","084373488968","null"
"636","Kiki Halim","kiki.halim636@example.com","083642487254","null"
"637","Wira Kurniawan","wira.kurniawan637@example.com","083640340703","null"
"638","Lina Yusuf","lina.yusuf638@example.com","087712492806","null"
"639","Niko Putra","niko.putra639@example.com","088579362709","null"
"640","Farah Sukma","farah.sukma640@example.com","086713150670","null"
"641","Tari Ramadhan","tari.ramadhan641@example.com","082739973391","null"
"642","Iwan Ramadhan","iwan.ramadhan642@example.com","082797474323","null"
"643","Fajar Putra","fajar.putra643@example.com","088616771021","null"
"644","Nina Sutanto","nina.sutanto644@example.com","089968014635","null"
"645","Wira Pangestu","wira.pangestu645@example.com","086941601529","null"
"646","Yogi Dewantara","yogi.dewantara646@example.com","089881074786","null"
"647","Jihan Aziz","jihan.aziz647@example.com","086997314757","null"
"648","Cahyo Rahadi","cahyo.rahadi648@example.com","081726165856","null"
"649","Lina Santoso","lina.santoso649@example.com","080067596220","null"
"650","Rina Halim","rina.halim650@example.com","080433342355","null"
"651","Kiki Rahadi","kiki.rahadi651@example.com","082522129445","null"
"652","Agus Hidayat","agus.hidayat652@example.com","083540163662","null"
"653","Sari Kurniawan","sari.kurniawan653@example.com","084805246495","null"
"654","Galang Kurniawan","galang.kurniawan654@example.com","087288528127","null"
"655","Cahyo Hidayatullah","cahyo.hidayatullah655@example.com","088251272915","null"
"656","Jihan Yusuf","jihan.yusuf656@example.com","082172945832","null"
"657","Maya Utama","maya.utama657@example.com","080683472454","null"
"658","Umar Gunawan","umar.gunawan658@example.com","085742124911","null"
"659","Hana Pratama","hana.pratama659@example.com","088857494627","null"
"660","Lala Kurniawan","lala.kurniawan660@example.com","082300265130","null"
"661","Iwan Rahadi","iwan.rahadi661@example.com","089606779662","null"
"662","Umar Hidayatullah","umar.hidayatullah662@example.com","088108370249","null"
"663","Agus Wibowo","agus.wibowo663@example.com","089199767792","null"
"664","Niko Aziz","niko.aziz664@example.com","081518798284","null"
"665","Iwan Ramadhan","iwan.ramadhan665@example.com","085711854171","null"
"666","Lala Halim","lala.halim666@example.com","086540342046","null"
"667","Umar Wibowo","umar.wibowo667@example.com","087742414993","null"
"668","Xena Gunawan","xena.gunawan668@example.com","086027244232","null"
"669","Mira Rahadi","mira.rahadi669@example.com","086025194445","null"
"670","Yogi Gunawan","yogi.gunawan670@example.com","082048803988","null"
"671","Putu Halim","putu.halim671@example.com","080010906280","null"
"672","Yogi Kusuma","yogi.kusuma672@example.com","089425535266","null"
"673","Sari Hidayat","sari.hidayat673@example.com","084130930329","null"
"674","Niko Gunawan","niko.gunawan674@example.com","083027403097","null"
"675","Adi Santoso","adi.santoso675@example.com","089131039367","null"
"676","Cahyo Sari","cahyo.sari676@example.com","080898244757","null"
"677","Kevin Halim","kevin.halim677@example.com","086789843735","null"
"678","Adi Rahadi","adi.rahadi678@example.com","084088012128","null"
"679","Sari Gunawan","sari.gunawan679@example.com","088743059924","null"
"680","Oka Dewantara","oka.dewantara680@example.com","087032505160","null"
"681","Cahyo Hidayatullah","cahyo.hidayatullah681@example.com","083317117990","null"
"682","Jihan Kusuma","jihan.kusuma682@example.com","081163990673","null"
"683","Rina Pangestu","rina.pangestu683@example.com","088036981279","null"
"684","Citra Saputra","citra.saputra684@example.com","086949731145","null"
"685","Farah Rahadi","farah.rahadi685@example.com","088089158361","null"
"686","Hana Kurniawan","hana.kurniawan686@example.com","084861139084","null"
"687","Qori Yusuf","qori.yusuf687@example.com","084736555055","null"
"688","Niko Nuraini","niko.nuraini688@example.com","083819416080","null"
"689","Dewi Pratama","dewi.pratama689@example.com","088769408805","null"
"690","Umar Santoso","umar.santoso690@example.com","088723613069","null"
"691","Sari Ramadhan","sari.ramadhan691@example.com","088358057321","null"
"692","Umar Hidayatullah","umar.hidayatullah692@example.com","089508023214","null"
"693","Dina Sutanto","dina.sutanto693@example.com","083178780987","null"
"694","Nina Lestari","nina.lestari694@example.com","088006909427","null"
"695","Niko Kusuma","niko.kusuma695@example.com","086681224543","null"
"696","Lina Halim","lina.halim696@example.com","082768221741","null"
"697","Lala Sutanto","lala.sutanto697@example.com","084461581920","null"
"698","Oka Nuraini","oka.nuraini698@example.com","080067687842","null"
"699","Hana Putra","hana.putra699@example.com","080518229121","null"
"700","Lala Putra","lala.putra700@example.com","082025485587","null"
"701","Bella Rahadi","bella.rahadi701@example.com","080254008786","null"
"702","Qori Dewantara","qori.dewantara702@example.com","081023674914","null"
"703","Dewi Santoso","dewi.santoso703@example.com","088013759694","null"
"704","Adi Halimah","adi.halimah704@example.com","082408558426","null"
"705","Vina Sukma","vina.sukma705@example.com","083294606913","null"
"706","Nina Rahman","nina.rahman706@example.com","088726831469","null"
"707","Qori Nuraini","qori.nuraini707@example.com","087136701723","null"
"708","Tari Wijaya","tari.wijaya708@example.com","084877155757","null"
"709","Dewi Lutfiah","dewi.lutfiah709@example.com","084042648406","null"
"710","Lala Wijaya","lala.wijaya710@example.com","087241377491","null"
"711","Niko Gunawan","niko.gunawan711@example.com","084797948766","null"
"712","Sari Kusuma","sari.kusuma712@example.com","082610840360","null"
"713","Dina Kurniawan","dina.kurniawan713@example.com","081942732334","null"
"714","Eka Kusuma","eka.kusuma714@example.com","085865761353","null"
"715","Sari Sari","sari.sari715@example.com","083333056175","null"
"716","Yogi Sukma","yogi.sukma716@example.com","083309717169","null"
"717","Oka Halimah","oka.halimah717@example.com","081132004958","null"
"718","Farah Rahadi","farah.rahadi718@example.com","082352667458","null"
"719","Gita Dewantara","gita.dewantara719@example.com","088898275604","null"
"720","Jihan Hidayat","jihan.hidayat720@example.com","083506941309","null"
"721","Dewi Kusuma","dewi.kusuma721@example.com","082339447540","null"
"722","Indra Halimah","indra.halimah722@example.com","085365254932","null"
"723","Adi Ramadhan","adi.ramadhan723@example.com","085690913344","null"
"724","Umar Lutfiah","umar.lutfiah724@example.com","084415108998","null"
"725","Bella Sutanto","bella.sutanto725@example.com","086353732520","null"
"726","Wira Prasetyo","wira.prasetyo726@example.com","081725999527","null"
"727","Kevin Wibowo","kevin.wibowo727@example.com","089640914279","null"
"728","Yogi Sukma","yogi.sukma728@example.com","086883166842","null"
"729","Citra Lestari","citra.lestari729@example.com","080700810168","null"
"730","Hana Kurniawan","hana.kurniawan730@example.com","081637455354","null"
"731","Sari Prasetyo","sari.prasetyo731@example.com","085242533053","null"
"732","Agus Sari","agus.sari732@example.com","085308937566","null"
"733","Yogi Dewantara","yogi.dewantara733@example.com","089540928017","null"
"734","Nina Hidayatullah","nina.hidayatullah734@example.com","088458763437","null"
"735","Nina Saputra","nina.saputra735@example.com","083746122599","null"
"736","Mira Rahadi","mira.rahadi736@example.com","081047818604","null"
"737","Maya Pratama","maya.pratama737@example.com","080576467410","null"
"738","Erwin Kusuma","erwin.kusuma738@example.com","080951454778","null"
"739","Nina Kurniawan","nina.kurniawan739@example.com","087847954671","null"
"740","Kevin Sari","kevin.sari740@example.com","089930222695","null"
"741","Rina Hidayatullah","rina.hidayatullah741@example.com","088803219858","null"
"742","Nina Fauzan","nina.fauzan742@example.com","081402479853","null"
"743","Farah Aziz","farah.aziz743@example.com","083412575987","null"
"744","Fajar Sutanto","fajar.sutanto744@example.com","086340914001","null"
"745","Qori Putra","qori.putra745@example.com","084611227688","null"
"746","Sari Hidayatullah","sari.hidayatullah746@example.com","086725489194","null"
"747","Kiki Kusuma","kiki.kusuma747@example.com","084444117321","null"
"748","Agus Pratama","agus.pratama748@example.com","089520980268","null"
"749","Jihan Sutanto","jihan.sutanto749@example.com","083540979786","null"
"750","Dewi Pangestu","dewi.pangestu750@example.com","086176383605","null"
"751","Dewi Pratama","dewi.pratama751@example.com","082418364338","null"
"752","Citra Hidayatullah","citra.hidayatullah752@example.com","082344295638","null"
"753","Hana Hidayat","hana.hidayat753@example.com","089044566044","null"
"754","Agus Aziz","agus.aziz754@example.com","083170163249","null"
"755","Dewi Sukma","dewi.sukma755@example.com","084064342782","null"
"756","Oka Santoso","oka.santoso756@example.com","081937334413","null"
"757","Indra Utama","indra.utama757@example.com","081791066829","null"
"758","Agus Rahman","agus.rahman758@example.com","080948542832","null"
"759","Hana Utama","hana.utama759@example.com","089112840957","null"
"760","Jihan Yusuf","jihan.yusuf760@example.com","088016651942","null"
"761","Umar Nuraini","umar.nuraini761@example.com","084909821979","null"
"762","Lala Wibowo","lala.wibowo762@example.com","085877528088","null"
"763","Akbar Arayan","akbar.arayan763@example.com","086162322099","null"
"764","Putu Halimah","putu.halimah764@example.com","089759710951","null"
"765","Galang Sutanto","galang.sutanto765@example.com","080382175424","null"
"766","Dina Kurniawan","dina.kurniawan766@example.com","089161172775","null"
"767","Maya Wijayanto","maya.wijayanto767@example.com","082986800832","null"
"768","Hana Hidayatullah","hana.hidayatullah768@example.com","087925165604","null"
"769","Budi Kusuma","budi.kusuma769@example.com","089193819275","null"
"770","Xena Hidayatullah","xena.hidayatullah770@example.com","088675607229","null"
"771","Adi Rahadi","adi.rahadi771@example.com","085289784642","null"
"772","Maya Ramadhan","maya.ramadhan772@example.com","086534722427","null"
"773","Joko Wijaya","joko.wijaya773@example.com","080015492206","null"
"774","Putu Ramadhan","putu.ramadhan774@example.com","081964687182","null"
"775","Citra Fauzan","citra.fauzan775@example.com","084636830401","null"
"776","Hendra Putra","hendra.putra776@example.com","087410092919","null"
"777","Iwan Yusuf","iwan.yusuf777@example.com","080625098408","null"
"778","Joko Rahadi","joko.rahadi778@example.com","083193010668","null"
"779","Maya Wijaya","maya.wijaya779@example.com","082407820459","null"
"780","Jihan Prasetyo","jihan.prasetyo780@example.com","086526612209","null"
"781","Wira Wijayanto","wira.wijayanto781@example.com","084992472446","null"
"782","Umar Hidayatullah","umar.hidayatullah782@example.com","084039781728","null"
"783","Maya Gunawan","maya.gunawan783@example.com","088772991862","null"
"784","Zahra Wibowo","zahra.wibowo784@example.com","080095539790","null"
"785","Citra Rahman","citra.rahman785@example.com","084627095562","null"
"786","Budi Halim","budi.halim786@example.com","082660592897","null"
"787","Iwan Pratama","iwan.pratama787@example.com","087538808172","null"
"788","Agus Dewantara","agus.dewantara788@example.com","083289021477","null"
"789","Zahra Putra","zahra.putra789@example.com","083804787921","null"
"790","Bella Putra","bella.putra790@example.com","089316291174","null"
"791","Putu Halimah","putu.halimah791@example.com","086653817532","null"
"792","Yogi Halim","yogi.halim792@example.com","085415927894","null"
"793","Oka Yusuf","oka.yusuf793@example.com","082209029307","null"
"794","Eka Saputra","eka.saputra794@example.com","082049889964","null"
"795","Lala Prasetyo","lala.prasetyo795@example.com","087147664881","null"
"796","Indra Fauzan","indra.fauzan796@example.com","083339323948","null"
"797","Zahra Lutfiah","zahra.lutfiah797@example.com","086195674435","null"
"798","Iwan Nuraini","iwan.nuraini798@example.com","085503035534","null"
"799","Farah Santoso","farah.santoso799@example.com","083122587646","null"
"800","Umar Saputra","umar.saputra800@example.com","080461665641","null"
"801","Joko Nuraini","joko.nuraini801@example.com","087706142671","null"
"802","Erwin Rahadi","erwin.rahadi802@example.com","088701948987","null"
"803","Sari Nuraini","sari.nuraini803@example.com","087363261223","null"
"804","Mira Lestari","mira.lestari804@example.com","089290699477","null"
"805","Umar Aziz","umar.aziz805@example.com","088062719073","null"
"806","Vina Fauzan","vina.fauzan806@example.com","088265254762","null"
"807","Dewi Fauzan","dewi.fauzan807@example.com","083910914551","null"
"808","Lina Halimah","lina.halimah808@example.com","081876599060","null"
"809","Zahra Nuraini","zahra.nuraini809@example.com","081284151024","null"
"810","Umar Sukma","umar.sukma810@example.com","089949100416","null"
"811","Fajar Aziz","fajar.aziz811@example.com","080402206502","null"
"812","Farah Sutanto","farah.sutanto812@example.com","083157733833","null"
"813","Kevin Pratama","kevin.pratama813@example.com","089763188241","null"
"814","Dewi Yusuf","dewi.yusuf814@example.com","085638888173","null"
"815","Indra Hidayatullah","indra.hidayatullah815@example.com","080796655446","null"
"816","Vina Lestari","vina.lestari816@example.com","083875255408","null"
"817","Rina Pratama","rina.pratama817@example.com","089886550048","null"
"818","Hendra Hidayatullah","hendra.hidayatullah818@example.com","088582060770","null"
"819","Hana Aziz","hana.aziz819@example.com","084329541815","null"
"820","Dewi Nuraini","dewi.nuraini820@example.com","080778003155","null"
"821","Eka Dewantara","eka.dewantara821@example.com","085655501983","null"
"822","Dewi Pangestu","dewi.pangestu822@example.com","084523048220","null"
"823","Bella Halim","bella.halim823@example.com","086790117599","null"
"824","Umar Sukma","umar.sukma824@example.com","083772337437","null"
"825","Adi Halim","adi.halim825@example.com","083409160091","null"
"826","Joko Fauzan","joko.fauzan826@example.com","087220890319","null"
"827","Niko Pangestu","niko.pangestu827@example.com","086562785588","null"
"828","Putu Pratama","putu.pratama828@example.com","089701112039","null"
"829","Oka Wibowo","oka.wibowo829@example.com","082645001651","null"
"830","Yogi Hidayat","yogi.hidayat830@example.com","086489109073","null"
"831","Kiki Halim","kiki.halim831@example.com","086527391307","null"
"832","Iwan Prasetyo","iwan.prasetyo832@example.com","088643267342","null"
"833","Oka Kurniawan","oka.kurniawan833@example.com","082175734061","null"
"834","Iwan Prasetyo","iwan.prasetyo834@example.com","086447986152","null"
"835","Budi Ramadhan","budi.ramadhan835@example.com","086248646213","null"
"836","Agus Putra","agus.putra836@example.com","085869964743","null"
"837","Iwan Prasetyo","iwan.prasetyo837@example.com","081864844544","null"
"838","Jihan Pratama","jihan.pratama838@example.com","081144750789","null"
"839","Niko Saputra","niko.saputra839@example.com","081923295131","null"
"840","Budi Ramadhan","budi.ramadhan840@example.com","080508875921","null"
"841","Fajar Saputra","fajar.saputra841@example.com","089033307542","null"
"842","Agus Pangestu","agus.pangestu842@example.com","086177851903","null"
"843","Fajar Gunawan","fajar.gunawan843@example.com","080570571964","null"
"844","Zahra Pratama","zahra.pratama844@example.com","089853001224","null"
"845","Dina Hidayat","dina.hidayat845@example.com","087383833173","null"
"846","Kevin Wibowo","kevin.wibowo846@example.com","082162337205","null"
"847","Iwan Nuraini","iwan.nuraini847@example.com","083412081095","null"
"848","Maya Saputra","maya.saputra848@example.com","085910988060","null"
"849","Umar Aziz","umar.aziz849@example.com","087077656589","null"
"850","Sari Fauzan","sari.fauzan850@example.com","082881348534","null"
"851","Fajar Pratama","fajar.pratama851@example.com","080872874737","null"
"852","Indra Gunawan","indra.gunawan852@example.com","080769053505","null"
"853","Eka Rahadi","eka.rahadi853@example.com","081611505823","null"
"854","Citra Rahadi","citra.rahadi854@example.com","088735535865","null"
"855","Zahra Wijayanto","zahra.wijayanto855@example.com","085950376058","null"
"856","Vina Sutanto","vina.sutanto856@example.com","088585409660","null"
"857","Yogi Pangestu","yogi.pangestu857@example.com","086735680412","null"
"858","Galang Hidayatullah","galang.hidayatullah858@example.com","089021110652","null"
"859","Mira Aziz","mira.aziz859@example.com","089851059910","null"
"860","Erwin Pratama","erwin.pratama860@example.com","081223196324","null"
"861","Lina Lestari","lina.lestari861@example.com","081294573908","null"
"862","Oka Fauzan","oka.fauzan862@example.com","089395470101","null"
"863","Jihan Nuraini","jihan.nuraini863@example.com","089699297695","null"
"864","Qori Hidayatullah","qori.hidayatullah864@example.com","082853693732","null"
"865","Niko Kurniawan","niko.kurniawan865@example.com","089453912748","null"
"866","Hendra Sukma","hendra.sukma866@example.com","085096670100","null"
"867","Mira Aziz","mira.aziz867@example.com","087466170178","null"
"868","Galang Saputra","galang.saputra868@example.com","089831837073","null"
"869","Nina Ramadhan","nina.ramadhan869@example.com","084561942509","null"
"870","Oka Prasetyo","oka.prasetyo870@example.com","085748669805","null"
"871","Kiki Saputra","kiki.saputra871@example.com","089582846385","null"
"872","Hendra Nuraini","hendra.nuraini872@example.com","088005749306","null"
"873","Sari Kusuma","sari.kusuma873@example.com","081959530540","null"
"874","Adi Rahman","adi.rahman874@example.com","086915979959","null"
"875","Lina Yusuf","lina.yusuf875@example.com","088342034911","null"
"876","Wira Ramadhan","wira.ramadhan876@example.com","085146568302","null"
"877","Vina Pratama","vina.pratama877@example.com","087088627626","null"
"878","Umar Wijaya","umar.wijaya878@example.com","084415625658","null"
"879","Xena Gunawan","xena.gunawan879@example.com","084720256430","null"
"880","Yogi Lutfiah","yogi.lutfiah880@example.com","089320883349","null"
"881","Hendra Santoso","hendra.santoso881@example.com","089017729883","null"
"882","Lala Ramadhan","lala.ramadhan882@example.com","087644139102","null"
"883","Lala Rahman","lala.rahman883@example.com","086055743783","null"
"884","Niko Aziz","niko.aziz884@example.com","085050617812","null"
"885","Galang Hidayatullah","galang.hidayatullah885@example.com","086804545570","null"
"886","Lina Lutfiah","lina.lutfiah886@example.com","087397418366","null"
"887","Gita Yusuf","gita.yusuf887@example.com","088184184391","null"
"888","Sari Putra","sari.putra888@example.com","086002627527","null"
"889","Rina Prasetyo","rina.prasetyo889@example.com","086354809913","null"
"890","Budi Utama","budi.utama890@example.com","082850957004","null"
"891","Citra Rahadi","citra.rahadi891@example.com","086672224786","null"
"892","Xena Gunawan","xena.gunawan892@example.com","080694710800","null"
"893","Wira Santoso","wira.santoso893@example.com","089257871805","null"
"894","Hana Halimah","hana.halimah894@example.com","084474887705","null"
"895","Maya Sutanto","maya.sutanto895@example.com","083834422967","null"
"896","Cahyo Halimah","cahyo.halimah896@example.com","084215125721","null"
"897","Zahra Sutanto","zahra.sutanto897@example.com","088504031701","null"
"898","Lina Prasetyo","lina.prasetyo898@example.com","080768430333","null"
"899","Lala Lestari","lala.lestari899@example.com","080617417286","null"
"900","Sari Saputra","sari.saputra900@example.com","082536395728","null"
"901","Bella Aziz","bella.aziz901@example.com","087705418543","null"
"902","Mira Sari","mira.sari902@example.com","082019660677","null"
"903","Lina Lutfiah","lina.lutfiah903@example.com","086383943502","null"
"904","Sari Halim","sari.halim904@example.com","089722109971","null"
"905","Erwin Santoso","erwin.santoso905@example.com","082577627689","null"
"906","Wira Lutfiah","wira.lutfiah906@example.com","082607523024","null"
"907","Budi Aziz","budi.aziz907@example.com","083286229877","null"
"908","Lina Kusuma","lina.kusuma908@example.com","088593992335","null"
"909","Galang Lestari","galang.lestari909@example.com","080089683700","null"
"910","Zahra Putra","zahra.putra910@example.com","088976806299","null"
"911","Dewi Ramadhan","dewi.ramadhan911@example.com","082443410390","null"
"912","Fajar Pangestu","fajar.pangestu912@example.com","082361161876","null"
"913","Putu Kusuma","putu.kusuma913@example.com","089740035880","null"
"914","Putu Hidayat","putu.hidayat914@example.com","084189461414","null"
"915","Hendra Kurniawan","hendra.kurniawan915@example.com","085947085697","null"
"916","Jihan Gunawan","jihan.gunawan916@example.com","082182607938","null"
"917","Farah Fauzan","farah.fauzan917@example.com","086136009076","null"
"918","Tari Putra","tari.putra918@example.com","087438529175","null"
"919","Cahyo Gunawan","cahyo.gunawan919@example.com","086862148410","null"
"920","Mira Wibowo","mira.wibowo920@example.com","082127556433","null"
"921","Lala Putra","lala.putra921@example.com","081153595461","null"
"922","Gita Sari","gita.sari922@example.com","082056199836","null"
"923","Agus Pratama","agus.pratama923@example.com","084232521584","null"
"924","Adi Kurniawan","adi.kurniawan924@example.com","089107971698","null"
"925","Umar Hidayatullah","umar.hidayatullah925@example.com","085104367981","null"
"926","Nina Sukma","nina.sukma926@example.com","080721459922","null"
"927","Iwan Wijayanto","iwan.wijayanto927@example.com","085090782678","null"
"928","Eka Putra","eka.putra928@example.com","084558882262","null"
"929","Kiki Dewantara","kiki.dewantara929@example.com","080237918716","null"
"930","Putu Dewantara","putu.dewantara930@example.com","084277117383","null"
"931","Nina Gunawan","nina.gunawan931@example.com","087496458436","null"
"932","Qori Kurniawan","qori.kurniawan932@example.com","088398840766","null"
"933","Erwin Hidayat","erwin.hidayat933@example.com","085523484517","null"
"934","Gita Pangestu","gita.pangestu934@example.com","084541285688","null"
"935","Lina Halim","lina.halim935@example.com","088922384622","null"
"936","Galang Prasetyo","galang.prasetyo936@example.com","088208828895","null"
"937","Bella Dewantara","bella.dewantara937@example.com","080063677464","null"
"938","Gita Gunawan","gita.gunawan938@example.com","087364539599","null"
"939","Farah Prasetyo","farah.prasetyo939@example.com","088134527809","null"
"940","Zahra Rahman","zahra.rahman940@example.com","087004797195","null"
"941","Fajar Santoso","fajar.santoso941@example.com","087152646582","null"
"942","Dewi Lestari","dewi.lestari942@example.com","085930855367","null"
"943","Tari Rahman","tari.rahman943@example.com","089657200696","null"
"944","Kevin Sari","kevin.sari944@example.com","080924811029","null"
"945","Tari Sutanto","tari.sutanto945@example.com","080053375735","null"
"946","Iwan Ramadhan","iwan.ramadhan946@example.com","085152811408","null"
"947","Kevin Pratama","kevin.pratama947@example.com","082984005193","null"
"948","Citra Sukma","citra.sukma948@example.com","080213711675","null"
"949","Gita Utama","gita.utama949@example.com","089386912832","null"
"950","Qori Wijayanto","qori.wijayanto950@example.com","087982079299","null"
"951","Putu Halimah","putu.halimah951@example.com","089703177853","null"
"952","Umar Rahadi","umar.rahadi952@example.com","083587917308","null"
"953","Cahyo Prasetyo","cahyo.prasetyo953@example.com","089632457108","null"
"954","Hendra Yusuf","hendra.yusuf954@example.com","085786696730","null"
"955","Citra Lutfiah","citra.lutfiah955@example.com","087919946251","null"
"956","Budi Wibowo","budi.wibowo956@example.com","084815942533","null"
"957","Agus Wijaya","agus.wijaya957@example.com","089426242141","null"
"958","Kiki Saputra","kiki.saputra958@example.com","087063398125","null"
"959","Joko Fauzan","joko.fauzan959@example.com","080189868347","null"
"960","Erwin Sari","erwin.sari960@example.com","089813097212","null"
"961","Hendra Sutanto","hendra.sutanto961@example.com","086455032144","null"
"962","Hana Santoso","hana.santoso962@example.com","081310387653","null"
"963","Zahra Wijaya","zahra.wijaya963@example.com","084208540429","null"
"964","Zahra Rahadi","zahra.rahadi964@example.com","089907985743","null"
"965","Oka Hidayat","oka.hidayat965@example.com","086266271904","null"
"966","Yogi Hidayatullah","yogi.hidayatullah966@example.com","088025008125","null"
"967","Citra Kurniawan","citra.kurniawan967@example.com","081848407676","null"
"968","Nina Kusuma","nina.kusuma968@example.com","084938858135","null"
"969","Xena Lutfiah","xena.lutfiah969@example.com","086031863417","null"
"970","Kevin Pangestu","kevin.pangestu970@example.com","085022943249","null"
"971","Hana Yusuf","hana.yusuf971@example.com","082532956319","null"
"972","Jihan Sari","jihan.sari972@example.com","086836681472","null"
"973","Dewi Nuraini","dewi.nuraini973@example.com","081385628824","null"
"974","Jihan Wijaya","jihan.wijaya974@example.com","087144572027","null"
"975","Galang Dewantara","galang.dewantara975@example.com","081831022853","null"
"976","Dewi Kurniawan","dewi.kurniawan976@example.com","081908427017","null"
"977","Mira Nuraini","mira.nuraini977@example.com","086748821870","null"
"978","Wira Kurniawan","wira.kurniawan978@example.com","084301113304","null"
"979","Yogi Wijaya","yogi.wijaya979@example.com","083013583028","null"
"980","Xena Aziz","xena.aziz980@example.com","083280346466","null"
"981","Eka Rahadi","eka.rahadi981@example.com","083981337718","null"
"982","Vina Wijayanto","vina.wijayanto982@example.com","087306295892","null"
"983","Xena Lestari","xena.lestari983@example.com","085484872205","null"
"984","Hana Rahadi","hana.rahadi984@example.com","081914915514","null"
"985","Hana Halimah","hana.halimah985@example.com","080295577502","null"
"986","Joko Kusuma","joko.kusuma986@example.com","083648018348","null"
"987","Eka Aziz","eka.aziz987@example.com","080335296035","null"
"988","Agus Pratama","agus.pratama988@example.com","083657078795","null"
"989","Zahra Kusuma","zahra.kusuma989@example.com","085326200207","null"
"990","Budi Utama","budi.utama990@example.com","081670751159","null"
"991","Putu Pangestu","putu.pangestu991@example.com","080714232833","null"
"992","Dina Lestari","dina.lestari992@example.com","089623706928","null"
"993","Rina Aziz","rina.aziz993@example.com","081442313306","null"
"994","Budi Halimah","budi.halimah994@example.com","083054524695","null"
"995","Iwan Halim","iwan.halim995@example.com","081656734446","null"
"996","Dewi Wijayanto","dewi.wijayanto996@example.com","088393786788","null"
"997","Dewi Lestari","dewi.lestari997@example.com","083801213353","null"
"998","Budi Gunawan","budi.gunawan998@example.com","084164691030","null"
"999","Putu Yusuf","putu.yusuf999@example.com","087228709499","null"
"1000","Hendra Sari","hendra.sari1000@example.com","087528862009","null"